404	158	167786166		https://sources.buildroot.net/LLVM-10.0.0-win64.exe
404	158	163221740		https://sources.buildroot.net/LLVM-11.0.0-win32.exe
404	158	180786207		https://sources.buildroot.net/LLVM-11.0.0-win64.exe
404	158	163279901		https://sources.buildroot.net/LLVM-11.0.1-win32.exe
404	158	180803493		https://sources.buildroot.net/LLVM-11.0.1-win64.exe
404	158	164098374		https://sources.buildroot.net/LLVM-11.1.0-win32.exe
404	158	181375405		https://sources.buildroot.net/LLVM-11.1.0-win64.exe
404	158	171209951		https://sources.buildroot.net/LLVM-12.0.0-win32.exe
404	158	191037739		https://sources.buildroot.net/LLVM-12.0.0-win64.exe
404	158	169230610		https://sources.buildroot.net/LLVM-12.0.0-woa64.exe
404	158	171237066		https://sources.buildroot.net/LLVM-12.0.1-win32.exe
404	158	190997504		https://sources.buildroot.net/LLVM-12.0.1-win64.exe
404	158	217071058		https://sources.buildroot.net/LLVM-13.0.0-win32.exe
404	158	239457520		https://sources.buildroot.net/LLVM-13.0.0-win64.exe
404	158	217075034		https://sources.buildroot.net/LLVM-13.0.1-win32.exe
404	158	239478810		https://sources.buildroot.net/LLVM-13.0.1-win64.exe
404	158	270576824		https://sources.buildroot.net/LLVM-14.0.0-win32.exe
404	158	276056279		https://sources.buildroot.net/LLVM-14.0.0-win64.exe
404	158	270579719		https://sources.buildroot.net/LLVM-14.0.1-win32.exe
404	158	276096067		https://sources.buildroot.net/LLVM-14.0.1-win64.exe
404	158	270591291		https://sources.buildroot.net/LLVM-14.0.2-win32.exe
404	158	276101831		https://sources.buildroot.net/LLVM-14.0.2-win64.exe
404	158	270556664		https://sources.buildroot.net/LLVM-14.0.3-win32.exe
404	158	276073368		https://sources.buildroot.net/LLVM-14.0.3-win64.exe
404	158	270643845		https://sources.buildroot.net/LLVM-14.0.4-win32.exe
404	158	276107494		https://sources.buildroot.net/LLVM-14.0.4-win64.exe
404	158	270632165		https://sources.buildroot.net/LLVM-14.0.5-win32.exe
404	158	276150152		https://sources.buildroot.net/LLVM-14.0.5-win64.exe
404	158	270653942		https://sources.buildroot.net/LLVM-14.0.6-win32.exe
404	158	276124398		https://sources.buildroot.net/LLVM-14.0.6-win64.exe
404	158	285387800		https://sources.buildroot.net/LLVM-15.0.0-win32.exe
404	158	290916050		https://sources.buildroot.net/LLVM-15.0.0-win64.exe
404	158	348977975		https://sources.buildroot.net/LLVM-15.0.0-woa64.exe
404	158	285425323		https://sources.buildroot.net/LLVM-15.0.1-win32.exe
404	158	290895767		https://sources.buildroot.net/LLVM-15.0.1-win64.exe
404	158	348793694		https://sources.buildroot.net/LLVM-15.0.1-woa64.exe
404	158	285401689		https://sources.buildroot.net/LLVM-15.0.2-win32.exe
404	158	290927297		https://sources.buildroot.net/LLVM-15.0.2-win64.exe
404	158	348810425		https://sources.buildroot.net/LLVM-15.0.2-woa64.exe
404	158	285369320		https://sources.buildroot.net/LLVM-15.0.3-win32.exe
404	158	290935586		https://sources.buildroot.net/LLVM-15.0.3-win64.exe
404	158	348819146		https://sources.buildroot.net/LLVM-15.0.3-woa64.exe
404	158	285355633		https://sources.buildroot.net/LLVM-15.0.4-win32.exe
404	158	290894566		https://sources.buildroot.net/LLVM-15.0.4-win64.exe
404	158	285359096		https://sources.buildroot.net/LLVM-15.0.5-win32.exe
404	158	290876085		https://sources.buildroot.net/LLVM-15.0.5-win64.exe
404	158	285367567		https://sources.buildroot.net/LLVM-15.0.6-win32.exe
404	158	290951930		https://sources.buildroot.net/LLVM-15.0.6-win64.exe
404	158	348707439		https://sources.buildroot.net/LLVM-15.0.6-woa64.exe
404	158	285340840		https://sources.buildroot.net/LLVM-15.0.7-win32.exe
404	158	290857976		https://sources.buildroot.net/LLVM-15.0.7-win64.exe
404	158	303960771		https://sources.buildroot.net/LLVM-16.0.0-win32.exe
404	158	307633471		https://sources.buildroot.net/LLVM-16.0.0-win64.exe
404	158	290547004		https://sources.buildroot.net/LLVM-16.0.0-woa64.exe
404	158	304034791		https://sources.buildroot.net/LLVM-16.0.1-win32.exe
404	158	307670049		https://sources.buildroot.net/LLVM-16.0.1-win64.exe
404	158	290610032		https://sources.buildroot.net/LLVM-16.0.1-woa64.exe
404	158	304043442		https://sources.buildroot.net/LLVM-16.0.2-win32.exe
404	158	307611655		https://sources.buildroot.net/LLVM-16.0.2-win64.exe
404	158	290615974		https://sources.buildroot.net/LLVM-16.0.2-woa64.exe
404	158	304054489		https://sources.buildroot.net/LLVM-16.0.3-win32.exe
404	158	307640623		https://sources.buildroot.net/LLVM-16.0.3-win64.exe
404	158	290615550		https://sources.buildroot.net/LLVM-16.0.3-woa64.exe
404	158	304071661		https://sources.buildroot.net/LLVM-16.0.4-win32.exe
404	158	307633462		https://sources.buildroot.net/LLVM-16.0.4-win64.exe
404	158	290631214		https://sources.buildroot.net/LLVM-16.0.4-woa64.exe
404	158	304030098		https://sources.buildroot.net/LLVM-16.0.5-win32.exe
404	158	307687810		https://sources.buildroot.net/LLVM-16.0.5-win64.exe
404	158	290598883		https://sources.buildroot.net/LLVM-16.0.5-woa64.exe
404	158	304032865		https://sources.buildroot.net/LLVM-16.0.6-win32.exe
404	158	307648319		https://sources.buildroot.net/LLVM-16.0.6-win64.exe
404	158	290576091		https://sources.buildroot.net/LLVM-16.0.6-woa64.exe
404	158	327080037		https://sources.buildroot.net/LLVM-17.0.1-win32.exe
404	158	330956068		https://sources.buildroot.net/LLVM-17.0.1-win64.exe
404	158	314530872		https://sources.buildroot.net/LLVM-17.0.1-woa64.exe
404	158	327042494		https://sources.buildroot.net/LLVM-17.0.2-win32.exe
404	158	331033552		https://sources.buildroot.net/LLVM-17.0.2-win64.exe
404	158	314531762		https://sources.buildroot.net/LLVM-17.0.2-woa64.exe
404	158	327063518		https://sources.buildroot.net/LLVM-17.0.3-win32.exe
404	158	331013698		https://sources.buildroot.net/LLVM-17.0.3-win64.exe
404	158	314495196		https://sources.buildroot.net/LLVM-17.0.3-woa64.exe
404	158	327042015		https://sources.buildroot.net/LLVM-17.0.4-win32.exe
404	158	331041635		https://sources.buildroot.net/LLVM-17.0.4-win64.exe
404	158	314544774		https://sources.buildroot.net/LLVM-17.0.4-woa64.exe
404	158	327046452		https://sources.buildroot.net/LLVM-17.0.5-win32.exe
404	158	349065336		https://sources.buildroot.net/LLVM-17.0.5-win64.exe
404	158	314567570		https://sources.buildroot.net/LLVM-17.0.5-woa64.exe
404	158	327115082		https://sources.buildroot.net/LLVM-17.0.6-win32.exe
404	158	349078329		https://sources.buildroot.net/LLVM-17.0.6-win64.exe
404	158	314615395		https://sources.buildroot.net/LLVM-17.0.6-woa64.exe
404	158	348225988		https://sources.buildroot.net/LLVM-18.1.0-win32.exe
404	158	374195650		https://sources.buildroot.net/LLVM-18.1.0-win64.exe
404	158	345185402		https://sources.buildroot.net/LLVM-18.1.0-woa64.exe
404	158	348234871		https://sources.buildroot.net/LLVM-18.1.1-win32.exe
404	158	374257130		https://sources.buildroot.net/LLVM-18.1.1-win64.exe
404	158	345147876		https://sources.buildroot.net/LLVM-18.1.1-woa64.exe
404	158	348198118		https://sources.buildroot.net/LLVM-18.1.2-win32.exe
404	158	374283655		https://sources.buildroot.net/LLVM-18.1.2-win64.exe
404	158	345141094		https://sources.buildroot.net/LLVM-18.1.2-woa64.exe
404	158	348249487		https://sources.buildroot.net/LLVM-18.1.3-win32.exe
404	158	374297571		https://sources.buildroot.net/LLVM-18.1.3-win64.exe
404	158	345181560		https://sources.buildroot.net/LLVM-18.1.3-woa64.exe
404	158	348294933		https://sources.buildroot.net/LLVM-18.1.4-win32.exe
404	158	374288391		https://sources.buildroot.net/LLVM-18.1.4-win64.exe
404	158	345160422		https://sources.buildroot.net/LLVM-18.1.4-woa64.exe
404	158	348387669		https://sources.buildroot.net/LLVM-18.1.5-win32.exe
404	158	374416573		https://sources.buildroot.net/LLVM-18.1.5-win64.exe
404	158	345203703		https://sources.buildroot.net/LLVM-18.1.5-woa64.exe
404	158	348439710		https://sources.buildroot.net/LLVM-18.1.6-win32.exe
404	158	374313064		https://sources.buildroot.net/LLVM-18.1.6-win64.exe
404	158	345217833		https://sources.buildroot.net/LLVM-18.1.6-woa64.exe
404	158	348393022		https://sources.buildroot.net/LLVM-18.1.7-win32.exe
404	158	374322003		https://sources.buildroot.net/LLVM-18.1.7-win64.exe
404	158	345200676		https://sources.buildroot.net/LLVM-18.1.7-woa64.exe
404	158	348379223		https://sources.buildroot.net/LLVM-18.1.8-win32.exe
404	158	374335885		https://sources.buildroot.net/LLVM-18.1.8-win64.exe
404	158	345225147		https://sources.buildroot.net/LLVM-18.1.8-woa64.exe
404	158	1655916952		https://sources.buildroot.net/LLVM-19.1.0-Linux-X64.tar.xz
404	158	1341430788		https://sources.buildroot.net/LLVM-19.1.0-Windows-X64.tar.xz
404	158	1404623256		https://sources.buildroot.net/LLVM-19.1.0-macOS-ARM64.tar.xz
404	158	1562810696		https://sources.buildroot.net/LLVM-19.1.0-macOS-X64.tar.xz
404	158	326453938		https://sources.buildroot.net/LLVM-19.1.0-win32.exe
404	158	351851042		https://sources.buildroot.net/LLVM-19.1.0-win64.exe
404	158	421403019		https://sources.buildroot.net/LLVM-19.1.0-woa64.exe
404	158	1654520636		https://sources.buildroot.net/LLVM-19.1.1-Linux-X64.tar.xz
404	158	1415409564		https://sources.buildroot.net/LLVM-19.1.1-Windows-X64.tar.xz
404	158	1404614392		https://sources.buildroot.net/LLVM-19.1.1-macOS-ARM64.tar.xz
404	158	326447383		https://sources.buildroot.net/LLVM-19.1.1-win32.exe
404	158	351794030		https://sources.buildroot.net/LLVM-19.1.1-win64.exe
404	158	525582041		https://sources.buildroot.net/LLVM-19.1.1-woa64.exe
404	158	1656358964		https://sources.buildroot.net/LLVM-19.1.2-Linux-X64.tar.xz
404	158	1415335880		https://sources.buildroot.net/LLVM-19.1.2-Windows-X64.tar.xz
404	158	1413364968		https://sources.buildroot.net/LLVM-19.1.2-macOS-ARM64.tar.xz
404	158	326455381		https://sources.buildroot.net/LLVM-19.1.2-win32.exe
404	158	351787924		https://sources.buildroot.net/LLVM-19.1.2-win64.exe
404	158	421417985		https://sources.buildroot.net/LLVM-19.1.2-woa64.exe
404	158	1654611468		https://sources.buildroot.net/LLVM-19.1.3-Linux-X64.tar.xz
404	158	1415463760		https://sources.buildroot.net/LLVM-19.1.3-Windows-X64.tar.xz
404	158	1413648828		https://sources.buildroot.net/LLVM-19.1.3-macOS-ARM64.tar.xz
404	158	1575929084		https://sources.buildroot.net/LLVM-19.1.3-macOS-X64.tar.xz
404	158	326499885		https://sources.buildroot.net/LLVM-19.1.3-win32.exe
404	158	352150716		https://sources.buildroot.net/LLVM-19.1.3-win64.exe
404	158	323132851		https://sources.buildroot.net/LLVM-19.1.3-woa64.exe
404	158	1653142568		https://sources.buildroot.net/LLVM-19.1.4-Linux-X64.tar.xz
404	158	1413834032		https://sources.buildroot.net/LLVM-19.1.4-macOS-ARM64.tar.xz
404	158	1576567004		https://sources.buildroot.net/LLVM-19.1.4-macOS-X64.tar.xz
404	158	326501356		https://sources.buildroot.net/LLVM-19.1.4-win32.exe
404	158	352115979		https://sources.buildroot.net/LLVM-19.1.4-win64.exe
404	158	323085917		https://sources.buildroot.net/LLVM-19.1.4-woa64.exe
404	158	1652713376		https://sources.buildroot.net/LLVM-19.1.5-Linux-X64.tar.xz
404	158	1576277680		https://sources.buildroot.net/LLVM-19.1.5-macOS-X64.tar.xz
404	158	326504401		https://sources.buildroot.net/LLVM-19.1.5-win32.exe
404	158	352110889		https://sources.buildroot.net/LLVM-19.1.5-win64.exe
404	158	323113046		https://sources.buildroot.net/LLVM-19.1.5-woa64.exe
404	158	1653648588		https://sources.buildroot.net/LLVM-19.1.6-Linux-X64.tar.xz
404	158	1413505576		https://sources.buildroot.net/LLVM-19.1.6-macOS-ARM64.tar.xz
404	158	1574153276		https://sources.buildroot.net/LLVM-19.1.6-macOS-X64.tar.xz
404	158	326503832		https://sources.buildroot.net/LLVM-19.1.6-win32.exe
404	158	352072597		https://sources.buildroot.net/LLVM-19.1.6-win64.exe
404	158	323091951		https://sources.buildroot.net/LLVM-19.1.6-woa64.exe
404	158	1653440720		https://sources.buildroot.net/LLVM-19.1.7-Linux-X64.tar.xz
404	158	1413914424		https://sources.buildroot.net/LLVM-19.1.7-macOS-ARM64.tar.xz
404	158	1574721180		https://sources.buildroot.net/LLVM-19.1.7-macOS-X64.tar.xz
404	158	326486668		https://sources.buildroot.net/LLVM-19.1.7-win32.exe
404	158	352071563		https://sources.buildroot.net/LLVM-19.1.7-win64.exe
404	158	323088311		https://sources.buildroot.net/LLVM-19.1.7-woa64.exe
404	158	1862002784		https://sources.buildroot.net/LLVM-20.1.0-Linux-ARM64.tar.xz
404	158	2020952612		https://sources.buildroot.net/LLVM-20.1.0-Linux-X64.tar.xz
404	158	1449999292		https://sources.buildroot.net/LLVM-20.1.0-macOS-ARM64.tar.xz
404	158	354710819		https://sources.buildroot.net/LLVM-20.1.0-win32.exe
404	158	385618196		https://sources.buildroot.net/LLVM-20.1.0-win64.exe
404	158	332542546		https://sources.buildroot.net/LLVM-20.1.0-woa64.exe
404	158	1861931688		https://sources.buildroot.net/LLVM-20.1.1-Linux-ARM64.tar.xz
404	158	2021187508		https://sources.buildroot.net/LLVM-20.1.1-Linux-X64.tar.xz
404	158	1450003112		https://sources.buildroot.net/LLVM-20.1.1-macOS-ARM64.tar.xz
404	158	354792554		https://sources.buildroot.net/LLVM-20.1.1-win32.exe
404	158	385622390		https://sources.buildroot.net/LLVM-20.1.1-win64.exe
404	158	333666072		https://sources.buildroot.net/LLVM-20.1.1-woa64.exe
404	158	1861582368		https://sources.buildroot.net/LLVM-20.1.2-Linux-ARM64.tar.xz
404	158	2021628328		https://sources.buildroot.net/LLVM-20.1.2-Linux-X64.tar.xz
404	158	1449938768		https://sources.buildroot.net/LLVM-20.1.2-macOS-ARM64.tar.xz
404	158	354858777		https://sources.buildroot.net/LLVM-20.1.2-win32.exe
404	158	385642029		https://sources.buildroot.net/LLVM-20.1.2-win64.exe
404	158	333695762		https://sources.buildroot.net/LLVM-20.1.2-woa64.exe
404	158	1861749572		https://sources.buildroot.net/LLVM-20.1.3-Linux-ARM64.tar.xz
404	158	2021228276		https://sources.buildroot.net/LLVM-20.1.3-Linux-X64.tar.xz
404	158	1449971968		https://sources.buildroot.net/LLVM-20.1.3-macOS-ARM64.tar.xz
404	158	1464431244		https://sources.buildroot.net/LLVM-20.1.3-macOS-X64.tar.xz
404	158	354721011		https://sources.buildroot.net/LLVM-20.1.3-win32.exe
404	158	385634577		https://sources.buildroot.net/LLVM-20.1.3-win64.exe
404	158	333696841		https://sources.buildroot.net/LLVM-20.1.3-woa64.exe
404	158	1861555784		https://sources.buildroot.net/LLVM-20.1.4-Linux-ARM64.tar.xz
404	158	2021200560		https://sources.buildroot.net/LLVM-20.1.4-Linux-X64.tar.xz
404	158	1450111696		https://sources.buildroot.net/LLVM-20.1.4-macOS-ARM64.tar.xz
404	158	354714990		https://sources.buildroot.net/LLVM-20.1.4-win32.exe
404	158	385677493		https://sources.buildroot.net/LLVM-20.1.4-win64.exe
404	158	333697150		https://sources.buildroot.net/LLVM-20.1.4-woa64.exe
404	158	1860257316		https://sources.buildroot.net/LLVM-20.1.5-Linux-ARM64.tar.xz
404	158	2020033120		https://sources.buildroot.net/LLVM-20.1.5-Linux-X64.tar.xz
404	158	354744853		https://sources.buildroot.net/LLVM-20.1.5-win32.exe
404	158	385658664		https://sources.buildroot.net/LLVM-20.1.5-win64.exe
404	158	333743655		https://sources.buildroot.net/LLVM-20.1.5-woa64.exe
404	158	2022436412		https://sources.buildroot.net/LLVM-20.1.6-Linux-X64.tar.xz
404	158	354737249		https://sources.buildroot.net/LLVM-20.1.6-win32.exe
404	158	385642909		https://sources.buildroot.net/LLVM-20.1.6-win64.exe
404	158	333753307		https://sources.buildroot.net/LLVM-20.1.6-woa64.exe
404	158	1859713060		https://sources.buildroot.net/LLVM-20.1.7-Linux-ARM64.tar.xz
404	158	2022020036		https://sources.buildroot.net/LLVM-20.1.7-Linux-X64.tar.xz
404	158	1449924896		https://sources.buildroot.net/LLVM-20.1.7-macOS-ARM64.tar.xz
404	158	1464445324		https://sources.buildroot.net/LLVM-20.1.7-macOS-X64.tar.xz
404	158	354720113		https://sources.buildroot.net/LLVM-20.1.7-win32.exe
404	158	385716644		https://sources.buildroot.net/LLVM-20.1.7-win64.exe
404	158	333717796		https://sources.buildroot.net/LLVM-20.1.7-woa64.exe
404	158	1859437192		https://sources.buildroot.net/LLVM-20.1.8-Linux-ARM64.tar.xz
404	158	2021269412		https://sources.buildroot.net/LLVM-20.1.8-Linux-X64.tar.xz
404	158	1450038240		https://sources.buildroot.net/LLVM-20.1.8-macOS-ARM64.tar.xz
404	158	354718350		https://sources.buildroot.net/LLVM-20.1.8-win32.exe
404	158	385658654		https://sources.buildroot.net/LLVM-20.1.8-win64.exe
404	158	333744580		https://sources.buildroot.net/LLVM-20.1.8-woa64.exe
404	158	1858046304		https://sources.buildroot.net/LLVM-21.1.0-Linux-ARM64.tar.xz
404	158	1998592920		https://sources.buildroot.net/LLVM-21.1.0-Linux-X64.tar.xz
404	158	349731088		https://sources.buildroot.net/LLVM-21.1.0-win32.exe
404	158	374313757		https://sources.buildroot.net/LLVM-21.1.0-win64.exe
404	158	372255461		https://sources.buildroot.net/LLVM-21.1.0-woa64.exe
404	158	1856625220		https://sources.buildroot.net/LLVM-21.1.1-Linux-ARM64.tar.xz
404	158	2000559996		https://sources.buildroot.net/LLVM-21.1.1-Linux-X64.tar.xz
404	158	349735746		https://sources.buildroot.net/LLVM-21.1.1-win32.exe
404	158	374399611		https://sources.buildroot.net/LLVM-21.1.1-win64.exe
404	158	371557072		https://sources.buildroot.net/LLVM-21.1.1-woa64.exe
404	158	1856011124		https://sources.buildroot.net/LLVM-21.1.2-Linux-ARM64.tar.xz
404	158	1998692144		https://sources.buildroot.net/LLVM-21.1.2-Linux-X64.tar.xz
404	158	349561720		https://sources.buildroot.net/LLVM-21.1.2-win32.exe
404	158	374138528		https://sources.buildroot.net/LLVM-21.1.2-win64.exe
404	158	371402171		https://sources.buildroot.net/LLVM-21.1.2-woa64.exe
404	158	1857366532		https://sources.buildroot.net/LLVM-21.1.3-Linux-ARM64.tar.xz
404	158	1998512496		https://sources.buildroot.net/LLVM-21.1.3-Linux-X64.tar.xz
404	158	349560762		https://sources.buildroot.net/LLVM-21.1.3-win32.exe
404	158	374101891		https://sources.buildroot.net/LLVM-21.1.3-win64.exe
404	158	371385186		https://sources.buildroot.net/LLVM-21.1.3-woa64.exe
404	158	1857167760		https://sources.buildroot.net/LLVM-21.1.4-Linux-ARM64.tar.xz
404	158	1999459464		https://sources.buildroot.net/LLVM-21.1.4-Linux-X64.tar.xz
404	158	349556577		https://sources.buildroot.net/LLVM-21.1.4-win32.exe
404	158	374126146		https://sources.buildroot.net/LLVM-21.1.4-win64.exe
404	158	371425454		https://sources.buildroot.net/LLVM-21.1.4-woa64.exe
404	158	1857479224		https://sources.buildroot.net/LLVM-21.1.5-Linux-ARM64.tar.xz
404	158	1998745156		https://sources.buildroot.net/LLVM-21.1.5-Linux-X64.tar.xz
404	158	349580720		https://sources.buildroot.net/LLVM-21.1.5-win32.exe
404	158	374097337		https://sources.buildroot.net/LLVM-21.1.5-win64.exe
404	158	371397196		https://sources.buildroot.net/LLVM-21.1.5-woa64.exe
404	158	1873654724		https://sources.buildroot.net/LLVM-21.1.6-Linux-ARM64.tar.xz
404	158	2019275936		https://sources.buildroot.net/LLVM-21.1.6-Linux-X64.tar.xz
404	158	1503083780		https://sources.buildroot.net/LLVM-21.1.6-macOS-ARM64.tar.xz
404	158	349588264		https://sources.buildroot.net/LLVM-21.1.6-win32.exe
404	158	374122213		https://sources.buildroot.net/LLVM-21.1.6-win64.exe
404	158	371408723		https://sources.buildroot.net/LLVM-21.1.6-woa64.exe
404	158	1873933548		https://sources.buildroot.net/LLVM-21.1.7-Linux-ARM64.tar.xz
404	158	2019078704		https://sources.buildroot.net/LLVM-21.1.7-Linux-X64.tar.xz
404	158	349571057		https://sources.buildroot.net/LLVM-21.1.7-win32.exe
404	158	374149300		https://sources.buildroot.net/LLVM-21.1.7-win64.exe
404	158	371635958		https://sources.buildroot.net/LLVM-21.1.7-woa64.exe
404	158	1873847788		https://sources.buildroot.net/LLVM-21.1.8-Linux-ARM64.tar.xz
404	158	2019005384		https://sources.buildroot.net/LLVM-21.1.8-Linux-X64.tar.xz
404	158	1503047352		https://sources.buildroot.net/LLVM-21.1.8-macOS-ARM64.tar.xz
404	158	349589289		https://sources.buildroot.net/LLVM-21.1.8-win32.exe
404	158	374129373		https://sources.buildroot.net/LLVM-21.1.8-win64.exe
404	158	1770379352		https://sources.buildroot.net/LLVM-22.1.0-Linux-ARM64.tar.xz
404	158	1940274536		https://sources.buildroot.net/LLVM-22.1.0-Linux-X64.tar.xz
404	158	1479868048		https://sources.buildroot.net/LLVM-22.1.0-macOS-ARM64.tar.xz
404	158	455400404		https://sources.buildroot.net/LLVM-22.1.0-win64.exe
404	158	389055345		https://sources.buildroot.net/LLVM-22.1.0-woa64.exe
404	158	1770397820		https://sources.buildroot.net/LLVM-22.1.1-Linux-ARM64.tar.xz
404	158	1939554732		https://sources.buildroot.net/LLVM-22.1.1-Linux-X64.tar.xz
404	158	1479439200		https://sources.buildroot.net/LLVM-22.1.1-macOS-ARM64.tar.xz
404	158	455541574		https://sources.buildroot.net/LLVM-22.1.1-win64.exe
404	158	389101034		https://sources.buildroot.net/LLVM-22.1.1-woa64.exe
404	158	1770442424		https://sources.buildroot.net/LLVM-22.1.2-Linux-ARM64.tar.xz
404	158	1939541864		https://sources.buildroot.net/LLVM-22.1.2-Linux-X64.tar.xz
404	158	1479868856		https://sources.buildroot.net/LLVM-22.1.2-macOS-ARM64.tar.xz
404	158	455386487		https://sources.buildroot.net/LLVM-22.1.2-win64.exe
404	158	389106972		https://sources.buildroot.net/LLVM-22.1.2-woa64.exe
404	158	1770103808		https://sources.buildroot.net/LLVM-22.1.3-Linux-ARM64.tar.xz
404	158	1939973900		https://sources.buildroot.net/LLVM-22.1.3-Linux-X64.tar.xz
404	158	1479770052		https://sources.buildroot.net/LLVM-22.1.3-macOS-ARM64.tar.xz
404	158	455493480		https://sources.buildroot.net/LLVM-22.1.3-win64.exe
404	158	389075425		https://sources.buildroot.net/LLVM-22.1.3-woa64.exe
404	158	1770201968		https://sources.buildroot.net/LLVM-22.1.4-Linux-ARM64.tar.xz
404	158	1940320696		https://sources.buildroot.net/LLVM-22.1.4-Linux-X64.tar.xz
404	158	1479591048		https://sources.buildroot.net/LLVM-22.1.4-macOS-ARM64.tar.xz
404	158	455355618		https://sources.buildroot.net/LLVM-22.1.4-win64.exe
404	158	389104248		https://sources.buildroot.net/LLVM-22.1.4-woa64.exe
404	158	1771090080		https://sources.buildroot.net/LLVM-22.1.5-Linux-ARM64.tar.xz
404	158	1936859520		https://sources.buildroot.net/LLVM-22.1.5-Linux-X64.tar.xz
404	158	1479806544		https://sources.buildroot.net/LLVM-22.1.5-macOS-ARM64.tar.xz
404	158	455552735		https://sources.buildroot.net/LLVM-22.1.5-win64.exe
404	158	389140494		https://sources.buildroot.net/LLVM-22.1.5-woa64.exe
404	158	1770949840		https://sources.buildroot.net/LLVM-22.1.6-Linux-ARM64.tar.xz
404	158	1937446204		https://sources.buildroot.net/LLVM-22.1.6-Linux-X64.tar.xz
404	158	1480006836		https://sources.buildroot.net/LLVM-22.1.6-macOS-ARM64.tar.xz
404	158	455383001		https://sources.buildroot.net/LLVM-22.1.6-win64.exe
404	158	389180067		https://sources.buildroot.net/LLVM-22.1.6-woa64.exe
404	158	1770309908		https://sources.buildroot.net/LLVM-22.1.7-Linux-ARM64.tar.xz
404	158	1938496864		https://sources.buildroot.net/LLVM-22.1.7-Linux-X64.tar.xz
404	158	1479825388		https://sources.buildroot.net/LLVM-22.1.7-macOS-ARM64.tar.xz
404	158	455582838		https://sources.buildroot.net/LLVM-22.1.7-win64.exe
404	158	389160868		https://sources.buildroot.net/LLVM-22.1.7-woa64.exe
404	158	1771004928		https://sources.buildroot.net/LLVM-22.1.8-Linux-ARM64.tar.xz
404	158	1938859476		https://sources.buildroot.net/LLVM-22.1.8-Linux-X64.tar.xz
404	158	1479903744		https://sources.buildroot.net/LLVM-22.1.8-macOS-ARM64.tar.xz
404	158	455545840		https://sources.buildroot.net/LLVM-22.1.8-win64.exe
404	158	389159445		https://sources.buildroot.net/LLVM-22.1.8-woa64.exe
404	158	1828948604		https://sources.buildroot.net/LLVM-23.1.0-Linux-ARM64.tar.xz
404	158	2014511320		https://sources.buildroot.net/LLVM-23.1.0-Linux-X64.tar.xz
404	158	390480336		https://sources.buildroot.net/clang%2Bllvm-10.0.0-aarch64-linux-gnu.tar.xz
404	158	419035120		https://sources.buildroot.net/clang%2Bllvm-10.0.0-armv7a-linux-gnueabihf.tar.xz
404	158	443538244		https://sources.buildroot.net/clang%2Bllvm-10.0.0-powerpc64le-linux-rhel-7.4.tar.xz
404	158	442413316		https://sources.buildroot.net/clang%2Bllvm-10.0.0-powerpc64le-linux-ubuntu-16.04.tar.xz
404	158	444821008		https://sources.buildroot.net/clang%2Bllvm-10.0.0-x86_64-apple-darwin.tar.xz
404	158	433701532		https://sources.buildroot.net/clang%2Bllvm-10.0.0-x86_64-linux-gnu-ubuntu-18.04.tar.xz
404	158	453189004		https://sources.buildroot.net/clang%2Bllvm-10.0.0-x86_64-linux-sles11.3.tar.xz
404	158	390878232		https://sources.buildroot.net/clang%2Bllvm-10.0.1-aarch64-linux-gnu.tar.xz
404	158	420166488		https://sources.buildroot.net/clang%2Bllvm-10.0.1-armv7a-linux-gnueabihf.tar.xz
404	158	444040284		https://sources.buildroot.net/clang%2Bllvm-10.0.1-powerpc64le-linux-rhel-7.4.tar.xz
404	158	380908816		https://sources.buildroot.net/clang%2Bllvm-10.0.1-x86_64-linux-gnu-ubuntu-16.04.tar.xz
404	158	291431288		https://sources.buildroot.net/clang%2Bllvm-10.0.1-x86_64-linux-sles12.4.tar.xz
404	158	335725308		https://sources.buildroot.net/clang%2Bllvm-11.0.0-aarch64-linux-gnu.tar.xz
404	158	321810360		https://sources.buildroot.net/clang%2Bllvm-11.0.0-armv7a-linux-gnueabihf.tar.xz
404	158	331870612		https://sources.buildroot.net/clang%2Bllvm-11.0.0-powerpc64le-linux-rhel-7.4.tar.xz
404	158	385514328		https://sources.buildroot.net/clang%2Bllvm-11.0.0-powerpc64le-linux-ubuntu-16.04.tar.xz
404	158	387917860		https://sources.buildroot.net/clang%2Bllvm-11.0.0-x86_64-linux-gnu-ubuntu-20.04.tar.xz
404	158	335674264		https://sources.buildroot.net/clang%2Bllvm-11.0.0-x86_64-linux-sles12.4.tar.xz
404	158	331696616		https://sources.buildroot.net/clang%2Bllvm-11.0.1-aarch64-linux-gnu.tar.xz
404	158	321793496		https://sources.buildroot.net/clang%2Bllvm-11.0.1-armv7a-linux-gnueabihf.tar.xz
404	158	318769032		https://sources.buildroot.net/clang%2Bllvm-11.0.1-powerpc64le-linux-rhel-7.4.tar.xz
404	158	316673324		https://sources.buildroot.net/clang%2Bllvm-11.0.1-powerpc64le-linux-ubuntu-18.04.tar.xz
404	158	418790120		https://sources.buildroot.net/clang%2Bllvm-11.0.1-x86_64-linux-gnu-ubuntu-16.04.tar.xz
404	158	383253860		https://sources.buildroot.net/clang%2Bllvm-11.0.1-x86_64-linux-gnu-ubuntu-20.10.tar.xz
404	158	335692656		https://sources.buildroot.net/clang%2Bllvm-11.0.1-x86_64-linux-sles12.4.tar.xz
404	158	321820460		https://sources.buildroot.net/clang%2Bllvm-11.1.0-armv7a-linux-gnueabihf.tar.xz
404	158	331941016		https://sources.buildroot.net/clang%2Bllvm-11.1.0-powerpc64le-linux-rhel-7.4.tar.xz
404	158	437241400		https://sources.buildroot.net/clang%2Bllvm-11.1.0-x86_64-linux-gnu-ubuntu-16.04.tar.xz
404	158	383061212		https://sources.buildroot.net/clang%2Bllvm-12.0.0-aarch64-linux-gnu.tar.xz
404	158	353856820		https://sources.buildroot.net/clang%2Bllvm-12.0.0-armv7a-linux-gnueabihf.tar.xz
404	158	399509508		https://sources.buildroot.net/clang%2Bllvm-12.0.0-powerpc64le-linux-rhel-7.9.tar.xz
404	158	382343176		https://sources.buildroot.net/clang%2Bllvm-12.0.0-powerpc64le-linux-ubuntu-18.04.tar.xz
404	158	417112900		https://sources.buildroot.net/clang%2Bllvm-12.0.0-x86_64-apple-darwin.tar.xz
404	158	455960432		https://sources.buildroot.net/clang%2Bllvm-12.0.0-x86_64-linux-gnu-ubuntu-16.04.tar.xz
404	158	453059268		https://sources.buildroot.net/clang%2Bllvm-12.0.0-x86_64-linux-gnu-ubuntu-20.04.tar.xz
404	158	370821408		https://sources.buildroot.net/clang%2Bllvm-12.0.0-x86_64-linux-sles12.4.tar.xz
404	158	559295780		https://sources.buildroot.net/clang%2Bllvm-12.0.1-powerpc64le-linux-rhel-7.9.tar.xz
404	158	382545440		https://sources.buildroot.net/clang%2Bllvm-12.0.1-powerpc64le-linux-ubuntu-18.04.tar.xz
404	158	513688044		https://sources.buildroot.net/clang%2Bllvm-13.0.0-aarch64-linux-gnu.tar.xz
404	158	454666888		https://sources.buildroot.net/clang%2Bllvm-13.0.0-armv7a-linux-gnueabihf.tar.xz
404	158	518010392		https://sources.buildroot.net/clang%2Bllvm-13.0.0-powerpc64le-linux-rhel-7.9.tar.xz
404	158	499547616		https://sources.buildroot.net/clang%2Bllvm-13.0.0-powerpc64le-linux-ubuntu-18.04.tar.xz
404	158	511338052		https://sources.buildroot.net/clang%2Bllvm-13.0.0-x86_64-apple-darwin.tar.xz
404	158	509663904		https://sources.buildroot.net/clang%2Bllvm-13.0.0-x86_64-linux-gnu-ubuntu-16.04.tar.xz
404	158	546018360		https://sources.buildroot.net/clang%2Bllvm-13.0.0-x86_64-linux-gnu-ubuntu-20.04.tar.xz
404	158	513352520		https://sources.buildroot.net/clang%2Bllvm-13.0.1-aarch64-linux-gnu.tar.xz
404	158	470686828		https://sources.buildroot.net/clang%2Bllvm-13.0.1-armv7a-linux-gnueabihf.tar.xz
404	158	518120636		https://sources.buildroot.net/clang%2Bllvm-13.0.1-powerpc64le-linux-rhel-7.9.tar.xz
404	158	499268448		https://sources.buildroot.net/clang%2Bllvm-13.0.1-powerpc64le-linux-ubuntu-18.04.5.tar.xz
404	158	511364108		https://sources.buildroot.net/clang%2Bllvm-13.0.1-x86_64-apple-darwin.tar.xz
404	158	506421856		https://sources.buildroot.net/clang%2Bllvm-13.0.1-x86_64-linux-gnu-ubuntu-18.04.tar.xz
404	158	587617004		https://sources.buildroot.net/clang%2Bllvm-14.0.0-aarch64-linux-gnu.tar.xz
404	158	530704624		https://sources.buildroot.net/clang%2Bllvm-14.0.0-armv7a-linux-gnueabihf.tar.xz
404	158	590595560		https://sources.buildroot.net/clang%2Bllvm-14.0.0-powerpc64le-linux-rhel-7.9.tar.xz
404	158	586478324		https://sources.buildroot.net/clang%2Bllvm-14.0.0-powerpc64le-linux-ubuntu-18.04.tar.xz
404	158	585912216		https://sources.buildroot.net/clang%2Bllvm-14.0.0-x86_64-apple-darwin.tar.xz
404	158	603776352		https://sources.buildroot.net/clang%2Bllvm-14.0.0-x86_64-linux-gnu-ubuntu-18.04.tar.xz
404	158	559938492		https://sources.buildroot.net/clang%2Bllvm-14.0.0-x86_64-linux-sles12.4.tar.xz
404	158	586930664		https://sources.buildroot.net/clang%2Bllvm-14.0.1-aarch64-linux-gnu.tar.xz
404	158	530222904		https://sources.buildroot.net/clang%2Bllvm-14.0.1-armv7a-linux-gnueabihf.tar.xz
404	158	568901648		https://sources.buildroot.net/clang%2Bllvm-14.0.1-powerpc64le-linux-rhel-8.4.tar.xz
404	158	586536072		https://sources.buildroot.net/clang%2Bllvm-14.0.1-powerpc64le-linux-ubuntu-18.04.tar.xz
404	158	585938372		https://sources.buildroot.net/clang%2Bllvm-14.0.1-x86_64-apple-darwin.tar.xz
404	158	587180152		https://sources.buildroot.net/clang%2Bllvm-14.0.2-aarch64-linux-gnu.tar.xz
404	158	585840704		https://sources.buildroot.net/clang%2Bllvm-14.0.2-x86_64-apple-darwin.tar.xz
404	158	587346064		https://sources.buildroot.net/clang%2Bllvm-14.0.3-aarch64-linux-gnu.tar.xz
404	158	528832840		https://sources.buildroot.net/clang%2Bllvm-14.0.3-armv7a-linux-gnueabihf.tar.xz
404	158	569052244		https://sources.buildroot.net/clang%2Bllvm-14.0.3-powerpc64le-linux-rhel-8.4.tar.xz
404	158	586589944		https://sources.buildroot.net/clang%2Bllvm-14.0.3-powerpc64le-linux-ubuntu-18.04.tar.xz
404	158	585864300		https://sources.buildroot.net/clang%2Bllvm-14.0.3-x86_64-apple-darwin.tar.xz
404	158	587298680		https://sources.buildroot.net/clang%2Bllvm-14.0.4-aarch64-linux-gnu.tar.xz
404	158	510879912		https://sources.buildroot.net/clang%2Bllvm-14.0.4-armv7a-linux-gnueabihf.tar.xz
404	158	569158624		https://sources.buildroot.net/clang%2Bllvm-14.0.4-powerpc64le-linux-rhel-8.4.tar.xz
404	158	586789272		https://sources.buildroot.net/clang%2Bllvm-14.0.4-powerpc64le-linux-ubuntu-18.04.5.tar.xz
404	158	586039412		https://sources.buildroot.net/clang%2Bllvm-14.0.4-x86_64-apple-darwin.tar.xz
404	158	586845316		https://sources.buildroot.net/clang%2Bllvm-14.0.5-aarch64-linux-gnu.tar.xz
404	158	511193884		https://sources.buildroot.net/clang%2Bllvm-14.0.5-armv7a-linux-gnueabihf.tar.xz
404	158	569057008		https://sources.buildroot.net/clang%2Bllvm-14.0.5-powerpc64le-linux-rhel-8.4.tar.xz
404	158	586739396		https://sources.buildroot.net/clang%2Bllvm-14.0.5-powerpc64le-linux-ubuntu-18.04.5.tar.xz
404	158	585962164		https://sources.buildroot.net/clang%2Bllvm-14.0.5-x86_64-apple-darwin.tar.xz
404	158	559171976		https://sources.buildroot.net/clang%2Bllvm-14.0.6-arm64-apple-darwin22.3.0.tar.xz
404	158	530914256		https://sources.buildroot.net/clang%2Bllvm-14.0.6-armv7a-linux-gnueabihf.tar.xz
404	158	569091596		https://sources.buildroot.net/clang%2Bllvm-14.0.6-powerpc64le-linux-rhel-8.4.tar.xz
404	158	602076988		https://sources.buildroot.net/clang%2Bllvm-14.0.6-x86_64-linux-gnu-rhel-8.4.tar.xz
404	158	748573260		https://sources.buildroot.net/clang%2Bllvm-15.0.0-aarch64-linux-gnu.tar.xz
404	158	629966472		https://sources.buildroot.net/clang%2Bllvm-15.0.0-arm64-apple-darwin21.0.tar.xz
404	158	595663996		https://sources.buildroot.net/clang%2Bllvm-15.0.0-armv7a-linux-gnueabihf.tar.xz
404	158	687189908		https://sources.buildroot.net/clang%2Bllvm-15.0.0-powerpc64le-linux-rhel-8.4.tar.xz
404	158	708891152		https://sources.buildroot.net/clang%2Bllvm-15.0.0-powerpc64le-linux-ubuntu-18.04.6.tar.xz
404	158	661237988		https://sources.buildroot.net/clang%2Bllvm-15.0.0-x86_64-apple-darwin.tar.xz
404	158	724366380		https://sources.buildroot.net/clang%2Bllvm-15.0.0-x86_64-linux-gnu-rhel-8.4.tar.xz
404	158	748270980		https://sources.buildroot.net/clang%2Bllvm-15.0.1-aarch64-linux-gnu.tar.xz
404	158	630802720		https://sources.buildroot.net/clang%2Bllvm-15.0.1-arm64-apple-darwin21.0.tar.xz
404	158	595593640		https://sources.buildroot.net/clang%2Bllvm-15.0.1-armv7a-linux-gnueabihf.tar.xz
404	158	687326280		https://sources.buildroot.net/clang%2Bllvm-15.0.1-powerpc64le-linux-rhel-8.4.tar.xz
404	158	708868168		https://sources.buildroot.net/clang%2Bllvm-15.0.1-powerpc64le-linux-ubuntu-18.04.5.tar.xz
404	158	661325320		https://sources.buildroot.net/clang%2Bllvm-15.0.1-x86_64-apple-darwin.tar.xz
404	158	748711248		https://sources.buildroot.net/clang%2Bllvm-15.0.2-aarch64-linux-gnu.tar.xz
404	158	632423980		https://sources.buildroot.net/clang%2Bllvm-15.0.2-arm64-apple-darwin21.0.tar.xz
404	158	687196448		https://sources.buildroot.net/clang%2Bllvm-15.0.2-powerpc64le-linux-rhel-8.4.tar.xz
404	158	708932404		https://sources.buildroot.net/clang%2Bllvm-15.0.2-powerpc64le-linux-ubuntu-18.04.5.tar.xz
404	158	709792404		https://sources.buildroot.net/clang%2Bllvm-15.0.2-x86_64-apple-darwin.tar.xz
404	158	724793296		https://sources.buildroot.net/clang%2Bllvm-15.0.2-x86_64-unknown-linux-gnu-rhel86.tar.xz
404	158	724780172		https://sources.buildroot.net/clang%2Bllvm-15.0.2-x86_64-unknown-linux-gnu-sles15.tar.xz
404	158	747761644		https://sources.buildroot.net/clang%2Bllvm-15.0.3-aarch64-linux-gnu.tar.xz
404	158	631945684		https://sources.buildroot.net/clang%2Bllvm-15.0.3-arm64-apple-darwin21.0.tar.xz
404	158	574332240		https://sources.buildroot.net/clang%2Bllvm-15.0.3-armv7a-linux-gnueabihf.tar.xz
404	158	687154796		https://sources.buildroot.net/clang%2Bllvm-15.0.3-powerpc64le-linux-rhel-8.4.tar.xz
404	158	709003684		https://sources.buildroot.net/clang%2Bllvm-15.0.3-powerpc64le-linux-ubuntu-18.04.5.tar.xz
404	158	709200364		https://sources.buildroot.net/clang%2Bllvm-15.0.3-x86_64-apple-darwin.tar.xz
404	158	631478892		https://sources.buildroot.net/clang%2Bllvm-15.0.4-arm64-apple-darwin21.0.tar.xz
404	158	687263212		https://sources.buildroot.net/clang%2Bllvm-15.0.4-powerpc64le-linux-rhel-8.4.tar.xz
404	158	708824932		https://sources.buildroot.net/clang%2Bllvm-15.0.4-powerpc64le-linux-ubuntu-18.04.5.tar.xz
404	158	708956596		https://sources.buildroot.net/clang%2Bllvm-15.0.4-x86_64-apple-darwin.tar.xz
404	158	724464948		https://sources.buildroot.net/clang%2Bllvm-15.0.4-x86_64-linux-gnu-rhel-8.4.tar.xz
404	158	632352196		https://sources.buildroot.net/clang%2Bllvm-15.0.5-arm64-apple-darwin21.0.tar.xz
404	158	687386164		https://sources.buildroot.net/clang%2Bllvm-15.0.5-powerpc64le-linux-rhel-8.4.tar.xz
404	158	709116064		https://sources.buildroot.net/clang%2Bllvm-15.0.5-powerpc64le-linux-ubuntu-18.04.5.tar.xz
404	158	817119512		https://sources.buildroot.net/clang%2Bllvm-15.0.5-x86_64-linux-gnu-ubuntu-18.04.tar.xz
404	158	645608420		https://sources.buildroot.net/clang%2Bllvm-15.0.6-arm64-apple-darwin21.0.tar.xz
404	158	571210760		https://sources.buildroot.net/clang%2Bllvm-15.0.6-armv7a-linux-gnueabihf.tar.xz
404	158	687394356		https://sources.buildroot.net/clang%2Bllvm-15.0.6-powerpc64le-linux-rhel-8.4.tar.xz
404	158	708871672		https://sources.buildroot.net/clang%2Bllvm-15.0.6-powerpc64le-linux-ubuntu-18.04.tar.xz
404	158	644285196		https://sources.buildroot.net/clang%2Bllvm-15.0.7-arm64-apple-darwin22.0.tar.xz
404	158	687350128		https://sources.buildroot.net/clang%2Bllvm-15.0.7-powerpc64le-linux-rhel-8.4.tar.xz
404	158	708861076		https://sources.buildroot.net/clang%2Bllvm-15.0.7-powerpc64le-linux-ubuntu-18.04.tar.xz
404	158	728344840		https://sources.buildroot.net/clang%2Bllvm-15.0.7-x86_64-apple-darwin21.0.tar.xz
404	158	914432580		https://sources.buildroot.net/clang%2Bllvm-16.0.0-aarch64-linux-gnu.tar.xz
404	158	741899384		https://sources.buildroot.net/clang%2Bllvm-16.0.0-arm64-apple-darwin22.0.tar.xz
404	158	784692136		https://sources.buildroot.net/clang%2Bllvm-16.0.0-powerpc64le-linux-rhel-8.4.tar.xz
404	158	822224960		https://sources.buildroot.net/clang%2Bllvm-16.0.0-powerpc64le-linux-ubuntu-18.04.tar.xz
404	158	966785280		https://sources.buildroot.net/clang%2Bllvm-16.0.0-x86_64-linux-gnu-ubuntu-18.04.tar.xz
404	158	913472480		https://sources.buildroot.net/clang%2Bllvm-16.0.1-aarch64-linux-gnu.tar.xz
404	158	741591208		https://sources.buildroot.net/clang%2Bllvm-16.0.1-arm64-apple-darwin22.0.tar.xz
404	158	785232820		https://sources.buildroot.net/clang%2Bllvm-16.0.1-powerpc64le-linux-rhel-8.4.tar.xz
404	158	820809296		https://sources.buildroot.net/clang%2Bllvm-16.0.1-powerpc64le-linux-ubuntu-20.04.tar.xz
404	158	911693584		https://sources.buildroot.net/clang%2Bllvm-16.0.2-aarch64-linux-gnu.tar.xz
404	158	740607792		https://sources.buildroot.net/clang%2Bllvm-16.0.2-arm64-apple-darwin22.0.tar.xz
404	158	785169928		https://sources.buildroot.net/clang%2Bllvm-16.0.2-powerpc64le-linux-rhel-8.4.tar.xz
404	158	964328044		https://sources.buildroot.net/clang%2Bllvm-16.0.2-x86_64-linux-gnu-ubuntu-22.04.tar.xz
404	158	913366348		https://sources.buildroot.net/clang%2Bllvm-16.0.3-aarch64-linux-gnu.tar.xz
404	158	741099100		https://sources.buildroot.net/clang%2Bllvm-16.0.3-arm64-apple-darwin22.0.tar.xz
404	158	823401360		https://sources.buildroot.net/clang%2Bllvm-16.0.3-powerpc64le-linux-rhel-8.4.tar.xz
404	158	961338848		https://sources.buildroot.net/clang%2Bllvm-16.0.3-x86_64-linux-gnu-ubuntu-22.04.tar.xz
404	158	913499848		https://sources.buildroot.net/clang%2Bllvm-16.0.4-aarch64-linux-gnu.tar.xz
404	158	740049796		https://sources.buildroot.net/clang%2Bllvm-16.0.4-arm64-apple-darwin22.0.tar.xz
404	158	823500808		https://sources.buildroot.net/clang%2Bllvm-16.0.4-powerpc64le-linux-rhel-8.4.tar.xz
404	158	913684800		https://sources.buildroot.net/clang%2Bllvm-16.0.5-aarch64-linux-gnu.tar.xz
404	158	740414000		https://sources.buildroot.net/clang%2Bllvm-16.0.5-arm64-apple-darwin22.0.tar.xz
404	158	824157584		https://sources.buildroot.net/clang%2Bllvm-16.0.5-powerpc64le-linux-rhel-8.7.tar.xz
404	158	913706844		https://sources.buildroot.net/clang%2Bllvm-16.0.6-aarch64-linux-gnu.tar.xz
404	158	824145068		https://sources.buildroot.net/clang%2Bllvm-16.0.6-powerpc64le-linux-rhel-8.7.tar.xz
404	158	960688884		https://sources.buildroot.net/clang%2Bllvm-17.0.1-aarch64-linux-gnu.tar.xz
404	158	803708084		https://sources.buildroot.net/clang%2Bllvm-17.0.1-arm64-apple-darwin22.0.tar.xz
404	158	1332302859		https://sources.buildroot.net/clang%2Bllvm-17.0.1-armv7a-linux-gnueabihf.tar.gz
404	158	857002008		https://sources.buildroot.net/clang%2Bllvm-17.0.1-powerpc64le-linux-rhel-8.8.tar.xz
404	158	959910628		https://sources.buildroot.net/clang%2Bllvm-17.0.2-aarch64-linux-gnu.tar.xz
404	158	803457216		https://sources.buildroot.net/clang%2Bllvm-17.0.2-arm64-apple-darwin22.0.tar.xz
404	158	1332322990		https://sources.buildroot.net/clang%2Bllvm-17.0.2-armv7a-linux-gnueabihf.tar.gz
404	158	857014864		https://sources.buildroot.net/clang%2Bllvm-17.0.2-powerpc64le-linux-rhel-8.8.tar.xz
404	158	999075212		https://sources.buildroot.net/clang%2Bllvm-17.0.2-x86_64-linux-gnu-ubuntu-22.04.tar.xz
404	158	960493348		https://sources.buildroot.net/clang%2Bllvm-17.0.3-aarch64-linux-gnu.tar.xz
404	158	803440504		https://sources.buildroot.net/clang%2Bllvm-17.0.3-arm64-apple-darwin22.0.tar.xz
404	158	1332335880		https://sources.buildroot.net/clang%2Bllvm-17.0.3-armv7a-linux-gnueabihf.tar.gz
404	158	856960740		https://sources.buildroot.net/clang%2Bllvm-17.0.3-powerpc64le-linux-rhel-8.8.tar.xz
404	158	961043032		https://sources.buildroot.net/clang%2Bllvm-17.0.4-aarch64-linux-gnu.tar.xz
404	158	804312212		https://sources.buildroot.net/clang%2Bllvm-17.0.4-arm64-apple-darwin22.0.tar.xz
404	158	1332375963		https://sources.buildroot.net/clang%2Bllvm-17.0.4-armv7a-linux-gnueabihf.tar.gz
404	158	856918720		https://sources.buildroot.net/clang%2Bllvm-17.0.4-powerpc64le-linux-rhel-8.8.tar.xz
404	158	1000807336		https://sources.buildroot.net/clang%2Bllvm-17.0.4-x86_64-linux-gnu-ubuntu-22.04.tar.xz
404	158	960782748		https://sources.buildroot.net/clang%2Bllvm-17.0.5-aarch64-linux-gnu.tar.xz
404	158	803546512		https://sources.buildroot.net/clang%2Bllvm-17.0.5-arm64-apple-darwin22.0.tar.xz
404	158	1332410802		https://sources.buildroot.net/clang%2Bllvm-17.0.5-armv7a-linux-gnueabihf.tar.gz
404	158	856823948		https://sources.buildroot.net/clang%2Bllvm-17.0.5-powerpc64le-linux-rhel-8.8.tar.xz
404	158	1005608540		https://sources.buildroot.net/clang%2Bllvm-17.0.5-x86_64-linux-gnu-ubuntu-22.04.tar.xz
404	158	962230808		https://sources.buildroot.net/clang%2Bllvm-17.0.6-aarch64-linux-gnu.tar.xz
404	158	804335844		https://sources.buildroot.net/clang%2Bllvm-17.0.6-arm64-apple-darwin22.0.tar.xz
404	158	1332555760		https://sources.buildroot.net/clang%2Bllvm-17.0.6-armv7a-linux-gnueabihf.tar.gz
404	158	857075508		https://sources.buildroot.net/clang%2Bllvm-17.0.6-powerpc64le-linux-rhel-8.8.tar.xz
404	158	1053289152		https://sources.buildroot.net/clang%2Bllvm-18.1.0-aarch64-linux-gnu.tar.xz
404	158	1412890153		https://sources.buildroot.net/clang%2Bllvm-18.1.0-armv7a-linux-gnueabihf.tar.gz
404	158	949658256		https://sources.buildroot.net/clang%2Bllvm-18.1.0-powerpc64le-linux-rhel-8.8.tar.xz
404	158	981808392		https://sources.buildroot.net/clang%2Bllvm-18.1.0-x86_64-pc-windows-msvc.tar.xz
404	158	1052288948		https://sources.buildroot.net/clang%2Bllvm-18.1.1-aarch64-linux-gnu.tar.xz
404	158	1412928913		https://sources.buildroot.net/clang%2Bllvm-18.1.1-armv7a-linux-gnueabihf.tar.gz
404	158	949695440		https://sources.buildroot.net/clang%2Bllvm-18.1.1-powerpc64le-linux-rhel-8.8.tar.xz
404	158	981874332		https://sources.buildroot.net/clang%2Bllvm-18.1.1-x86_64-pc-windows-msvc.tar.xz
404	158	1051341668		https://sources.buildroot.net/clang%2Bllvm-18.1.2-aarch64-linux-gnu.tar.xz
404	158	1412982422		https://sources.buildroot.net/clang%2Bllvm-18.1.2-armv7a-linux-gnueabihf.tar.gz
404	158	949687000		https://sources.buildroot.net/clang%2Bllvm-18.1.2-powerpc64le-linux-rhel-8.8.tar.xz
404	158	981746032		https://sources.buildroot.net/clang%2Bllvm-18.1.2-x86_64-pc-windows-msvc.tar.xz
404	158	1050772468		https://sources.buildroot.net/clang%2Bllvm-18.1.3-aarch64-linux-gnu.tar.xz
404	158	1413100131		https://sources.buildroot.net/clang%2Bllvm-18.1.3-armv7a-linux-gnueabihf.tar.gz
404	158	949628508		https://sources.buildroot.net/clang%2Bllvm-18.1.3-powerpc64le-linux-rhel-8.8.tar.xz
404	158	1051373564		https://sources.buildroot.net/clang%2Bllvm-18.1.4-aarch64-linux-gnu.tar.xz
404	158	1413058380		https://sources.buildroot.net/clang%2Bllvm-18.1.4-armv7a-linux-gnueabihf.tar.gz
404	158	949551296		https://sources.buildroot.net/clang%2Bllvm-18.1.4-powerpc64le-linux-rhel-8.8.tar.xz
404	158	1119638268		https://sources.buildroot.net/clang%2Bllvm-18.1.4-x86_64-linux-gnu-ubuntu-18.04.tar.xz
404	158	982060244		https://sources.buildroot.net/clang%2Bllvm-18.1.4-x86_64-pc-windows-msvc.tar.xz
404	158	1051352352		https://sources.buildroot.net/clang%2Bllvm-18.1.5-aarch64-linux-gnu.tar.xz
404	158	1413088672		https://sources.buildroot.net/clang%2Bllvm-18.1.5-armv7a-linux-gnueabihf.tar.gz
404	158	949685388		https://sources.buildroot.net/clang%2Bllvm-18.1.5-powerpc64le-linux-rhel-8.8.tar.xz
404	158	981595068		https://sources.buildroot.net/clang%2Bllvm-18.1.5-x86_64-pc-windows-msvc.tar.xz
404	158	1051317828		https://sources.buildroot.net/clang%2Bllvm-18.1.6-aarch64-linux-gnu.tar.xz
404	158	1413094351		https://sources.buildroot.net/clang%2Bllvm-18.1.6-armv7a-linux-gnueabihf.tar.gz
404	158	949526512		https://sources.buildroot.net/clang%2Bllvm-18.1.6-powerpc64le-linux-rhel-8.8.tar.xz
404	158	981522908		https://sources.buildroot.net/clang%2Bllvm-18.1.6-x86_64-pc-windows-msvc.tar.xz
404	158	1052720704		https://sources.buildroot.net/clang%2Bllvm-18.1.7-aarch64-linux-gnu.tar.xz
404	158	1413095090		https://sources.buildroot.net/clang%2Bllvm-18.1.7-armv7a-linux-gnueabihf.tar.gz
404	158	922608196		https://sources.buildroot.net/clang%2Bllvm-18.1.7-powerpc64le-linux-rhel-8.8.tar.xz
404	158	967787124		https://sources.buildroot.net/clang%2Bllvm-18.1.7-x86_64-linux-gnu-ubuntu-18.04.tar.xz
404	158	981675624		https://sources.buildroot.net/clang%2Bllvm-18.1.7-x86_64-pc-windows-msvc.tar.xz
404	158	1051625508		https://sources.buildroot.net/clang%2Bllvm-18.1.8-aarch64-linux-gnu.tar.xz
404	158	1413107159		https://sources.buildroot.net/clang%2Bllvm-18.1.8-armv7a-linux-gnueabihf.tar.gz
404	158	922334644		https://sources.buildroot.net/clang%2Bllvm-18.1.8-powerpc64le-linux-rhel-8.8.tar.xz
404	158	1044930068		https://sources.buildroot.net/clang%2Bllvm-18.1.8-x86_64-linux-gnu-ubuntu-18.04.tar.xz
404	158	981666720		https://sources.buildroot.net/clang%2Bllvm-18.1.8-x86_64-pc-windows-msvc.tar.xz
404	158	1132742916		https://sources.buildroot.net/clang%2Bllvm-19.1.0-aarch64-linux-gnu.tar.xz
404	158	1555836609		https://sources.buildroot.net/clang%2Bllvm-19.1.0-armv7a-linux-gnueabihf.tar.gz
404	158	844572776		https://sources.buildroot.net/clang%2Bllvm-19.1.0-x86_64-pc-windows-msvc.tar.xz
404	158	1132646792		https://sources.buildroot.net/clang%2Bllvm-19.1.1-aarch64-linux-gnu.tar.xz
404	158	1555945144		https://sources.buildroot.net/clang%2Bllvm-19.1.1-armv7a-linux-gnueabihf.tar.gz
404	158	844457100		https://sources.buildroot.net/clang%2Bllvm-19.1.1-x86_64-pc-windows-msvc.tar.xz
404	158	1132364948		https://sources.buildroot.net/clang%2Bllvm-19.1.2-aarch64-linux-gnu.tar.xz
404	158	1555986029		https://sources.buildroot.net/clang%2Bllvm-19.1.2-armv7a-linux-gnueabihf.tar.gz
404	158	844365120		https://sources.buildroot.net/clang%2Bllvm-19.1.2-x86_64-pc-windows-msvc.tar.xz
404	158	1131513536		https://sources.buildroot.net/clang%2Bllvm-19.1.3-aarch64-linux-gnu.tar.xz
404	158	1556112032		https://sources.buildroot.net/clang%2Bllvm-19.1.3-armv7a-linux-gnueabihf.tar.gz
404	158	845352968		https://sources.buildroot.net/clang%2Bllvm-19.1.3-x86_64-pc-windows-msvc.tar.xz
404	158	1132544324		https://sources.buildroot.net/clang%2Bllvm-19.1.4-aarch64-linux-gnu.tar.xz
404	158	1556139317		https://sources.buildroot.net/clang%2Bllvm-19.1.4-armv7a-linux-gnueabihf.tar.gz
404	158	845322620		https://sources.buildroot.net/clang%2Bllvm-19.1.4-x86_64-pc-windows-msvc.tar.xz
404	158	1132333340		https://sources.buildroot.net/clang%2Bllvm-19.1.5-aarch64-linux-gnu.tar.xz
404	158	1556151551		https://sources.buildroot.net/clang%2Bllvm-19.1.5-armv7a-linux-gnueabihf.tar.gz
404	158	845193092		https://sources.buildroot.net/clang%2Bllvm-19.1.5-x86_64-pc-windows-msvc.tar.xz
404	158	1131039752		https://sources.buildroot.net/clang%2Bllvm-19.1.6-aarch64-linux-gnu.tar.xz
404	158	1556096287		https://sources.buildroot.net/clang%2Bllvm-19.1.6-armv7a-linux-gnueabihf.tar.gz
404	158	845263196		https://sources.buildroot.net/clang%2Bllvm-19.1.6-x86_64-pc-windows-msvc.tar.xz
404	158	1131066132		https://sources.buildroot.net/clang%2Bllvm-19.1.7-aarch64-linux-gnu.tar.xz
404	158	1556120340		https://sources.buildroot.net/clang%2Bllvm-19.1.7-armv7a-linux-gnueabihf.tar.gz
404	158	845236708		https://sources.buildroot.net/clang%2Bllvm-19.1.7-x86_64-pc-windows-msvc.tar.xz
404	158	1602482671		https://sources.buildroot.net/clang%2Bllvm-20.1.0-armv7a-linux-gnueabihf.tar.gz
404	158	939145596		https://sources.buildroot.net/clang%2Bllvm-20.1.0-x86_64-pc-windows-msvc.tar.xz
404	158	1602565262		https://sources.buildroot.net/clang%2Bllvm-20.1.1-armv7a-linux-gnueabihf.tar.gz
404	158	939286624		https://sources.buildroot.net/clang%2Bllvm-20.1.1-x86_64-pc-windows-msvc.tar.xz
404	158	1602607917		https://sources.buildroot.net/clang%2Bllvm-20.1.2-armv7a-linux-gnueabihf.tar.gz
404	158	939423020		https://sources.buildroot.net/clang%2Bllvm-20.1.2-x86_64-pc-windows-msvc.tar.xz
404	158	1602643395		https://sources.buildroot.net/clang%2Bllvm-20.1.3-armv7a-linux-gnueabihf.tar.gz
404	158	939371388		https://sources.buildroot.net/clang%2Bllvm-20.1.3-x86_64-pc-windows-msvc.tar.xz
404	158	1602636971		https://sources.buildroot.net/clang%2Bllvm-20.1.4-armv7a-linux-gnueabihf.tar.gz
404	158	939398120		https://sources.buildroot.net/clang%2Bllvm-20.1.4-x86_64-pc-windows-msvc.tar.xz
404	158	1602786867		https://sources.buildroot.net/clang%2Bllvm-20.1.5-armv7a-linux-gnueabihf.tar.gz
404	158	939466752		https://sources.buildroot.net/clang%2Bllvm-20.1.5-x86_64-pc-windows-msvc.tar.xz
404	158	1602762923		https://sources.buildroot.net/clang%2Bllvm-20.1.6-armv7a-linux-gnueabihf.tar.gz
404	158	1602802736		https://sources.buildroot.net/clang%2Bllvm-20.1.7-armv7a-linux-gnueabihf.tar.gz
404	158	939494588		https://sources.buildroot.net/clang%2Bllvm-20.1.7-x86_64-pc-windows-msvc.tar.xz
404	158	1602847748		https://sources.buildroot.net/clang%2Bllvm-20.1.8-armv7a-linux-gnueabihf.tar.gz
404	158	939541912		https://sources.buildroot.net/clang%2Bllvm-20.1.8-x86_64-pc-windows-msvc.tar.xz
404	158	1564868987		https://sources.buildroot.net/clang%2Bllvm-21.1.0-armv7a-linux-gnueabihf.tar.gz
404	158	943723704		https://sources.buildroot.net/clang%2Bllvm-21.1.0-x86_64-pc-windows-msvc.tar.xz
404	158	1564904791		https://sources.buildroot.net/clang%2Bllvm-21.1.1-armv7a-linux-gnueabihf.tar.gz
404	158	943740300		https://sources.buildroot.net/clang%2Bllvm-21.1.1-x86_64-pc-windows-msvc.tar.xz
404	158	1564673956		https://sources.buildroot.net/clang%2Bllvm-21.1.2-armv7a-linux-gnueabihf.tar.gz
404	158	942582048		https://sources.buildroot.net/clang%2Bllvm-21.1.2-x86_64-pc-windows-msvc.tar.xz
404	158	1564677768		https://sources.buildroot.net/clang%2Bllvm-21.1.3-armv7a-linux-gnueabihf.tar.gz
404	158	942593836		https://sources.buildroot.net/clang%2Bllvm-21.1.3-x86_64-pc-windows-msvc.tar.xz
404	158	1564696257		https://sources.buildroot.net/clang%2Bllvm-21.1.4-armv7a-linux-gnueabihf.tar.gz
404	158	942593228		https://sources.buildroot.net/clang%2Bllvm-21.1.4-x86_64-pc-windows-msvc.tar.xz
404	158	1564720675		https://sources.buildroot.net/clang%2Bllvm-21.1.5-armv7a-linux-gnueabihf.tar.gz
404	158	942516620		https://sources.buildroot.net/clang%2Bllvm-21.1.5-x86_64-pc-windows-msvc.tar.xz
404	158	1564736973		https://sources.buildroot.net/clang%2Bllvm-21.1.6-armv7a-linux-gnueabihf.tar.gz
404	158	942540016		https://sources.buildroot.net/clang%2Bllvm-21.1.6-x86_64-pc-windows-msvc.tar.xz
404	158	1564691762		https://sources.buildroot.net/clang%2Bllvm-21.1.7-armv7a-linux-gnueabihf.tar.gz
404	158	942725008		https://sources.buildroot.net/clang%2Bllvm-21.1.7-x86_64-pc-windows-msvc.tar.xz
404	158	1564723738		https://sources.buildroot.net/clang%2Bllvm-21.1.8-armv7a-linux-gnueabihf.tar.gz
404	158	942572476		https://sources.buildroot.net/clang%2Bllvm-21.1.8-x86_64-pc-windows-msvc.tar.xz
404	158	1675709828		https://sources.buildroot.net/clang%2Bllvm-22.1.0-armv7a-linux-gnueabihf.tar.gz
404	158	861897432		https://sources.buildroot.net/clang%2Bllvm-22.1.0-x86_64-pc-windows-msvc.tar.xz
404	158	1675770962		https://sources.buildroot.net/clang%2Bllvm-22.1.1-armv7a-linux-gnueabihf.tar.gz
404	158	861949576		https://sources.buildroot.net/clang%2Bllvm-22.1.1-x86_64-pc-windows-msvc.tar.xz
404	158	1675831229		https://sources.buildroot.net/clang%2Bllvm-22.1.2-armv7a-linux-gnueabihf.tar.gz
404	158	861843672		https://sources.buildroot.net/clang%2Bllvm-22.1.2-x86_64-pc-windows-msvc.tar.xz
404	158	1675838059		https://sources.buildroot.net/clang%2Bllvm-22.1.3-armv7a-linux-gnueabihf.tar.gz
404	158	861872156		https://sources.buildroot.net/clang%2Bllvm-22.1.3-x86_64-pc-windows-msvc.tar.xz
404	158	1675934828		https://sources.buildroot.net/clang%2Bllvm-22.1.4-armv7a-linux-gnueabihf.tar.gz
404	158	861945788		https://sources.buildroot.net/clang%2Bllvm-22.1.4-x86_64-pc-windows-msvc.tar.xz
404	158	1675951185		https://sources.buildroot.net/clang%2Bllvm-22.1.5-armv7a-linux-gnueabihf.tar.gz
404	158	861959516		https://sources.buildroot.net/clang%2Bllvm-22.1.5-x86_64-pc-windows-msvc.tar.xz
404	158	1675975765		https://sources.buildroot.net/clang%2Bllvm-22.1.6-armv7a-linux-gnueabihf.tar.gz
404	158	861999212		https://sources.buildroot.net/clang%2Bllvm-22.1.6-x86_64-pc-windows-msvc.tar.xz
404	158	1675945002		https://sources.buildroot.net/clang%2Bllvm-22.1.7-armv7a-linux-gnueabihf.tar.gz
404	158	862033024		https://sources.buildroot.net/clang%2Bllvm-22.1.7-x86_64-pc-windows-msvc.tar.xz
404	158	1675972670		https://sources.buildroot.net/clang%2Bllvm-22.1.8-armv7a-linux-gnueabihf.tar.gz
404	158	862053924		https://sources.buildroot.net/clang%2Bllvm-22.1.8-x86_64-pc-windows-msvc.tar.xz
404	158	1707093225		https://sources.buildroot.net/clang%2Bllvm-23.1.0-armv7a-linux-gnueabihf.tar.gz
404	158	901268256		https://sources.buildroot.net/clang%2Bllvm-23.1.0-x86_64-pc-windows-msvc.tar.xz
404	158	71834900		https://sources.buildroot.net/clang%2Bllvm-3.6.1-x86_64-linux-gnu-ubuntu-14.04.tar.xz
404	158	299888756		https://sources.buildroot.net/clang%2Bllvm-6.0.0-x86_64-linux-gnu-debian8.tar.xz
404	158	293171708		https://sources.buildroot.net/clang%2Bllvm-6.0.0-x86_64-linux-sles12.2.tar.xz
404	158	319693612		https://sources.buildroot.net/clang%2Bllvm-7.1.0-x86_64-linux-sles11.3.tar.xz
404	158	342087416		https://sources.buildroot.net/clang%2Bllvm-8.0.1-powerpc64le-linux-rhel-7.4.tar.xz
404	158	336492928		https://sources.buildroot.net/clang%2Bllvm-8.0.1-x86_64-linux-sles11.3.tar.xz
404	158	341990632		https://sources.buildroot.net/clang%2Bllvm-9.0.1-aarch64-linux-gnu.tar.xz
404	158	401235332		https://sources.buildroot.net/clang%2Bllvm-9.0.1-powerpc64le-linux-rhel-7.4.tar.xz
404	158	388360756		https://sources.buildroot.net/clang%2Bllvm-9.0.1-x86_64-apple-darwin.tar.xz
404	158	398305228		https://sources.buildroot.net/clang%2Bllvm-9.0.1-x86_64-linux-gnu-ubuntu-16.04.tar.xz
404	158	4478032		https://sources.buildroot.net/vs_BuildTools.exe
404	158	68280656		https://sources.buildroot.net/w64devkit-1.10.0.zip
404	158	68543909		https://sources.buildroot.net/w64devkit-1.11.0.zip
404	158	69045628		https://sources.buildroot.net/w64devkit-1.12.0.zip
404	158	69071725		https://sources.buildroot.net/w64devkit-1.13.0.zip
404	158	72211587		https://sources.buildroot.net/w64devkit-1.14.0.zip
404	158	72133854		https://sources.buildroot.net/w64devkit-1.15.0.zip
404	158	71051123		https://sources.buildroot.net/w64devkit-1.15.1.zip
404	158	73790006		https://sources.buildroot.net/w64devkit-1.16.0.zip
404	158	73808538		https://sources.buildroot.net/w64devkit-1.16.1.zip
404	158	73326403		https://sources.buildroot.net/w64devkit-1.17.0.zip
404	158	73397463		https://sources.buildroot.net/w64devkit-1.18.0.zip
404	158	81844373		https://sources.buildroot.net/w64devkit-1.19.0.zip
404	158	81853395		https://sources.buildroot.net/w64devkit-1.20.0.zip
404	158	81836029		https://sources.buildroot.net/w64devkit-1.21.0.zip
404	158	73564611		https://sources.buildroot.net/w64devkit-1.22.0.zip
404	158	76798128		https://sources.buildroot.net/w64devkit-1.23.0.zip
404	158	82401563		https://sources.buildroot.net/w64devkit-1.3.1.zip
404	158	82424491		https://sources.buildroot.net/w64devkit-1.4.0.zip
404	158	78877311		https://sources.buildroot.net/w64devkit-1.5.0.zip
404	158	79463354		https://sources.buildroot.net/w64devkit-1.6.0.zip
404	158	83441016		https://sources.buildroot.net/w64devkit-1.7.0.zip
404	158	76436228		https://sources.buildroot.net/w64devkit-1.8.0.zip
404	158	76540594		https://sources.buildroot.net/w64devkit-1.9.0.zip
404	158	77549611		https://sources.buildroot.net/w64devkit-fortran-1.10.0.zip
404	158	77813409		https://sources.buildroot.net/w64devkit-fortran-1.11.0.zip
404	158	78312442		https://sources.buildroot.net/w64devkit-fortran-1.12.0.zip
404	158	78345040		https://sources.buildroot.net/w64devkit-fortran-1.13.0.zip
404	158	82466737		https://sources.buildroot.net/w64devkit-fortran-1.14.0.zip
404	158	82372140		https://sources.buildroot.net/w64devkit-fortran-1.15.0.zip
404	158	84028135		https://sources.buildroot.net/w64devkit-fortran-1.16.0.zip
404	158	84048380		https://sources.buildroot.net/w64devkit-fortran-1.16.1.zip
404	158	83565702		https://sources.buildroot.net/w64devkit-fortran-1.17.0.zip
404	158	83634693		https://sources.buildroot.net/w64devkit-fortran-1.18.0.zip
404	158	92783519		https://sources.buildroot.net/w64devkit-fortran-1.19.0.zip
404	158	92797139		https://sources.buildroot.net/w64devkit-fortran-1.20.0.zip
404	158	92779429		https://sources.buildroot.net/w64devkit-fortran-1.21.0.zip
404	158	84508431		https://sources.buildroot.net/w64devkit-fortran-1.22.0.zip
404	158	88827600		https://sources.buildroot.net/w64devkit-fortran-1.23.0.zip
404	158	89683830		https://sources.buildroot.net/w64devkit-fortran-1.5.0.zip
404	158	85807928		https://sources.buildroot.net/w64devkit-fortran-1.9.0.zip
404	158	63691987		https://sources.buildroot.net/w64devkit-i686-1.10.0.zip
404	158	63960673		https://sources.buildroot.net/w64devkit-i686-1.11.0.zip
404	158	64710348		https://sources.buildroot.net/w64devkit-i686-1.12.0.zip
404	158	64729275		https://sources.buildroot.net/w64devkit-i686-1.13.0.zip
404	158	68192739		https://sources.buildroot.net/w64devkit-i686-1.14.0.zip
404	158	68084867		https://sources.buildroot.net/w64devkit-i686-1.15.0.zip
404	158	67046825		https://sources.buildroot.net/w64devkit-i686-1.15.1.zip
404	158	69792027		https://sources.buildroot.net/w64devkit-i686-1.16.0.zip
404	158	69817820		https://sources.buildroot.net/w64devkit-i686-1.16.1.zip
404	158	69380349		https://sources.buildroot.net/w64devkit-i686-1.17.0.zip
404	158	69444573		https://sources.buildroot.net/w64devkit-i686-1.18.0.zip
404	158	77744927		https://sources.buildroot.net/w64devkit-i686-1.19.0.zip
404	158	77751684		https://sources.buildroot.net/w64devkit-i686-1.20.0.zip
404	158	77735979		https://sources.buildroot.net/w64devkit-i686-1.21.0.zip
404	158	69651101		https://sources.buildroot.net/w64devkit-i686-1.22.0.zip
404	158	72803726		https://sources.buildroot.net/w64devkit-i686-1.23.0.zip
404	158	71444968		https://sources.buildroot.net/w64devkit-i686-1.9.0.zip
404	158	72436140		https://sources.buildroot.net/w64devkit-i686-fortran-1.10.0.zip
404	158	72706013		https://sources.buildroot.net/w64devkit-i686-fortran-1.11.0.zip
404	158	73453076		https://sources.buildroot.net/w64devkit-i686-fortran-1.12.0.zip
404	158	73478033		https://sources.buildroot.net/w64devkit-i686-fortran-1.13.0.zip
404	158	77970485		https://sources.buildroot.net/w64devkit-i686-fortran-1.14.0.zip
404	158	77842216		https://sources.buildroot.net/w64devkit-i686-fortran-1.15.0.zip
404	158	79549559		https://sources.buildroot.net/w64devkit-i686-fortran-1.16.0.zip
404	158	79577469		https://sources.buildroot.net/w64devkit-i686-fortran-1.16.1.zip
404	158	79137931		https://sources.buildroot.net/w64devkit-i686-fortran-1.17.0.zip
404	158	79203265		https://sources.buildroot.net/w64devkit-i686-fortran-1.18.0.zip
404	158	88204232		https://sources.buildroot.net/w64devkit-i686-fortran-1.19.0.zip
404	158	88209980		https://sources.buildroot.net/w64devkit-i686-fortran-1.20.0.zip
404	158	88194908		https://sources.buildroot.net/w64devkit-i686-fortran-1.21.0.zip
404	158	80114395		https://sources.buildroot.net/w64devkit-i686-fortran-1.22.0.zip
404	158	84346099		https://sources.buildroot.net/w64devkit-i686-fortran-1.23.0.zip
404	158	67127496		https://sources.buildroot.net/w64devkit-x64-2.10.0.7z.exe
404	158	38171793		https://sources.buildroot.net/w64devkit-x64-2.2.0.7z.exe
404	158	38708498		https://sources.buildroot.net/w64devkit-x64-2.3.0.7z.exe
404	158	38806674		https://sources.buildroot.net/w64devkit-x64-2.4.0.7z.exe
404	158	39253184		https://sources.buildroot.net/w64devkit-x64-2.5.0.7z.exe
404	158	46504339		https://sources.buildroot.net/w64devkit-x64-2.6.0.7z.exe
404	158	58556920		https://sources.buildroot.net/w64devkit-x64-2.7.0.7z.exe
404	158	60043168		https://sources.buildroot.net/w64devkit-x64-2.8.0.7z.exe
404	158	61323088		https://sources.buildroot.net/w64devkit-x64-2.9.0.7z.exe
404	158	61462208		https://sources.buildroot.net/w64devkit-x64-2.9.1.7z.exe
404	158	60988472		https://sources.buildroot.net/w64devkit-x86-2.10.0.7z.exe
404	158	36339490		https://sources.buildroot.net/w64devkit-x86-2.2.0.7z.exe
404	158	36873532		https://sources.buildroot.net/w64devkit-x86-2.3.0.7z.exe
404	158	36988939		https://sources.buildroot.net/w64devkit-x86-2.4.0.7z.exe
404	158	37502825		https://sources.buildroot.net/w64devkit-x86-2.5.0.7z.exe
404	158	45003047		https://sources.buildroot.net/w64devkit-x86-2.6.0.7z.exe
404	158	57031880		https://sources.buildroot.net/w64devkit-x86-2.7.0.7z.exe
404	158	59594808		https://sources.buildroot.net/w64devkit-x86-2.8.0.7z.exe
404	158	60940352		https://sources.buildroot.net/w64devkit-x86-2.9.0.7z.exe
404	158	61220408		https://sources.buildroot.net/w64devkit-x86-2.9.1.7z.exe
404	158	92418591		https://sources.buildroot.net/winlibs-i686-mcf-dwarf-gcc-13.1.0-mingw-w64msvcrt-11.0.0-r1.7z
404	158	211197219		https://sources.buildroot.net/winlibs-i686-mcf-dwarf-gcc-13.1.0-mingw-w64msvcrt-11.0.0-r1.zip
404	158	92408516		https://sources.buildroot.net/winlibs-i686-mcf-dwarf-gcc-13.1.0-mingw-w64msvcrt-11.0.0-r3.7z
404	158	212242747		https://sources.buildroot.net/winlibs-i686-mcf-dwarf-gcc-13.1.0-mingw-w64msvcrt-11.0.0-r3.zip
404	158	97677460		https://sources.buildroot.net/winlibs-i686-mcf-dwarf-gcc-13.1.0-mingw-w64msvcrt-11.0.0-r5.7z
404	158	220978747		https://sources.buildroot.net/winlibs-i686-mcf-dwarf-gcc-13.1.0-mingw-w64msvcrt-11.0.0-r5.zip
404	158	92437484		https://sources.buildroot.net/winlibs-i686-mcf-dwarf-gcc-13.1.0-mingw-w64ucrt-11.0.0-r1.7z
404	158	210555484		https://sources.buildroot.net/winlibs-i686-mcf-dwarf-gcc-13.1.0-mingw-w64ucrt-11.0.0-r1.zip
404	158	92454969		https://sources.buildroot.net/winlibs-i686-mcf-dwarf-gcc-13.1.0-mingw-w64ucrt-11.0.0-r2.7z
404	158	211795886		https://sources.buildroot.net/winlibs-i686-mcf-dwarf-gcc-13.1.0-mingw-w64ucrt-11.0.0-r2.zip
404	158	92402129		https://sources.buildroot.net/winlibs-i686-mcf-dwarf-gcc-13.1.0-mingw-w64ucrt-11.0.0-r3.7z
404	158	211750304		https://sources.buildroot.net/winlibs-i686-mcf-dwarf-gcc-13.1.0-mingw-w64ucrt-11.0.0-r3.zip
404	158	97708170		https://sources.buildroot.net/winlibs-i686-mcf-dwarf-gcc-13.1.0-mingw-w64ucrt-11.0.0-r5.7z
404	158	220697607		https://sources.buildroot.net/winlibs-i686-mcf-dwarf-gcc-13.1.0-mingw-w64ucrt-11.0.0-r5.zip
404	158	98450294		https://sources.buildroot.net/winlibs-i686-mcf-dwarf-gcc-13.2.0-mingw-w64ucrt-11.0.0-r1.7z
404	158	222755566		https://sources.buildroot.net/winlibs-i686-mcf-dwarf-gcc-13.2.0-mingw-w64ucrt-11.0.0-r1.zip
404	158	92770033		https://sources.buildroot.net/winlibs-i686-mcf-dwarf-gcc-13.2.0-mingw-w64ucrt-11.0.1-r2.7z
404	158	218696644		https://sources.buildroot.net/winlibs-i686-mcf-dwarf-gcc-13.2.0-mingw-w64ucrt-11.0.1-r2.zip
404	158	95321769		https://sources.buildroot.net/winlibs-i686-mcf-dwarf-gcc-13.2.0-mingw-w64ucrt-11.0.1-r3.7z
404	158	222234276		https://sources.buildroot.net/winlibs-i686-mcf-dwarf-gcc-13.2.0-mingw-w64ucrt-11.0.1-r3.zip
404	158	108730149		https://sources.buildroot.net/winlibs-i686-mcf-dwarf-gcc-14.1.0-mingw-w64ucrt-11.0.1-r1.7z
404	158	240908661		https://sources.buildroot.net/winlibs-i686-mcf-dwarf-gcc-14.1.0-mingw-w64ucrt-11.0.1-r1.zip
404	158	110148783		https://sources.buildroot.net/winlibs-i686-mcf-dwarf-gcc-14.2.0-mingw-w64ucrt-12.0.0-r1.7z
404	158	245020799		https://sources.buildroot.net/winlibs-i686-mcf-dwarf-gcc-14.2.0-mingw-w64ucrt-12.0.0-r1.zip
404	158	103202898		https://sources.buildroot.net/winlibs-i686-mcf-dwarf-gcc-15.1.0-mingw-w64ucrt-12.0.0-r1.7z
404	158	260088080		https://sources.buildroot.net/winlibs-i686-mcf-dwarf-gcc-15.1.0-mingw-w64ucrt-12.0.0-r1.zip
404	158	104949498		https://sources.buildroot.net/winlibs-i686-mcf-dwarf-gcc-15.2.0-mingw-w64ucrt-13.0.0-r1.7z
404	158	265170737		https://sources.buildroot.net/winlibs-i686-mcf-dwarf-gcc-15.2.0-mingw-w64ucrt-13.0.0-r1.zip
404	158	110330543		https://sources.buildroot.net/winlibs-i686-mcf-dwarf-gcc-16.1.0-mingw-w64ucrt-14.0.0-r1.7z
404	158	278449666		https://sources.buildroot.net/winlibs-i686-mcf-dwarf-gcc-16.1.0-mingw-w64ucrt-14.0.0-r1.zip
404	158	83719559		https://sources.buildroot.net/winlibs-i686-posix-dwarf-gcc-10.4.0-mingw-w64msvcrt-10.0.0-r1.7z
404	158	181918800		https://sources.buildroot.net/winlibs-i686-posix-dwarf-gcc-10.4.0-mingw-w64msvcrt-10.0.0-r1.zip
404	158	89022334		https://sources.buildroot.net/winlibs-i686-posix-dwarf-gcc-10.5.0-mingw-w64msvcrt-11.0.1-r1.7z
404	158	201398252		https://sources.buildroot.net/winlibs-i686-posix-dwarf-gcc-10.5.0-mingw-w64msvcrt-11.0.1-r1.zip
404	158	203117422		https://sources.buildroot.net/winlibs-i686-posix-dwarf-gcc-10.5.0-mingw-w64msvcrt-11.0.1-r2.zip
404	158	79373565		https://sources.buildroot.net/winlibs-i686-posix-dwarf-gcc-11.2.0-mingw-w64msvcrt-10.0.0-r1.7z
404	158	184525644		https://sources.buildroot.net/winlibs-i686-posix-dwarf-gcc-11.2.0-mingw-w64msvcrt-10.0.0-r1.zip
404	158	79233256		https://sources.buildroot.net/winlibs-i686-posix-dwarf-gcc-11.2.0-mingw-w64msvcrt-9.0.0-r7.7z
404	158	184166764		https://sources.buildroot.net/winlibs-i686-posix-dwarf-gcc-11.2.0-mingw-w64msvcrt-9.0.0-r7.zip
404	158	79392778		https://sources.buildroot.net/winlibs-i686-posix-dwarf-gcc-11.2.0-mingw-w64ucrt-10.0.0-r1.7z
404	158	184091506		https://sources.buildroot.net/winlibs-i686-posix-dwarf-gcc-11.2.0-mingw-w64ucrt-10.0.0-r1.zip
404	158	66070434		https://sources.buildroot.net/winlibs-i686-posix-dwarf-gcc-11.2.0-mingw-w64ucrt-9.0.0-r1.7z
404	158	171860189		https://sources.buildroot.net/winlibs-i686-posix-dwarf-gcc-11.2.0-mingw-w64ucrt-9.0.0-r1.zip
404	158	65621904		https://sources.buildroot.net/winlibs-i686-posix-dwarf-gcc-11.2.0-mingw-w64ucrt-9.0.0-r2.7z
404	158	171347944		https://sources.buildroot.net/winlibs-i686-posix-dwarf-gcc-11.2.0-mingw-w64ucrt-9.0.0-r2.zip
404	158	81040365		https://sources.buildroot.net/winlibs-i686-posix-dwarf-gcc-11.2.0-mingw-w64ucrt-9.0.0-r3.7z
404	158	193047793		https://sources.buildroot.net/winlibs-i686-posix-dwarf-gcc-11.2.0-mingw-w64ucrt-9.0.0-r3.zip
404	158	81438955		https://sources.buildroot.net/winlibs-i686-posix-dwarf-gcc-11.2.0-mingw-w64ucrt-9.0.0-r4.7z
404	158	194261210		https://sources.buildroot.net/winlibs-i686-posix-dwarf-gcc-11.2.0-mingw-w64ucrt-9.0.0-r4.zip
404	158	79194941		https://sources.buildroot.net/winlibs-i686-posix-dwarf-gcc-11.2.0-mingw-w64ucrt-9.0.0-r5.7z
404	158	183609723		https://sources.buildroot.net/winlibs-i686-posix-dwarf-gcc-11.2.0-mingw-w64ucrt-9.0.0-r5.zip
404	158	79171239		https://sources.buildroot.net/winlibs-i686-posix-dwarf-gcc-11.2.0-mingw-w64ucrt-9.0.0-r7.7z
404	158	183605824		https://sources.buildroot.net/winlibs-i686-posix-dwarf-gcc-11.2.0-mingw-w64ucrt-9.0.0-r7.zip
404	158	79493405		https://sources.buildroot.net/winlibs-i686-posix-dwarf-gcc-11.3.0-mingw-w64msvcrt-10.0.0-r1.7z
404	158	184610633		https://sources.buildroot.net/winlibs-i686-posix-dwarf-gcc-11.3.0-mingw-w64msvcrt-10.0.0-r1.zip
404	158	79490460		https://sources.buildroot.net/winlibs-i686-posix-dwarf-gcc-11.3.0-mingw-w64msvcrt-10.0.0-r2.7z
404	158	184611861		https://sources.buildroot.net/winlibs-i686-posix-dwarf-gcc-11.3.0-mingw-w64msvcrt-10.0.0-r2.zip
404	158	79506152		https://sources.buildroot.net/winlibs-i686-posix-dwarf-gcc-11.3.0-mingw-w64msvcrt-10.0.0-r3.7z
404	158	184607190		https://sources.buildroot.net/winlibs-i686-posix-dwarf-gcc-11.3.0-mingw-w64msvcrt-10.0.0-r3.zip
404	158	79529090		https://sources.buildroot.net/winlibs-i686-posix-dwarf-gcc-11.3.0-mingw-w64ucrt-10.0.0-r1.7z
404	158	184175734		https://sources.buildroot.net/winlibs-i686-posix-dwarf-gcc-11.3.0-mingw-w64ucrt-10.0.0-r1.zip
404	158	79507014		https://sources.buildroot.net/winlibs-i686-posix-dwarf-gcc-11.3.0-mingw-w64ucrt-10.0.0-r2.7z
404	158	184178105		https://sources.buildroot.net/winlibs-i686-posix-dwarf-gcc-11.3.0-mingw-w64ucrt-10.0.0-r2.zip
404	158	79546722		https://sources.buildroot.net/winlibs-i686-posix-dwarf-gcc-11.3.0-mingw-w64ucrt-10.0.0-r3.7z
404	158	184174087		https://sources.buildroot.net/winlibs-i686-posix-dwarf-gcc-11.3.0-mingw-w64ucrt-10.0.0-r3.zip
404	158	100561790		https://sources.buildroot.net/winlibs-i686-posix-dwarf-gcc-11.4.0-mingw-w64msvcrt-11.0.0-r1.7z
404	158	219743389		https://sources.buildroot.net/winlibs-i686-posix-dwarf-gcc-11.4.0-mingw-w64msvcrt-11.0.0-r1.zip
404	158	100562255		https://sources.buildroot.net/winlibs-i686-posix-dwarf-gcc-11.4.0-mingw-w64ucrt-11.0.0-r1.7z
404	158	219243850		https://sources.buildroot.net/winlibs-i686-posix-dwarf-gcc-11.4.0-mingw-w64ucrt-11.0.0-r1.zip
404	158	103390263		https://sources.buildroot.net/winlibs-i686-posix-dwarf-gcc-11.5.0-mingw-w64msvcrt-12.0.0-r1.7z
404	158	232147399		https://sources.buildroot.net/winlibs-i686-posix-dwarf-gcc-11.5.0-mingw-w64msvcrt-12.0.0-r1.zip
404	158	103099969		https://sources.buildroot.net/winlibs-i686-posix-dwarf-gcc-11.5.0-mingw-w64ucrt-12.0.0-r1.7z
404	158	231692812		https://sources.buildroot.net/winlibs-i686-posix-dwarf-gcc-11.5.0-mingw-w64ucrt-12.0.0-r1.zip
404	158	84383024		https://sources.buildroot.net/winlibs-i686-posix-dwarf-gcc-12.1.0-mingw-w64msvcrt-10.0.0-r1.7z
404	158	196247692		https://sources.buildroot.net/winlibs-i686-posix-dwarf-gcc-12.1.0-mingw-w64msvcrt-10.0.0-r1.zip
404	158	84466963		https://sources.buildroot.net/winlibs-i686-posix-dwarf-gcc-12.1.0-mingw-w64msvcrt-10.0.0-r2.7z
404	158	196320809		https://sources.buildroot.net/winlibs-i686-posix-dwarf-gcc-12.1.0-mingw-w64msvcrt-10.0.0-r2.zip
404	158	84682855		https://sources.buildroot.net/winlibs-i686-posix-dwarf-gcc-12.1.0-mingw-w64msvcrt-10.0.0-r3.7z
404	158	196513293		https://sources.buildroot.net/winlibs-i686-posix-dwarf-gcc-12.1.0-mingw-w64msvcrt-10.0.0-r3.zip
404	158	89972331		https://sources.buildroot.net/winlibs-i686-posix-dwarf-gcc-12.1.0-mingw-w64ucrt-10.0.0-r2.7z
404	158	202935127		https://sources.buildroot.net/winlibs-i686-posix-dwarf-gcc-12.1.0-mingw-w64ucrt-10.0.0-r2.zip
404	158	89522832		https://sources.buildroot.net/winlibs-i686-posix-dwarf-gcc-12.1.0-mingw-w64ucrt-10.0.0-r3.7z
404	158	202465432		https://sources.buildroot.net/winlibs-i686-posix-dwarf-gcc-12.1.0-mingw-w64ucrt-10.0.0-r3.zip
404	158	89204998		https://sources.buildroot.net/winlibs-i686-posix-dwarf-gcc-12.2.0-mingw-w64msvcrt-10.0.0-r1.7z
404	158	199849942		https://sources.buildroot.net/winlibs-i686-posix-dwarf-gcc-12.2.0-mingw-w64msvcrt-10.0.0-r1.zip
404	158	89280319		https://sources.buildroot.net/winlibs-i686-posix-dwarf-gcc-12.2.0-mingw-w64msvcrt-10.0.0-r2.7z
404	158	199938280		https://sources.buildroot.net/winlibs-i686-posix-dwarf-gcc-12.2.0-mingw-w64msvcrt-10.0.0-r2.zip
404	158	105594895		https://sources.buildroot.net/winlibs-i686-posix-dwarf-gcc-12.2.0-mingw-w64msvcrt-10.0.0-r3.7z
404	158	276020586		https://sources.buildroot.net/winlibs-i686-posix-dwarf-gcc-12.2.0-mingw-w64msvcrt-10.0.0-r3.zip
404	158	102252187		https://sources.buildroot.net/winlibs-i686-posix-dwarf-gcc-12.2.0-mingw-w64msvcrt-10.0.0-r4.7z
404	158	231026202		https://sources.buildroot.net/winlibs-i686-posix-dwarf-gcc-12.2.0-mingw-w64msvcrt-10.0.0-r4.zip
404	158	102430528		https://sources.buildroot.net/winlibs-i686-posix-dwarf-gcc-12.2.0-mingw-w64msvcrt-10.0.0-r5.7z
404	158	231211017		https://sources.buildroot.net/winlibs-i686-posix-dwarf-gcc-12.2.0-mingw-w64msvcrt-10.0.0-r5.zip
404	158	89102267		https://sources.buildroot.net/winlibs-i686-posix-dwarf-gcc-12.2.0-mingw-w64ucrt-10.0.0-r1.7z
404	158	199363406		https://sources.buildroot.net/winlibs-i686-posix-dwarf-gcc-12.2.0-mingw-w64ucrt-10.0.0-r1.zip
404	158	89107332		https://sources.buildroot.net/winlibs-i686-posix-dwarf-gcc-12.2.0-mingw-w64ucrt-10.0.0-r2.7z
404	158	199419496		https://sources.buildroot.net/winlibs-i686-posix-dwarf-gcc-12.2.0-mingw-w64ucrt-10.0.0-r2.zip
404	158	105414494		https://sources.buildroot.net/winlibs-i686-posix-dwarf-gcc-12.2.0-mingw-w64ucrt-10.0.0-r3.7z
404	158	275428325		https://sources.buildroot.net/winlibs-i686-posix-dwarf-gcc-12.2.0-mingw-w64ucrt-10.0.0-r3.zip
404	158	101968057		https://sources.buildroot.net/winlibs-i686-posix-dwarf-gcc-12.2.0-mingw-w64ucrt-10.0.0-r4.7z
404	158	230458826		https://sources.buildroot.net/winlibs-i686-posix-dwarf-gcc-12.2.0-mingw-w64ucrt-10.0.0-r4.zip
404	158	102165205		https://sources.buildroot.net/winlibs-i686-posix-dwarf-gcc-12.2.0-mingw-w64ucrt-10.0.0-r5.7z
404	158	230710511		https://sources.buildroot.net/winlibs-i686-posix-dwarf-gcc-12.2.0-mingw-w64ucrt-10.0.0-r5.zip
404	158	96076601		https://sources.buildroot.net/winlibs-i686-posix-dwarf-gcc-12.3.0-mingw-w64msvcrt-11.0.0-r1.7z
404	158	221906615		https://sources.buildroot.net/winlibs-i686-posix-dwarf-gcc-12.3.0-mingw-w64msvcrt-11.0.0-r1.zip
404	158	95896249		https://sources.buildroot.net/winlibs-i686-posix-dwarf-gcc-12.3.0-mingw-w64ucrt-11.0.0-r1.7z
404	158	221559201		https://sources.buildroot.net/winlibs-i686-posix-dwarf-gcc-12.3.0-mingw-w64ucrt-11.0.0-r1.zip
404	158	114716833		https://sources.buildroot.net/winlibs-i686-posix-dwarf-gcc-12.4.0-mingw-w64msvcrt-12.0.0-r1.7z
404	158	248932885		https://sources.buildroot.net/winlibs-i686-posix-dwarf-gcc-12.4.0-mingw-w64msvcrt-12.0.0-r1.zip
404	158	114597217		https://sources.buildroot.net/winlibs-i686-posix-dwarf-gcc-12.4.0-mingw-w64ucrt-12.0.0-r1.7z
404	158	248338112		https://sources.buildroot.net/winlibs-i686-posix-dwarf-gcc-12.4.0-mingw-w64ucrt-12.0.0-r1.zip
404	158	92244042		https://sources.buildroot.net/winlibs-i686-posix-dwarf-gcc-13.1.0-mingw-w64msvcrt-11.0.0-r1.7z
404	158	210840652		https://sources.buildroot.net/winlibs-i686-posix-dwarf-gcc-13.1.0-mingw-w64msvcrt-11.0.0-r1.zip
404	158	92322825		https://sources.buildroot.net/winlibs-i686-posix-dwarf-gcc-13.1.0-mingw-w64msvcrt-11.0.0-r4.7z
404	158	212048547		https://sources.buildroot.net/winlibs-i686-posix-dwarf-gcc-13.1.0-mingw-w64msvcrt-11.0.0-r4.zip
404	158	97764563		https://sources.buildroot.net/winlibs-i686-posix-dwarf-gcc-13.1.0-mingw-w64msvcrt-11.0.0-r5.7z
404	158	221521752		https://sources.buildroot.net/winlibs-i686-posix-dwarf-gcc-13.1.0-mingw-w64msvcrt-11.0.0-r5.zip
404	158	92245685		https://sources.buildroot.net/winlibs-i686-posix-dwarf-gcc-13.1.0-mingw-w64ucrt-11.0.0-r1.7z
404	158	210345045		https://sources.buildroot.net/winlibs-i686-posix-dwarf-gcc-13.1.0-mingw-w64ucrt-11.0.0-r1.zip
404	158	92358692		https://sources.buildroot.net/winlibs-i686-posix-dwarf-gcc-13.1.0-mingw-w64ucrt-11.0.0-r4.7z
404	158	211696875		https://sources.buildroot.net/winlibs-i686-posix-dwarf-gcc-13.1.0-mingw-w64ucrt-11.0.0-r4.zip
404	158	97871037		https://sources.buildroot.net/winlibs-i686-posix-dwarf-gcc-13.1.0-mingw-w64ucrt-11.0.0-r5.7z
404	158	221227354		https://sources.buildroot.net/winlibs-i686-posix-dwarf-gcc-13.1.0-mingw-w64ucrt-11.0.0-r5.zip
404	158	92760420		https://sources.buildroot.net/winlibs-i686-posix-dwarf-gcc-13.2.0-mingw-w64msvcrt-11.0.1-r1.7z
404	158	219088287		https://sources.buildroot.net/winlibs-i686-posix-dwarf-gcc-13.2.0-mingw-w64msvcrt-11.0.1-r1.zip
404	158	95363130		https://sources.buildroot.net/winlibs-i686-posix-dwarf-gcc-13.2.0-mingw-w64msvcrt-11.0.1-r2.7z
404	158	222882590		https://sources.buildroot.net/winlibs-i686-posix-dwarf-gcc-13.2.0-mingw-w64msvcrt-11.0.1-r2.zip
404	158	95332870		https://sources.buildroot.net/winlibs-i686-posix-dwarf-gcc-13.2.0-mingw-w64msvcrt-11.0.1-r3.7z
404	158	222562390		https://sources.buildroot.net/winlibs-i686-posix-dwarf-gcc-13.2.0-mingw-w64msvcrt-11.0.1-r3.zip
404	158	95466461		https://sources.buildroot.net/winlibs-i686-posix-dwarf-gcc-13.2.0-mingw-w64msvcrt-11.0.1-r4.7z
404	158	222750204		https://sources.buildroot.net/winlibs-i686-posix-dwarf-gcc-13.2.0-mingw-w64msvcrt-11.0.1-r4.zip
404	158	95545432		https://sources.buildroot.net/winlibs-i686-posix-dwarf-gcc-13.2.0-mingw-w64msvcrt-11.0.1-r5.7z
404	158	223073443		https://sources.buildroot.net/winlibs-i686-posix-dwarf-gcc-13.2.0-mingw-w64msvcrt-11.0.1-r5.zip
404	158	95480740		https://sources.buildroot.net/winlibs-i686-posix-dwarf-gcc-13.2.0-mingw-w64msvcrt-11.0.1-r6.7z
404	158	222892962		https://sources.buildroot.net/winlibs-i686-posix-dwarf-gcc-13.2.0-mingw-w64msvcrt-11.0.1-r6.zip
404	158	97737690		https://sources.buildroot.net/winlibs-i686-posix-dwarf-gcc-13.2.0-mingw-w64msvcrt-11.0.1-r7.7z
404	158	226201737		https://sources.buildroot.net/winlibs-i686-posix-dwarf-gcc-13.2.0-mingw-w64msvcrt-11.0.1-r7.zip
404	158	97962525		https://sources.buildroot.net/winlibs-i686-posix-dwarf-gcc-13.2.0-mingw-w64msvcrt-11.0.1-r8.7z
404	158	226635532		https://sources.buildroot.net/winlibs-i686-posix-dwarf-gcc-13.2.0-mingw-w64msvcrt-11.0.1-r8.zip
404	158	98353756		https://sources.buildroot.net/winlibs-i686-posix-dwarf-gcc-13.2.0-mingw-w64ucrt-11.0.0-r1.7z
404	158	222685422		https://sources.buildroot.net/winlibs-i686-posix-dwarf-gcc-13.2.0-mingw-w64ucrt-11.0.0-r1.zip
404	158	95309463		https://sources.buildroot.net/winlibs-i686-posix-dwarf-gcc-13.2.0-mingw-w64ucrt-11.0.1-r3.7z
404	158	222467318		https://sources.buildroot.net/winlibs-i686-posix-dwarf-gcc-13.2.0-mingw-w64ucrt-11.0.1-r3.zip
404	158	95324204		https://sources.buildroot.net/winlibs-i686-posix-dwarf-gcc-13.2.0-mingw-w64ucrt-11.0.1-r4.7z
404	158	222263612		https://sources.buildroot.net/winlibs-i686-posix-dwarf-gcc-13.2.0-mingw-w64ucrt-11.0.1-r4.zip
404	158	95511219		https://sources.buildroot.net/winlibs-i686-posix-dwarf-gcc-13.2.0-mingw-w64ucrt-11.0.1-r5.7z
404	158	222653481		https://sources.buildroot.net/winlibs-i686-posix-dwarf-gcc-13.2.0-mingw-w64ucrt-11.0.1-r5.zip
404	158	97854391		https://sources.buildroot.net/winlibs-i686-posix-dwarf-gcc-13.2.0-mingw-w64ucrt-11.0.1-r7.7z
404	158	226141530		https://sources.buildroot.net/winlibs-i686-posix-dwarf-gcc-13.2.0-mingw-w64ucrt-11.0.1-r7.zip
404	158	97879072		https://sources.buildroot.net/winlibs-i686-posix-dwarf-gcc-13.2.0-mingw-w64ucrt-11.0.1-r8.7z
404	158	226174343		https://sources.buildroot.net/winlibs-i686-posix-dwarf-gcc-13.2.0-mingw-w64ucrt-11.0.1-r8.zip
404	158	99051087		https://sources.buildroot.net/winlibs-i686-posix-dwarf-gcc-13.3.0-mingw-w64msvcrt-11.0.1-r1.7z
404	158	228024189		https://sources.buildroot.net/winlibs-i686-posix-dwarf-gcc-13.3.0-mingw-w64msvcrt-11.0.1-r1.zip
404	158	99035543		https://sources.buildroot.net/winlibs-i686-posix-dwarf-gcc-13.3.0-mingw-w64ucrt-11.0.1-r1.7z
404	158	227571916		https://sources.buildroot.net/winlibs-i686-posix-dwarf-gcc-13.3.0-mingw-w64ucrt-11.0.1-r1.zip
404	158	108920668		https://sources.buildroot.net/winlibs-i686-posix-dwarf-gcc-14.1.0-mingw-w64msvcrt-11.0.1-r1.7z
404	158	242338086		https://sources.buildroot.net/winlibs-i686-posix-dwarf-gcc-14.1.0-mingw-w64msvcrt-11.0.1-r1.zip
404	158	109790269		https://sources.buildroot.net/winlibs-i686-posix-dwarf-gcc-14.1.0-mingw-w64msvcrt-12.0.0-r2.7z
404	158	244339438		https://sources.buildroot.net/winlibs-i686-posix-dwarf-gcc-14.1.0-mingw-w64msvcrt-12.0.0-r2.zip
404	158	109957398		https://sources.buildroot.net/winlibs-i686-posix-dwarf-gcc-14.1.0-mingw-w64msvcrt-12.0.0-r3.7z
404	158	244801583		https://sources.buildroot.net/winlibs-i686-posix-dwarf-gcc-14.1.0-mingw-w64msvcrt-12.0.0-r3.zip
404	158	109011087		https://sources.buildroot.net/winlibs-i686-posix-dwarf-gcc-14.1.0-mingw-w64ucrt-11.0.1-r1.7z
404	158	241888081		https://sources.buildroot.net/winlibs-i686-posix-dwarf-gcc-14.1.0-mingw-w64ucrt-11.0.1-r1.zip
404	158	109647282		https://sources.buildroot.net/winlibs-i686-posix-dwarf-gcc-14.1.0-mingw-w64ucrt-12.0.0-r2.7z
404	158	243822573		https://sources.buildroot.net/winlibs-i686-posix-dwarf-gcc-14.1.0-mingw-w64ucrt-12.0.0-r2.zip
404	158	109931786		https://sources.buildroot.net/winlibs-i686-posix-dwarf-gcc-14.1.0-mingw-w64ucrt-12.0.0-r3.7z
404	158	244301345		https://sources.buildroot.net/winlibs-i686-posix-dwarf-gcc-14.1.0-mingw-w64ucrt-12.0.0-r3.zip
404	158	110122578		https://sources.buildroot.net/winlibs-i686-posix-dwarf-gcc-14.2.0-mingw-w64msvcrt-12.0.0-r1.7z
404	158	245487085		https://sources.buildroot.net/winlibs-i686-posix-dwarf-gcc-14.2.0-mingw-w64msvcrt-12.0.0-r1.zip
404	158	110258138		https://sources.buildroot.net/winlibs-i686-posix-dwarf-gcc-14.2.0-mingw-w64msvcrt-12.0.0-r2.7z
404	158	245623744		https://sources.buildroot.net/winlibs-i686-posix-dwarf-gcc-14.2.0-mingw-w64msvcrt-12.0.0-r2.zip
404	158	100486966		https://sources.buildroot.net/winlibs-i686-posix-dwarf-gcc-14.2.0-mingw-w64msvcrt-12.0.0-r3.7z
404	158	247791485		https://sources.buildroot.net/winlibs-i686-posix-dwarf-gcc-14.2.0-mingw-w64msvcrt-12.0.0-r3.zip
404	158	110130017		https://sources.buildroot.net/winlibs-i686-posix-dwarf-gcc-14.2.0-mingw-w64ucrt-12.0.0-r1.7z
404	158	244953384		https://sources.buildroot.net/winlibs-i686-posix-dwarf-gcc-14.2.0-mingw-w64ucrt-12.0.0-r1.zip
404	158	110348217		https://sources.buildroot.net/winlibs-i686-posix-dwarf-gcc-14.2.0-mingw-w64ucrt-12.0.0-r2.7z
404	158	245137846		https://sources.buildroot.net/winlibs-i686-posix-dwarf-gcc-14.2.0-mingw-w64ucrt-12.0.0-r2.zip
404	158	100561919		https://sources.buildroot.net/winlibs-i686-posix-dwarf-gcc-14.2.0-mingw-w64ucrt-12.0.0-r3.7z
404	158	247406807		https://sources.buildroot.net/winlibs-i686-posix-dwarf-gcc-14.2.0-mingw-w64ucrt-12.0.0-r3.zip
404	158	96213345		https://sources.buildroot.net/winlibs-i686-posix-dwarf-gcc-14.3.0-mingw-w64msvcrt-12.0.0-r1.7z
404	158	235143516		https://sources.buildroot.net/winlibs-i686-posix-dwarf-gcc-14.3.0-mingw-w64msvcrt-12.0.0-r1.zip
404	158	96139901		https://sources.buildroot.net/winlibs-i686-posix-dwarf-gcc-14.3.0-mingw-w64ucrt-12.0.0-r1.7z
404	158	234364074		https://sources.buildroot.net/winlibs-i686-posix-dwarf-gcc-14.3.0-mingw-w64ucrt-12.0.0-r1.zip
404	158	103389508		https://sources.buildroot.net/winlibs-i686-posix-dwarf-gcc-15.1.0-mingw-w64msvcrt-12.0.0-r1.7z
404	158	260836590		https://sources.buildroot.net/winlibs-i686-posix-dwarf-gcc-15.1.0-mingw-w64msvcrt-12.0.0-r1.zip
404	158	104121599		https://sources.buildroot.net/winlibs-i686-posix-dwarf-gcc-15.1.0-mingw-w64msvcrt-13.0.0-r2.7z
404	158	262736450		https://sources.buildroot.net/winlibs-i686-posix-dwarf-gcc-15.1.0-mingw-w64msvcrt-13.0.0-r2.zip
404	158	104107423		https://sources.buildroot.net/winlibs-i686-posix-dwarf-gcc-15.1.0-mingw-w64msvcrt-13.0.0-r3.7z
404	158	262739629		https://sources.buildroot.net/winlibs-i686-posix-dwarf-gcc-15.1.0-mingw-w64msvcrt-13.0.0-r3.zip
404	158	104230391		https://sources.buildroot.net/winlibs-i686-posix-dwarf-gcc-15.1.0-mingw-w64msvcrt-13.0.0-r4.7z
404	158	262794390		https://sources.buildroot.net/winlibs-i686-posix-dwarf-gcc-15.1.0-mingw-w64msvcrt-13.0.0-r4.zip
404	158	103322262		https://sources.buildroot.net/winlibs-i686-posix-dwarf-gcc-15.1.0-mingw-w64ucrt-12.0.0-r1.7z
404	158	260472980		https://sources.buildroot.net/winlibs-i686-posix-dwarf-gcc-15.1.0-mingw-w64ucrt-12.0.0-r1.zip
404	158	103991928		https://sources.buildroot.net/winlibs-i686-posix-dwarf-gcc-15.1.0-mingw-w64ucrt-13.0.0-r2.7z
404	158	261966787		https://sources.buildroot.net/winlibs-i686-posix-dwarf-gcc-15.1.0-mingw-w64ucrt-13.0.0-r2.zip
404	158	103995973		https://sources.buildroot.net/winlibs-i686-posix-dwarf-gcc-15.1.0-mingw-w64ucrt-13.0.0-r3.7z
404	158	261967814		https://sources.buildroot.net/winlibs-i686-posix-dwarf-gcc-15.1.0-mingw-w64ucrt-13.0.0-r3.zip
404	158	104099349		https://sources.buildroot.net/winlibs-i686-posix-dwarf-gcc-15.1.0-mingw-w64ucrt-13.0.0-r4.7z
404	158	262047865		https://sources.buildroot.net/winlibs-i686-posix-dwarf-gcc-15.1.0-mingw-w64ucrt-13.0.0-r4.zip
404	158	104351823		https://sources.buildroot.net/winlibs-i686-posix-dwarf-gcc-15.2.0-mingw-w64msvcrt-13.0.0-r1.7z
404	158	263139076		https://sources.buildroot.net/winlibs-i686-posix-dwarf-gcc-15.2.0-mingw-w64msvcrt-13.0.0-r1.zip
404	158	104503724		https://sources.buildroot.net/winlibs-i686-posix-dwarf-gcc-15.2.0-mingw-w64msvcrt-13.0.0-r2.7z
404	158	263995871		https://sources.buildroot.net/winlibs-i686-posix-dwarf-gcc-15.2.0-mingw-w64msvcrt-13.0.0-r2.zip
404	158	104499672		https://sources.buildroot.net/winlibs-i686-posix-dwarf-gcc-15.2.0-mingw-w64msvcrt-13.0.0-r3.7z
404	158	263769120		https://sources.buildroot.net/winlibs-i686-posix-dwarf-gcc-15.2.0-mingw-w64msvcrt-13.0.0-r3.zip
404	158	104826253		https://sources.buildroot.net/winlibs-i686-posix-dwarf-gcc-15.2.0-mingw-w64msvcrt-13.0.0-r4.7z
404	158	264958201		https://sources.buildroot.net/winlibs-i686-posix-dwarf-gcc-15.2.0-mingw-w64msvcrt-13.0.0-r4.zip
404	158	104865919		https://sources.buildroot.net/winlibs-i686-posix-dwarf-gcc-15.2.0-mingw-w64msvcrt-13.0.0-r5.7z
404	158	265017746		https://sources.buildroot.net/winlibs-i686-posix-dwarf-gcc-15.2.0-mingw-w64msvcrt-13.0.0-r5.zip
404	158	105135795		https://sources.buildroot.net/winlibs-i686-posix-dwarf-gcc-15.2.0-mingw-w64msvcrt-13.0.0-r6.7z
404	158	266321411		https://sources.buildroot.net/winlibs-i686-posix-dwarf-gcc-15.2.0-mingw-w64msvcrt-13.0.0-r6.zip
404	158	105383937		https://sources.buildroot.net/winlibs-i686-posix-dwarf-gcc-15.2.0-mingw-w64msvcrt-14.0.0-r7.7z
404	158	267660403		https://sources.buildroot.net/winlibs-i686-posix-dwarf-gcc-15.2.0-mingw-w64msvcrt-14.0.0-r7.zip
404	158	104194029		https://sources.buildroot.net/winlibs-i686-posix-dwarf-gcc-15.2.0-mingw-w64ucrt-13.0.0-r1.7z
404	158	262401117		https://sources.buildroot.net/winlibs-i686-posix-dwarf-gcc-15.2.0-mingw-w64ucrt-13.0.0-r1.zip
404	158	104361712		https://sources.buildroot.net/winlibs-i686-posix-dwarf-gcc-15.2.0-mingw-w64ucrt-13.0.0-r2.7z
404	158	263246098		https://sources.buildroot.net/winlibs-i686-posix-dwarf-gcc-15.2.0-mingw-w64ucrt-13.0.0-r2.zip
404	158	98610776		https://sources.buildroot.net/winlibs-i686-posix-dwarf-gcc-15.2.0-mingw-w64ucrt-13.0.0-r3.7z
404	158	233100683		https://sources.buildroot.net/winlibs-i686-posix-dwarf-gcc-15.2.0-mingw-w64ucrt-13.0.0-r3.zip
404	158	104696075		https://sources.buildroot.net/winlibs-i686-posix-dwarf-gcc-15.2.0-mingw-w64ucrt-13.0.0-r4.7z
404	158	264237183		https://sources.buildroot.net/winlibs-i686-posix-dwarf-gcc-15.2.0-mingw-w64ucrt-13.0.0-r4.zip
404	158	104729157		https://sources.buildroot.net/winlibs-i686-posix-dwarf-gcc-15.2.0-mingw-w64ucrt-13.0.0-r5.7z
404	158	264268716		https://sources.buildroot.net/winlibs-i686-posix-dwarf-gcc-15.2.0-mingw-w64ucrt-13.0.0-r5.zip
404	158	105038722		https://sources.buildroot.net/winlibs-i686-posix-dwarf-gcc-15.2.0-mingw-w64ucrt-13.0.0-r6.7z
404	158	265533145		https://sources.buildroot.net/winlibs-i686-posix-dwarf-gcc-15.2.0-mingw-w64ucrt-13.0.0-r6.zip
404	158	105222103		https://sources.buildroot.net/winlibs-i686-posix-dwarf-gcc-15.2.0-mingw-w64ucrt-14.0.0-r7.7z
404	158	266856266		https://sources.buildroot.net/winlibs-i686-posix-dwarf-gcc-15.2.0-mingw-w64ucrt-14.0.0-r7.zip
404	158	106317316		https://sources.buildroot.net/winlibs-i686-posix-dwarf-gcc-15.3.0-mingw-w64msvcrt-14.0.0-r1.7z
404	158	269072102		https://sources.buildroot.net/winlibs-i686-posix-dwarf-gcc-15.3.0-mingw-w64msvcrt-14.0.0-r1.zip
404	158	105937974		https://sources.buildroot.net/winlibs-i686-posix-dwarf-gcc-15.3.0-mingw-w64ucrt-14.0.0-r1.7z
404	158	267597931		https://sources.buildroot.net/winlibs-i686-posix-dwarf-gcc-15.3.0-mingw-w64ucrt-14.0.0-r1.zip
404	158	110147465		https://sources.buildroot.net/winlibs-i686-posix-dwarf-gcc-16.1.0-mingw-w64msvcrt-14.0.0-r1.7z
404	158	279063904		https://sources.buildroot.net/winlibs-i686-posix-dwarf-gcc-16.1.0-mingw-w64msvcrt-14.0.0-r1.zip
404	158	73943650		https://sources.buildroot.net/winlibs-i686-posix-dwarf-gcc-9.5.0-mingw-w64msvcrt-10.0.0-r1.7z
404	158	164639599		https://sources.buildroot.net/winlibs-i686-posix-dwarf-gcc-9.5.0-mingw-w64msvcrt-10.0.0-r1.zip
404	158	96271506		https://sources.buildroot.net/winlibs-x86_64-mcf-seh-gcc-13.1.0-mingw-w64msvcrt-11.0.0-r1.7z
404	158	219640495		https://sources.buildroot.net/winlibs-x86_64-mcf-seh-gcc-13.1.0-mingw-w64msvcrt-11.0.0-r1.zip
404	158	96610465		https://sources.buildroot.net/winlibs-x86_64-mcf-seh-gcc-13.1.0-mingw-w64msvcrt-11.0.0-r3.7z
404	158	220715782		https://sources.buildroot.net/winlibs-x86_64-mcf-seh-gcc-13.1.0-mingw-w64msvcrt-11.0.0-r3.zip
404	158	93389379		https://sources.buildroot.net/winlibs-x86_64-mcf-seh-gcc-13.1.0-mingw-w64msvcrt-11.0.0-r5.7z
404	158	218445263		https://sources.buildroot.net/winlibs-x86_64-mcf-seh-gcc-13.1.0-mingw-w64msvcrt-11.0.0-r5.zip
404	158	96276144		https://sources.buildroot.net/winlibs-x86_64-mcf-seh-gcc-13.1.0-mingw-w64ucrt-11.0.0-r1.7z
404	158	219180706		https://sources.buildroot.net/winlibs-x86_64-mcf-seh-gcc-13.1.0-mingw-w64ucrt-11.0.0-r1.zip
404	158	96619217		https://sources.buildroot.net/winlibs-x86_64-mcf-seh-gcc-13.1.0-mingw-w64ucrt-11.0.0-r2.7z
404	158	220294953		https://sources.buildroot.net/winlibs-x86_64-mcf-seh-gcc-13.1.0-mingw-w64ucrt-11.0.0-r2.zip
404	158	96580513		https://sources.buildroot.net/winlibs-x86_64-mcf-seh-gcc-13.1.0-mingw-w64ucrt-11.0.0-r3.7z
404	158	220184392		https://sources.buildroot.net/winlibs-x86_64-mcf-seh-gcc-13.1.0-mingw-w64ucrt-11.0.0-r3.zip
404	158	93356792		https://sources.buildroot.net/winlibs-x86_64-mcf-seh-gcc-13.1.0-mingw-w64ucrt-11.0.0-r5.7z
404	158	217980104		https://sources.buildroot.net/winlibs-x86_64-mcf-seh-gcc-13.1.0-mingw-w64ucrt-11.0.0-r5.zip
404	158	93973142		https://sources.buildroot.net/winlibs-x86_64-mcf-seh-gcc-13.2.0-mingw-w64ucrt-11.0.0-r1.7z
404	158	219976940		https://sources.buildroot.net/winlibs-x86_64-mcf-seh-gcc-13.2.0-mingw-w64ucrt-11.0.0-r1.zip
404	158	93540205		https://sources.buildroot.net/winlibs-x86_64-mcf-seh-gcc-13.2.0-mingw-w64ucrt-11.0.1-r2.7z
404	158	218368191		https://sources.buildroot.net/winlibs-x86_64-mcf-seh-gcc-13.2.0-mingw-w64ucrt-11.0.1-r2.zip
404	158	95929716		https://sources.buildroot.net/winlibs-x86_64-mcf-seh-gcc-13.2.0-mingw-w64ucrt-11.0.1-r3.7z
404	158	221973177		https://sources.buildroot.net/winlibs-x86_64-mcf-seh-gcc-13.2.0-mingw-w64ucrt-11.0.1-r3.zip
404	158	102703868		https://sources.buildroot.net/winlibs-x86_64-mcf-seh-gcc-14.1.0-mingw-w64ucrt-11.0.1-r1.7z
404	158	239989678		https://sources.buildroot.net/winlibs-x86_64-mcf-seh-gcc-14.1.0-mingw-w64ucrt-11.0.1-r1.zip
404	158	104748205		https://sources.buildroot.net/winlibs-x86_64-mcf-seh-gcc-14.2.0-mingw-w64ucrt-12.0.0-r1.7z
404	158	245085225		https://sources.buildroot.net/winlibs-x86_64-mcf-seh-gcc-14.2.0-mingw-w64ucrt-12.0.0-r1.zip
404	158	104732646		https://sources.buildroot.net/winlibs-x86_64-mcf-seh-gcc-15.1.0-mingw-w64ucrt-12.0.0-r1.7z
404	158	261309857		https://sources.buildroot.net/winlibs-x86_64-mcf-seh-gcc-15.1.0-mingw-w64ucrt-12.0.0-r1.zip
404	158	106815454		https://sources.buildroot.net/winlibs-x86_64-mcf-seh-gcc-15.2.0-mingw-w64ucrt-13.0.0-r1.7z
404	158	266018287		https://sources.buildroot.net/winlibs-x86_64-mcf-seh-gcc-15.2.0-mingw-w64ucrt-13.0.0-r1.zip
404	158	109280055		https://sources.buildroot.net/winlibs-x86_64-mcf-seh-gcc-16.1.0-mingw-w64ucrt-14.0.0-r1.7z
404	158	272074025		https://sources.buildroot.net/winlibs-x86_64-mcf-seh-gcc-16.1.0-mingw-w64ucrt-14.0.0-r1.zip
404	158	82127668		https://sources.buildroot.net/winlibs-x86_64-posix-seh-gcc-10.4.0-mingw-w64msvcrt-10.0.0-r1.7z
404	158	183623535		https://sources.buildroot.net/winlibs-x86_64-posix-seh-gcc-10.4.0-mingw-w64msvcrt-10.0.0-r1.zip
404	158	88393392		https://sources.buildroot.net/winlibs-x86_64-posix-seh-gcc-10.5.0-mingw-w64msvcrt-11.0.1-r1.7z
404	158	204761998		https://sources.buildroot.net/winlibs-x86_64-posix-seh-gcc-10.5.0-mingw-w64msvcrt-11.0.1-r1.zip
404	158	88431815		https://sources.buildroot.net/winlibs-x86_64-posix-seh-gcc-10.5.0-mingw-w64msvcrt-11.0.1-r2.7z
404	158	204089825		https://sources.buildroot.net/winlibs-x86_64-posix-seh-gcc-10.5.0-mingw-w64msvcrt-11.0.1-r2.zip
404	158	80996621		https://sources.buildroot.net/winlibs-x86_64-posix-seh-gcc-11.2.0-mingw-w64msvcrt-10.0.0-r1.7z
404	158	186686552		https://sources.buildroot.net/winlibs-x86_64-posix-seh-gcc-11.2.0-mingw-w64msvcrt-10.0.0-r1.zip
404	158	80862765		https://sources.buildroot.net/winlibs-x86_64-posix-seh-gcc-11.2.0-mingw-w64msvcrt-9.0.0-r7.7z
404	158	186500522		https://sources.buildroot.net/winlibs-x86_64-posix-seh-gcc-11.2.0-mingw-w64msvcrt-9.0.0-r7.zip
404	158	81015994		https://sources.buildroot.net/winlibs-x86_64-posix-seh-gcc-11.2.0-mingw-w64ucrt-10.0.0-r1.7z
404	158	186491167		https://sources.buildroot.net/winlibs-x86_64-posix-seh-gcc-11.2.0-mingw-w64ucrt-10.0.0-r1.zip
404	158	66906176		https://sources.buildroot.net/winlibs-x86_64-posix-seh-gcc-11.2.0-mingw-w64ucrt-9.0.0-r1.7z
404	158	173316762		https://sources.buildroot.net/winlibs-x86_64-posix-seh-gcc-11.2.0-mingw-w64ucrt-9.0.0-r1.zip
404	158	66452303		https://sources.buildroot.net/winlibs-x86_64-posix-seh-gcc-11.2.0-mingw-w64ucrt-9.0.0-r2.7z
404	158	172849289		https://sources.buildroot.net/winlibs-x86_64-posix-seh-gcc-11.2.0-mingw-w64ucrt-9.0.0-r2.zip
404	158	82541333		https://sources.buildroot.net/winlibs-x86_64-posix-seh-gcc-11.2.0-mingw-w64ucrt-9.0.0-r3.7z
404	158	195363651		https://sources.buildroot.net/winlibs-x86_64-posix-seh-gcc-11.2.0-mingw-w64ucrt-9.0.0-r3.zip
404	158	83001090		https://sources.buildroot.net/winlibs-x86_64-posix-seh-gcc-11.2.0-mingw-w64ucrt-9.0.0-r4.7z
404	158	196616013		https://sources.buildroot.net/winlibs-x86_64-posix-seh-gcc-11.2.0-mingw-w64ucrt-9.0.0-r4.zip
404	158	80933850		https://sources.buildroot.net/winlibs-x86_64-posix-seh-gcc-11.2.0-mingw-w64ucrt-9.0.0-r5.7z
404	158	186299275		https://sources.buildroot.net/winlibs-x86_64-posix-seh-gcc-11.2.0-mingw-w64ucrt-9.0.0-r5.zip
404	158	80924882		https://sources.buildroot.net/winlibs-x86_64-posix-seh-gcc-11.2.0-mingw-w64ucrt-9.0.0-r7.7z
404	158	186312921		https://sources.buildroot.net/winlibs-x86_64-posix-seh-gcc-11.2.0-mingw-w64ucrt-9.0.0-r7.zip
404	158	81022044		https://sources.buildroot.net/winlibs-x86_64-posix-seh-gcc-11.3.0-mingw-w64msvcrt-10.0.0-r1.7z
404	158	186767531		https://sources.buildroot.net/winlibs-x86_64-posix-seh-gcc-11.3.0-mingw-w64msvcrt-10.0.0-r1.zip
404	158	81025393		https://sources.buildroot.net/winlibs-x86_64-posix-seh-gcc-11.3.0-mingw-w64msvcrt-10.0.0-r2.7z
404	158	186767760		https://sources.buildroot.net/winlibs-x86_64-posix-seh-gcc-11.3.0-mingw-w64msvcrt-10.0.0-r2.zip
404	158	81039293		https://sources.buildroot.net/winlibs-x86_64-posix-seh-gcc-11.3.0-mingw-w64msvcrt-10.0.0-r3.7z
404	158	186762772		https://sources.buildroot.net/winlibs-x86_64-posix-seh-gcc-11.3.0-mingw-w64msvcrt-10.0.0-r3.zip
404	158	81062006		https://sources.buildroot.net/winlibs-x86_64-posix-seh-gcc-11.3.0-mingw-w64ucrt-10.0.0-r1.7z
404	158	186570295		https://sources.buildroot.net/winlibs-x86_64-posix-seh-gcc-11.3.0-mingw-w64ucrt-10.0.0-r1.zip
404	158	81050606		https://sources.buildroot.net/winlibs-x86_64-posix-seh-gcc-11.3.0-mingw-w64ucrt-10.0.0-r2.7z
404	158	186568896		https://sources.buildroot.net/winlibs-x86_64-posix-seh-gcc-11.3.0-mingw-w64ucrt-10.0.0-r2.zip
404	158	81060744		https://sources.buildroot.net/winlibs-x86_64-posix-seh-gcc-11.3.0-mingw-w64ucrt-10.0.0-r3.7z
404	158	186567248		https://sources.buildroot.net/winlibs-x86_64-posix-seh-gcc-11.3.0-mingw-w64ucrt-10.0.0-r3.zip
404	158	92564337		https://sources.buildroot.net/winlibs-x86_64-posix-seh-gcc-11.4.0-mingw-w64msvcrt-11.0.0-r1.7z
404	158	218310495		https://sources.buildroot.net/winlibs-x86_64-posix-seh-gcc-11.4.0-mingw-w64msvcrt-11.0.0-r1.zip
404	158	92506216		https://sources.buildroot.net/winlibs-x86_64-posix-seh-gcc-11.4.0-mingw-w64ucrt-11.0.0-r1.7z
404	158	217843057		https://sources.buildroot.net/winlibs-x86_64-posix-seh-gcc-11.4.0-mingw-w64ucrt-11.0.0-r1.zip
404	158	104854313		https://sources.buildroot.net/winlibs-x86_64-posix-seh-gcc-11.5.0-mingw-w64msvcrt-12.0.0-r1.7z
404	158	236028401		https://sources.buildroot.net/winlibs-x86_64-posix-seh-gcc-11.5.0-mingw-w64msvcrt-12.0.0-r1.zip
404	158	104888162		https://sources.buildroot.net/winlibs-x86_64-posix-seh-gcc-11.5.0-mingw-w64ucrt-12.0.0-r1.7z
404	158	235692002		https://sources.buildroot.net/winlibs-x86_64-posix-seh-gcc-11.5.0-mingw-w64ucrt-12.0.0-r1.zip
404	158	84829107		https://sources.buildroot.net/winlibs-x86_64-posix-seh-gcc-12.1.0-mingw-w64msvcrt-10.0.0-r1.7z
404	158	198304249		https://sources.buildroot.net/winlibs-x86_64-posix-seh-gcc-12.1.0-mingw-w64msvcrt-10.0.0-r1.zip
404	158	84836856		https://sources.buildroot.net/winlibs-x86_64-posix-seh-gcc-12.1.0-mingw-w64msvcrt-10.0.0-r2.7z
404	158	198412379		https://sources.buildroot.net/winlibs-x86_64-posix-seh-gcc-12.1.0-mingw-w64msvcrt-10.0.0-r2.zip
404	158	84957080		https://sources.buildroot.net/winlibs-x86_64-posix-seh-gcc-12.1.0-mingw-w64msvcrt-10.0.0-r3.7z
404	158	198549770		https://sources.buildroot.net/winlibs-x86_64-posix-seh-gcc-12.1.0-mingw-w64msvcrt-10.0.0-r3.zip
404	158	93732168		https://sources.buildroot.net/winlibs-x86_64-posix-seh-gcc-12.1.0-mingw-w64ucrt-10.0.0-r2.7z
404	158	209303785		https://sources.buildroot.net/winlibs-x86_64-posix-seh-gcc-12.1.0-mingw-w64ucrt-10.0.0-r2.zip
404	158	93173937		https://sources.buildroot.net/winlibs-x86_64-posix-seh-gcc-12.1.0-mingw-w64ucrt-10.0.0-r3.7z
404	158	208612121		https://sources.buildroot.net/winlibs-x86_64-posix-seh-gcc-12.1.0-mingw-w64ucrt-10.0.0-r3.zip
404	158	93135474		https://sources.buildroot.net/winlibs-x86_64-posix-seh-gcc-12.2.0-mingw-w64msvcrt-10.0.0-r1.7z
404	158	208901506		https://sources.buildroot.net/winlibs-x86_64-posix-seh-gcc-12.2.0-mingw-w64msvcrt-10.0.0-r1.zip
404	158	93262284		https://sources.buildroot.net/winlibs-x86_64-posix-seh-gcc-12.2.0-mingw-w64msvcrt-10.0.0-r2.7z
404	158	209025764		https://sources.buildroot.net/winlibs-x86_64-posix-seh-gcc-12.2.0-mingw-w64msvcrt-10.0.0-r2.zip
404	158	109266761		https://sources.buildroot.net/winlibs-x86_64-posix-seh-gcc-12.2.0-mingw-w64msvcrt-10.0.0-r3.7z
404	158	281517565		https://sources.buildroot.net/winlibs-x86_64-posix-seh-gcc-12.2.0-mingw-w64msvcrt-10.0.0-r3.zip
404	158	106676989		https://sources.buildroot.net/winlibs-x86_64-posix-seh-gcc-12.2.0-mingw-w64msvcrt-10.0.0-r4.7z
404	158	238086426		https://sources.buildroot.net/winlibs-x86_64-posix-seh-gcc-12.2.0-mingw-w64msvcrt-10.0.0-r4.zip
404	158	106443380		https://sources.buildroot.net/winlibs-x86_64-posix-seh-gcc-12.2.0-mingw-w64msvcrt-10.0.0-r5.7z
404	158	238245691		https://sources.buildroot.net/winlibs-x86_64-posix-seh-gcc-12.2.0-mingw-w64msvcrt-10.0.0-r5.zip
404	158	93709543		https://sources.buildroot.net/winlibs-x86_64-posix-seh-gcc-12.2.0-mingw-w64ucrt-10.0.0-r1.7z
404	158	209401682		https://sources.buildroot.net/winlibs-x86_64-posix-seh-gcc-12.2.0-mingw-w64ucrt-10.0.0-r1.zip
404	158	93243505		https://sources.buildroot.net/winlibs-x86_64-posix-seh-gcc-12.2.0-mingw-w64ucrt-10.0.0-r2.7z
404	158	208771755		https://sources.buildroot.net/winlibs-x86_64-posix-seh-gcc-12.2.0-mingw-w64ucrt-10.0.0-r2.zip
404	158	109281897		https://sources.buildroot.net/winlibs-x86_64-posix-seh-gcc-12.2.0-mingw-w64ucrt-10.0.0-r3.7z
404	158	281186694		https://sources.buildroot.net/winlibs-x86_64-posix-seh-gcc-12.2.0-mingw-w64ucrt-10.0.0-r3.zip
404	158	106568701		https://sources.buildroot.net/winlibs-x86_64-posix-seh-gcc-12.2.0-mingw-w64ucrt-10.0.0-r4.7z
404	158	237582335		https://sources.buildroot.net/winlibs-x86_64-posix-seh-gcc-12.2.0-mingw-w64ucrt-10.0.0-r4.zip
404	158	106456846		https://sources.buildroot.net/winlibs-x86_64-posix-seh-gcc-12.2.0-mingw-w64ucrt-10.0.0-r5.7z
404	158	237783800		https://sources.buildroot.net/winlibs-x86_64-posix-seh-gcc-12.2.0-mingw-w64ucrt-10.0.0-r5.zip
404	158	101595962		https://sources.buildroot.net/winlibs-x86_64-posix-seh-gcc-12.3.0-mingw-w64msvcrt-11.0.0-r1.7z
404	158	228886504		https://sources.buildroot.net/winlibs-x86_64-posix-seh-gcc-12.3.0-mingw-w64msvcrt-11.0.0-r1.zip
404	158	101518265		https://sources.buildroot.net/winlibs-x86_64-posix-seh-gcc-12.3.0-mingw-w64ucrt-11.0.0-r1.7z
404	158	228496120		https://sources.buildroot.net/winlibs-x86_64-posix-seh-gcc-12.3.0-mingw-w64ucrt-11.0.0-r1.zip
404	158	105867202		https://sources.buildroot.net/winlibs-x86_64-posix-seh-gcc-12.4.0-mingw-w64msvcrt-12.0.0-r1.7z
404	158	237015459		https://sources.buildroot.net/winlibs-x86_64-posix-seh-gcc-12.4.0-mingw-w64msvcrt-12.0.0-r1.zip
404	158	105814709		https://sources.buildroot.net/winlibs-x86_64-posix-seh-gcc-12.4.0-mingw-w64ucrt-12.0.0-r1.7z
404	158	236557973		https://sources.buildroot.net/winlibs-x86_64-posix-seh-gcc-12.4.0-mingw-w64ucrt-12.0.0-r1.zip
404	158	96032356		https://sources.buildroot.net/winlibs-x86_64-posix-seh-gcc-13.1.0-mingw-w64msvcrt-11.0.0-r1.7z
404	158	219237713		https://sources.buildroot.net/winlibs-x86_64-posix-seh-gcc-13.1.0-mingw-w64msvcrt-11.0.0-r1.zip
404	158	96579106		https://sources.buildroot.net/winlibs-x86_64-posix-seh-gcc-13.1.0-mingw-w64msvcrt-11.0.0-r4.7z
404	158	220662033		https://sources.buildroot.net/winlibs-x86_64-posix-seh-gcc-13.1.0-mingw-w64msvcrt-11.0.0-r4.zip
404	158	93509489		https://sources.buildroot.net/winlibs-x86_64-posix-seh-gcc-13.1.0-mingw-w64msvcrt-11.0.0-r5.7z
404	158	218878679		https://sources.buildroot.net/winlibs-x86_64-posix-seh-gcc-13.1.0-mingw-w64msvcrt-11.0.0-r5.zip
404	158	96061568		https://sources.buildroot.net/winlibs-x86_64-posix-seh-gcc-13.1.0-mingw-w64ucrt-11.0.0-r1.7z
404	158	218787200		https://sources.buildroot.net/winlibs-x86_64-posix-seh-gcc-13.1.0-mingw-w64ucrt-11.0.0-r1.zip
404	158	96574822		https://sources.buildroot.net/winlibs-x86_64-posix-seh-gcc-13.1.0-mingw-w64ucrt-11.0.0-r4.7z
404	158	220206485		https://sources.buildroot.net/winlibs-x86_64-posix-seh-gcc-13.1.0-mingw-w64ucrt-11.0.0-r4.zip
404	158	93362052		https://sources.buildroot.net/winlibs-x86_64-posix-seh-gcc-13.1.0-mingw-w64ucrt-11.0.0-r5.7z
404	158	218276020		https://sources.buildroot.net/winlibs-x86_64-posix-seh-gcc-13.1.0-mingw-w64ucrt-11.0.0-r5.zip
404	158	93545428		https://sources.buildroot.net/winlibs-x86_64-posix-seh-gcc-13.2.0-mingw-w64msvcrt-11.0.1-r1.7z
404	158	218881574		https://sources.buildroot.net/winlibs-x86_64-posix-seh-gcc-13.2.0-mingw-w64msvcrt-11.0.1-r1.zip
404	158	95996917		https://sources.buildroot.net/winlibs-x86_64-posix-seh-gcc-13.2.0-mingw-w64msvcrt-11.0.1-r2.7z
404	158	222567523		https://sources.buildroot.net/winlibs-x86_64-posix-seh-gcc-13.2.0-mingw-w64msvcrt-11.0.1-r2.zip
404	158	96029963		https://sources.buildroot.net/winlibs-x86_64-posix-seh-gcc-13.2.0-mingw-w64msvcrt-11.0.1-r3.7z
404	158	222308030		https://sources.buildroot.net/winlibs-x86_64-posix-seh-gcc-13.2.0-mingw-w64msvcrt-11.0.1-r3.zip
404	158	96108630		https://sources.buildroot.net/winlibs-x86_64-posix-seh-gcc-13.2.0-mingw-w64msvcrt-11.0.1-r4.7z
404	158	222486099		https://sources.buildroot.net/winlibs-x86_64-posix-seh-gcc-13.2.0-mingw-w64msvcrt-11.0.1-r4.zip
404	158	96245652		https://sources.buildroot.net/winlibs-x86_64-posix-seh-gcc-13.2.0-mingw-w64msvcrt-11.0.1-r5.7z
404	158	222828150		https://sources.buildroot.net/winlibs-x86_64-posix-seh-gcc-13.2.0-mingw-w64msvcrt-11.0.1-r5.zip
404	158	96171861		https://sources.buildroot.net/winlibs-x86_64-posix-seh-gcc-13.2.0-mingw-w64msvcrt-11.0.1-r6.7z
404	158	222652409		https://sources.buildroot.net/winlibs-x86_64-posix-seh-gcc-13.2.0-mingw-w64msvcrt-11.0.1-r6.zip
404	158	98359166		https://sources.buildroot.net/winlibs-x86_64-posix-seh-gcc-13.2.0-mingw-w64msvcrt-11.0.1-r7.7z
404	158	226168644		https://sources.buildroot.net/winlibs-x86_64-posix-seh-gcc-13.2.0-mingw-w64msvcrt-11.0.1-r7.zip
404	158	98417643		https://sources.buildroot.net/winlibs-x86_64-posix-seh-gcc-13.2.0-mingw-w64msvcrt-11.0.1-r8.7z
404	158	226337266		https://sources.buildroot.net/winlibs-x86_64-posix-seh-gcc-13.2.0-mingw-w64msvcrt-11.0.1-r8.zip
404	158	93928772		https://sources.buildroot.net/winlibs-x86_64-posix-seh-gcc-13.2.0-mingw-w64ucrt-11.0.0-r1.7z
404	158	219917660		https://sources.buildroot.net/winlibs-x86_64-posix-seh-gcc-13.2.0-mingw-w64ucrt-11.0.0-r1.zip
404	158	95947082		https://sources.buildroot.net/winlibs-x86_64-posix-seh-gcc-13.2.0-mingw-w64ucrt-11.0.1-r3.7z
404	158	222147082		https://sources.buildroot.net/winlibs-x86_64-posix-seh-gcc-13.2.0-mingw-w64ucrt-11.0.1-r3.zip
404	158	96028098		https://sources.buildroot.net/winlibs-x86_64-posix-seh-gcc-13.2.0-mingw-w64ucrt-11.0.1-r4.7z
404	158	222024256		https://sources.buildroot.net/winlibs-x86_64-posix-seh-gcc-13.2.0-mingw-w64ucrt-11.0.1-r4.zip
404	158	96187254		https://sources.buildroot.net/winlibs-x86_64-posix-seh-gcc-13.2.0-mingw-w64ucrt-11.0.1-r5.7z
404	158	222439688		https://sources.buildroot.net/winlibs-x86_64-posix-seh-gcc-13.2.0-mingw-w64ucrt-11.0.1-r5.zip
404	158	98313786		https://sources.buildroot.net/winlibs-x86_64-posix-seh-gcc-13.2.0-mingw-w64ucrt-11.0.1-r7.7z
404	158	225869222		https://sources.buildroot.net/winlibs-x86_64-posix-seh-gcc-13.2.0-mingw-w64ucrt-11.0.1-r7.zip
404	158	98400576		https://sources.buildroot.net/winlibs-x86_64-posix-seh-gcc-13.2.0-mingw-w64ucrt-11.0.1-r8.7z
404	158	225908894		https://sources.buildroot.net/winlibs-x86_64-posix-seh-gcc-13.2.0-mingw-w64ucrt-11.0.1-r8.zip
404	158	99330306		https://sources.buildroot.net/winlibs-x86_64-posix-seh-gcc-13.3.0-mingw-w64msvcrt-11.0.1-r1.7z
404	158	227638510		https://sources.buildroot.net/winlibs-x86_64-posix-seh-gcc-13.3.0-mingw-w64msvcrt-11.0.1-r1.zip
404	158	99383684		https://sources.buildroot.net/winlibs-x86_64-posix-seh-gcc-13.3.0-mingw-w64ucrt-11.0.1-r1.7z
404	158	227250141		https://sources.buildroot.net/winlibs-x86_64-posix-seh-gcc-13.3.0-mingw-w64ucrt-11.0.1-r1.zip
404	158	102857426		https://sources.buildroot.net/winlibs-x86_64-posix-seh-gcc-14.1.0-mingw-w64msvcrt-11.0.1-r1.7z
404	158	241488910		https://sources.buildroot.net/winlibs-x86_64-posix-seh-gcc-14.1.0-mingw-w64msvcrt-11.0.1-r1.zip
404	158	103914941		https://sources.buildroot.net/winlibs-x86_64-posix-seh-gcc-14.1.0-mingw-w64msvcrt-12.0.0-r2.7z
404	158	243748360		https://sources.buildroot.net/winlibs-x86_64-posix-seh-gcc-14.1.0-mingw-w64msvcrt-12.0.0-r2.zip
404	158	104000134		https://sources.buildroot.net/winlibs-x86_64-posix-seh-gcc-14.1.0-mingw-w64msvcrt-12.0.0-r3.7z
404	158	244189198		https://sources.buildroot.net/winlibs-x86_64-posix-seh-gcc-14.1.0-mingw-w64msvcrt-12.0.0-r3.zip
404	158	102883987		https://sources.buildroot.net/winlibs-x86_64-posix-seh-gcc-14.1.0-mingw-w64ucrt-11.0.1-r1.7z
404	158	241042597		https://sources.buildroot.net/winlibs-x86_64-posix-seh-gcc-14.1.0-mingw-w64ucrt-11.0.1-r1.zip
404	158	103728587		https://sources.buildroot.net/winlibs-x86_64-posix-seh-gcc-14.1.0-mingw-w64ucrt-12.0.0-r2.7z
404	158	243179654		https://sources.buildroot.net/winlibs-x86_64-posix-seh-gcc-14.1.0-mingw-w64ucrt-12.0.0-r2.zip
404	158	103942725		https://sources.buildroot.net/winlibs-x86_64-posix-seh-gcc-14.1.0-mingw-w64ucrt-12.0.0-r3.7z
404	158	243717724		https://sources.buildroot.net/winlibs-x86_64-posix-seh-gcc-14.1.0-mingw-w64ucrt-12.0.0-r3.zip
404	158	104215892		https://sources.buildroot.net/winlibs-x86_64-posix-seh-gcc-14.2.0-mingw-w64msvcrt-12.0.0-r1.7z
404	158	244837335		https://sources.buildroot.net/winlibs-x86_64-posix-seh-gcc-14.2.0-mingw-w64msvcrt-12.0.0-r1.zip
404	158	104319329		https://sources.buildroot.net/winlibs-x86_64-posix-seh-gcc-14.2.0-mingw-w64msvcrt-12.0.0-r2.7z
404	158	244969976		https://sources.buildroot.net/winlibs-x86_64-posix-seh-gcc-14.2.0-mingw-w64msvcrt-12.0.0-r2.zip
404	158	101307416		https://sources.buildroot.net/winlibs-x86_64-posix-seh-gcc-14.2.0-mingw-w64msvcrt-12.0.0-r3.7z
404	158	247295063		https://sources.buildroot.net/winlibs-x86_64-posix-seh-gcc-14.2.0-mingw-w64msvcrt-12.0.0-r3.zip
404	158	104126293		https://sources.buildroot.net/winlibs-x86_64-posix-seh-gcc-14.2.0-mingw-w64ucrt-12.0.0-r1.7z
404	158	244360201		https://sources.buildroot.net/winlibs-x86_64-posix-seh-gcc-14.2.0-mingw-w64ucrt-12.0.0-r1.zip
404	158	104255184		https://sources.buildroot.net/winlibs-x86_64-posix-seh-gcc-14.2.0-mingw-w64ucrt-12.0.0-r2.7z
404	158	244502971		https://sources.buildroot.net/winlibs-x86_64-posix-seh-gcc-14.2.0-mingw-w64ucrt-12.0.0-r2.zip
404	158	101317610		https://sources.buildroot.net/winlibs-x86_64-posix-seh-gcc-14.2.0-mingw-w64ucrt-12.0.0-r3.7z
404	158	246962421		https://sources.buildroot.net/winlibs-x86_64-posix-seh-gcc-14.2.0-mingw-w64ucrt-12.0.0-r3.zip
404	158	102358608		https://sources.buildroot.net/winlibs-x86_64-posix-seh-gcc-14.3.0-mingw-w64msvcrt-12.0.0-r1.7z
404	158	244236121		https://sources.buildroot.net/winlibs-x86_64-posix-seh-gcc-14.3.0-mingw-w64msvcrt-12.0.0-r1.zip
404	158	102079676		https://sources.buildroot.net/winlibs-x86_64-posix-seh-gcc-14.3.0-mingw-w64ucrt-12.0.0-r1.7z
404	158	243665819		https://sources.buildroot.net/winlibs-x86_64-posix-seh-gcc-14.3.0-mingw-w64ucrt-12.0.0-r1.zip
404	158	104916329		https://sources.buildroot.net/winlibs-x86_64-posix-seh-gcc-15.1.0-mingw-w64msvcrt-12.0.0-r1.7z
404	158	262224433		https://sources.buildroot.net/winlibs-x86_64-posix-seh-gcc-15.1.0-mingw-w64msvcrt-12.0.0-r1.zip
404	158	105626282		https://sources.buildroot.net/winlibs-x86_64-posix-seh-gcc-15.1.0-mingw-w64msvcrt-13.0.0-r2.7z
404	158	263433183		https://sources.buildroot.net/winlibs-x86_64-posix-seh-gcc-15.1.0-mingw-w64msvcrt-13.0.0-r2.zip
404	158	105627829		https://sources.buildroot.net/winlibs-x86_64-posix-seh-gcc-15.1.0-mingw-w64msvcrt-13.0.0-r3.7z
404	158	263446576		https://sources.buildroot.net/winlibs-x86_64-posix-seh-gcc-15.1.0-mingw-w64msvcrt-13.0.0-r3.zip
404	158	105802887		https://sources.buildroot.net/winlibs-x86_64-posix-seh-gcc-15.1.0-mingw-w64msvcrt-13.0.0-r4.7z
404	158	263607901		https://sources.buildroot.net/winlibs-x86_64-posix-seh-gcc-15.1.0-mingw-w64msvcrt-13.0.0-r4.zip
404	158	104977525		https://sources.buildroot.net/winlibs-x86_64-posix-seh-gcc-15.1.0-mingw-w64ucrt-12.0.0-r1.7z
404	158	261808720		https://sources.buildroot.net/winlibs-x86_64-posix-seh-gcc-15.1.0-mingw-w64ucrt-12.0.0-r1.zip
404	158	105477572		https://sources.buildroot.net/winlibs-x86_64-posix-seh-gcc-15.1.0-mingw-w64ucrt-13.0.0-r2.7z
404	158	262713517		https://sources.buildroot.net/winlibs-x86_64-posix-seh-gcc-15.1.0-mingw-w64ucrt-13.0.0-r2.zip
404	158	105527241		https://sources.buildroot.net/winlibs-x86_64-posix-seh-gcc-15.1.0-mingw-w64ucrt-13.0.0-r3.7z
404	158	262736227		https://sources.buildroot.net/winlibs-x86_64-posix-seh-gcc-15.1.0-mingw-w64ucrt-13.0.0-r3.zip
404	158	105666144		https://sources.buildroot.net/winlibs-x86_64-posix-seh-gcc-15.1.0-mingw-w64ucrt-13.0.0-r4.7z
404	158	262910163		https://sources.buildroot.net/winlibs-x86_64-posix-seh-gcc-15.1.0-mingw-w64ucrt-13.0.0-r4.zip
404	158	105872783		https://sources.buildroot.net/winlibs-x86_64-posix-seh-gcc-15.2.0-mingw-w64msvcrt-13.0.0-r1.7z
404	158	263840967		https://sources.buildroot.net/winlibs-x86_64-posix-seh-gcc-15.2.0-mingw-w64msvcrt-13.0.0-r1.zip
404	158	106011189		https://sources.buildroot.net/winlibs-x86_64-posix-seh-gcc-15.2.0-mingw-w64msvcrt-13.0.0-r2.7z
404	158	264693809		https://sources.buildroot.net/winlibs-x86_64-posix-seh-gcc-15.2.0-mingw-w64msvcrt-13.0.0-r2.zip
404	158	106020386		https://sources.buildroot.net/winlibs-x86_64-posix-seh-gcc-15.2.0-mingw-w64msvcrt-13.0.0-r3.7z
404	158	264529348		https://sources.buildroot.net/winlibs-x86_64-posix-seh-gcc-15.2.0-mingw-w64msvcrt-13.0.0-r3.zip
404	158	106478235		https://sources.buildroot.net/winlibs-x86_64-posix-seh-gcc-15.2.0-mingw-w64msvcrt-13.0.0-r4.7z
404	158	265742681		https://sources.buildroot.net/winlibs-x86_64-posix-seh-gcc-15.2.0-mingw-w64msvcrt-13.0.0-r4.zip
404	158	106587699		https://sources.buildroot.net/winlibs-x86_64-posix-seh-gcc-15.2.0-mingw-w64msvcrt-13.0.0-r5.7z
404	158	265851375		https://sources.buildroot.net/winlibs-x86_64-posix-seh-gcc-15.2.0-mingw-w64msvcrt-13.0.0-r5.zip
404	158	106998682		https://sources.buildroot.net/winlibs-x86_64-posix-seh-gcc-15.2.0-mingw-w64msvcrt-13.0.0-r6.7z
404	158	267135426		https://sources.buildroot.net/winlibs-x86_64-posix-seh-gcc-15.2.0-mingw-w64msvcrt-13.0.0-r6.zip
404	158	107371327		https://sources.buildroot.net/winlibs-x86_64-posix-seh-gcc-15.2.0-mingw-w64msvcrt-14.0.0-r7.7z
404	158	268317266		https://sources.buildroot.net/winlibs-x86_64-posix-seh-gcc-15.2.0-mingw-w64msvcrt-14.0.0-r7.zip
404	158	105792043		https://sources.buildroot.net/winlibs-x86_64-posix-seh-gcc-15.2.0-mingw-w64ucrt-13.0.0-r1.7z
404	158	263160137		https://sources.buildroot.net/winlibs-x86_64-posix-seh-gcc-15.2.0-mingw-w64ucrt-13.0.0-r1.zip
404	158	105929613		https://sources.buildroot.net/winlibs-x86_64-posix-seh-gcc-15.2.0-mingw-w64ucrt-13.0.0-r2.7z
404	158	264007421		https://sources.buildroot.net/winlibs-x86_64-posix-seh-gcc-15.2.0-mingw-w64ucrt-13.0.0-r2.zip
404	158	105961808		https://sources.buildroot.net/winlibs-x86_64-posix-seh-gcc-15.2.0-mingw-w64ucrt-13.0.0-r3.7z
404	158	263835438		https://sources.buildroot.net/winlibs-x86_64-posix-seh-gcc-15.2.0-mingw-w64ucrt-13.0.0-r3.zip
404	158	106395011		https://sources.buildroot.net/winlibs-x86_64-posix-seh-gcc-15.2.0-mingw-w64ucrt-13.0.0-r4.7z
404	158	265050288		https://sources.buildroot.net/winlibs-x86_64-posix-seh-gcc-15.2.0-mingw-w64ucrt-13.0.0-r4.zip
404	158	106344183		https://sources.buildroot.net/winlibs-x86_64-posix-seh-gcc-15.2.0-mingw-w64ucrt-13.0.0-r5.7z
404	158	265160987		https://sources.buildroot.net/winlibs-x86_64-posix-seh-gcc-15.2.0-mingw-w64ucrt-13.0.0-r5.zip
404	158	106817444		https://sources.buildroot.net/winlibs-x86_64-posix-seh-gcc-15.2.0-mingw-w64ucrt-13.0.0-r6.7z
404	158	266321520		https://sources.buildroot.net/winlibs-x86_64-posix-seh-gcc-15.2.0-mingw-w64ucrt-13.0.0-r6.zip
404	158	107333866		https://sources.buildroot.net/winlibs-x86_64-posix-seh-gcc-15.2.0-mingw-w64ucrt-14.0.0-r7.7z
404	158	267593703		https://sources.buildroot.net/winlibs-x86_64-posix-seh-gcc-15.2.0-mingw-w64ucrt-14.0.0-r7.zip
404	158	107615344		https://sources.buildroot.net/winlibs-x86_64-posix-seh-gcc-15.3.0-mingw-w64msvcrt-14.0.0-r1.7z
404	158	268676010		https://sources.buildroot.net/winlibs-x86_64-posix-seh-gcc-15.3.0-mingw-w64msvcrt-14.0.0-r1.zip
404	158	107278369		https://sources.buildroot.net/winlibs-x86_64-posix-seh-gcc-15.3.0-mingw-w64ucrt-14.0.0-r1.7z
404	158	267618143		https://sources.buildroot.net/winlibs-x86_64-posix-seh-gcc-15.3.0-mingw-w64ucrt-14.0.0-r1.zip
404	158	109135227		https://sources.buildroot.net/winlibs-x86_64-posix-seh-gcc-16.1.0-mingw-w64msvcrt-14.0.0-r1.7z
404	158	272575610		https://sources.buildroot.net/winlibs-x86_64-posix-seh-gcc-16.1.0-mingw-w64msvcrt-14.0.0-r1.zip
404	158	76497767		https://sources.buildroot.net/winlibs-x86_64-posix-seh-gcc-9.5.0-mingw-w64msvcrt-10.0.0-r1.7z
404	158	166455131		https://sources.buildroot.net/winlibs-x86_64-posix-seh-gcc-9.5.0-mingw-w64msvcrt-10.0.0-r1.zip
404	158	104639353		https://sources.buildroot.net/winlibs-x86_64-win32-seh-gcc-14.2.0-mingw-w64msvcrt-12.0.0-r1.7z
404	158	245777965		https://sources.buildroot.net/winlibs-x86_64-win32-seh-gcc-14.2.0-mingw-w64msvcrt-12.0.0-r1.zip
404	158	None		https://sources.buildroot.net/bogus-file-xyz123.tar.xz
404	153	167786166		https://downloads.yoctoproject.org/mirror/sources/LLVM-10.0.0-win64.exe
404	153	163221740		https://downloads.yoctoproject.org/mirror/sources/LLVM-11.0.0-win32.exe
404	153	180786207		https://downloads.yoctoproject.org/mirror/sources/LLVM-11.0.0-win64.exe
404	153	163279901		https://downloads.yoctoproject.org/mirror/sources/LLVM-11.0.1-win32.exe
404	153	180803493		https://downloads.yoctoproject.org/mirror/sources/LLVM-11.0.1-win64.exe
404	153	164098374		https://downloads.yoctoproject.org/mirror/sources/LLVM-11.1.0-win32.exe
404	153	181375405		https://downloads.yoctoproject.org/mirror/sources/LLVM-11.1.0-win64.exe
404	153	171209951		https://downloads.yoctoproject.org/mirror/sources/LLVM-12.0.0-win32.exe
404	153	191037739		https://downloads.yoctoproject.org/mirror/sources/LLVM-12.0.0-win64.exe
404	153	169230610		https://downloads.yoctoproject.org/mirror/sources/LLVM-12.0.0-woa64.exe
404	153	171237066		https://downloads.yoctoproject.org/mirror/sources/LLVM-12.0.1-win32.exe
404	153	190997504		https://downloads.yoctoproject.org/mirror/sources/LLVM-12.0.1-win64.exe
404	153	217071058		https://downloads.yoctoproject.org/mirror/sources/LLVM-13.0.0-win32.exe
404	153	239457520		https://downloads.yoctoproject.org/mirror/sources/LLVM-13.0.0-win64.exe
404	153	217075034		https://downloads.yoctoproject.org/mirror/sources/LLVM-13.0.1-win32.exe
404	153	239478810		https://downloads.yoctoproject.org/mirror/sources/LLVM-13.0.1-win64.exe
404	153	270576824		https://downloads.yoctoproject.org/mirror/sources/LLVM-14.0.0-win32.exe
404	153	276056279		https://downloads.yoctoproject.org/mirror/sources/LLVM-14.0.0-win64.exe
404	153	270579719		https://downloads.yoctoproject.org/mirror/sources/LLVM-14.0.1-win32.exe
404	153	276096067		https://downloads.yoctoproject.org/mirror/sources/LLVM-14.0.1-win64.exe
404	153	270591291		https://downloads.yoctoproject.org/mirror/sources/LLVM-14.0.2-win32.exe
404	153	276101831		https://downloads.yoctoproject.org/mirror/sources/LLVM-14.0.2-win64.exe
404	153	270556664		https://downloads.yoctoproject.org/mirror/sources/LLVM-14.0.3-win32.exe
404	153	276073368		https://downloads.yoctoproject.org/mirror/sources/LLVM-14.0.3-win64.exe
404	153	270643845		https://downloads.yoctoproject.org/mirror/sources/LLVM-14.0.4-win32.exe
404	153	276107494		https://downloads.yoctoproject.org/mirror/sources/LLVM-14.0.4-win64.exe
404	153	270632165		https://downloads.yoctoproject.org/mirror/sources/LLVM-14.0.5-win32.exe
404	153	276150152		https://downloads.yoctoproject.org/mirror/sources/LLVM-14.0.5-win64.exe
404	153	270653942		https://downloads.yoctoproject.org/mirror/sources/LLVM-14.0.6-win32.exe
404	153	276124398		https://downloads.yoctoproject.org/mirror/sources/LLVM-14.0.6-win64.exe
404	153	285387800		https://downloads.yoctoproject.org/mirror/sources/LLVM-15.0.0-win32.exe
404	153	290916050		https://downloads.yoctoproject.org/mirror/sources/LLVM-15.0.0-win64.exe
404	153	348977975		https://downloads.yoctoproject.org/mirror/sources/LLVM-15.0.0-woa64.exe
404	153	285425323		https://downloads.yoctoproject.org/mirror/sources/LLVM-15.0.1-win32.exe
404	153	290895767		https://downloads.yoctoproject.org/mirror/sources/LLVM-15.0.1-win64.exe
404	153	348793694		https://downloads.yoctoproject.org/mirror/sources/LLVM-15.0.1-woa64.exe
404	153	285401689		https://downloads.yoctoproject.org/mirror/sources/LLVM-15.0.2-win32.exe
404	153	290927297		https://downloads.yoctoproject.org/mirror/sources/LLVM-15.0.2-win64.exe
404	153	348810425		https://downloads.yoctoproject.org/mirror/sources/LLVM-15.0.2-woa64.exe
404	153	285369320		https://downloads.yoctoproject.org/mirror/sources/LLVM-15.0.3-win32.exe
404	153	290935586		https://downloads.yoctoproject.org/mirror/sources/LLVM-15.0.3-win64.exe
404	153	348819146		https://downloads.yoctoproject.org/mirror/sources/LLVM-15.0.3-woa64.exe
404	153	285355633		https://downloads.yoctoproject.org/mirror/sources/LLVM-15.0.4-win32.exe
404	153	290894566		https://downloads.yoctoproject.org/mirror/sources/LLVM-15.0.4-win64.exe
404	153	285359096		https://downloads.yoctoproject.org/mirror/sources/LLVM-15.0.5-win32.exe
404	153	290876085		https://downloads.yoctoproject.org/mirror/sources/LLVM-15.0.5-win64.exe
404	153	285367567		https://downloads.yoctoproject.org/mirror/sources/LLVM-15.0.6-win32.exe
404	153	290951930		https://downloads.yoctoproject.org/mirror/sources/LLVM-15.0.6-win64.exe
404	153	348707439		https://downloads.yoctoproject.org/mirror/sources/LLVM-15.0.6-woa64.exe
404	153	285340840		https://downloads.yoctoproject.org/mirror/sources/LLVM-15.0.7-win32.exe
404	153	290857976		https://downloads.yoctoproject.org/mirror/sources/LLVM-15.0.7-win64.exe
404	153	303960771		https://downloads.yoctoproject.org/mirror/sources/LLVM-16.0.0-win32.exe
404	153	307633471		https://downloads.yoctoproject.org/mirror/sources/LLVM-16.0.0-win64.exe
404	153	290547004		https://downloads.yoctoproject.org/mirror/sources/LLVM-16.0.0-woa64.exe
404	153	304034791		https://downloads.yoctoproject.org/mirror/sources/LLVM-16.0.1-win32.exe
404	153	307670049		https://downloads.yoctoproject.org/mirror/sources/LLVM-16.0.1-win64.exe
404	153	290610032		https://downloads.yoctoproject.org/mirror/sources/LLVM-16.0.1-woa64.exe
404	153	304043442		https://downloads.yoctoproject.org/mirror/sources/LLVM-16.0.2-win32.exe
404	153	307611655		https://downloads.yoctoproject.org/mirror/sources/LLVM-16.0.2-win64.exe
404	153	290615974		https://downloads.yoctoproject.org/mirror/sources/LLVM-16.0.2-woa64.exe
404	153	304054489		https://downloads.yoctoproject.org/mirror/sources/LLVM-16.0.3-win32.exe
404	153	307640623		https://downloads.yoctoproject.org/mirror/sources/LLVM-16.0.3-win64.exe
404	153	290615550		https://downloads.yoctoproject.org/mirror/sources/LLVM-16.0.3-woa64.exe
404	153	304071661		https://downloads.yoctoproject.org/mirror/sources/LLVM-16.0.4-win32.exe
404	153	307633462		https://downloads.yoctoproject.org/mirror/sources/LLVM-16.0.4-win64.exe
404	153	290631214		https://downloads.yoctoproject.org/mirror/sources/LLVM-16.0.4-woa64.exe
404	153	304030098		https://downloads.yoctoproject.org/mirror/sources/LLVM-16.0.5-win32.exe
404	153	307687810		https://downloads.yoctoproject.org/mirror/sources/LLVM-16.0.5-win64.exe
404	153	290598883		https://downloads.yoctoproject.org/mirror/sources/LLVM-16.0.5-woa64.exe
404	153	304032865		https://downloads.yoctoproject.org/mirror/sources/LLVM-16.0.6-win32.exe
404	153	307648319		https://downloads.yoctoproject.org/mirror/sources/LLVM-16.0.6-win64.exe
404	153	290576091		https://downloads.yoctoproject.org/mirror/sources/LLVM-16.0.6-woa64.exe
404	153	327080037		https://downloads.yoctoproject.org/mirror/sources/LLVM-17.0.1-win32.exe
404	153	330956068		https://downloads.yoctoproject.org/mirror/sources/LLVM-17.0.1-win64.exe
404	153	314530872		https://downloads.yoctoproject.org/mirror/sources/LLVM-17.0.1-woa64.exe
404	153	327042494		https://downloads.yoctoproject.org/mirror/sources/LLVM-17.0.2-win32.exe
404	153	331033552		https://downloads.yoctoproject.org/mirror/sources/LLVM-17.0.2-win64.exe
404	153	314531762		https://downloads.yoctoproject.org/mirror/sources/LLVM-17.0.2-woa64.exe
404	153	327063518		https://downloads.yoctoproject.org/mirror/sources/LLVM-17.0.3-win32.exe
404	153	331013698		https://downloads.yoctoproject.org/mirror/sources/LLVM-17.0.3-win64.exe
404	153	314495196		https://downloads.yoctoproject.org/mirror/sources/LLVM-17.0.3-woa64.exe
404	153	327042015		https://downloads.yoctoproject.org/mirror/sources/LLVM-17.0.4-win32.exe
404	153	331041635		https://downloads.yoctoproject.org/mirror/sources/LLVM-17.0.4-win64.exe
404	153	314544774		https://downloads.yoctoproject.org/mirror/sources/LLVM-17.0.4-woa64.exe
404	153	327046452		https://downloads.yoctoproject.org/mirror/sources/LLVM-17.0.5-win32.exe
404	153	349065336		https://downloads.yoctoproject.org/mirror/sources/LLVM-17.0.5-win64.exe
404	153	314567570		https://downloads.yoctoproject.org/mirror/sources/LLVM-17.0.5-woa64.exe
404	153	327115082		https://downloads.yoctoproject.org/mirror/sources/LLVM-17.0.6-win32.exe
404	153	349078329		https://downloads.yoctoproject.org/mirror/sources/LLVM-17.0.6-win64.exe
404	153	314615395		https://downloads.yoctoproject.org/mirror/sources/LLVM-17.0.6-woa64.exe
404	153	348225988		https://downloads.yoctoproject.org/mirror/sources/LLVM-18.1.0-win32.exe
404	153	374195650		https://downloads.yoctoproject.org/mirror/sources/LLVM-18.1.0-win64.exe
404	153	345185402		https://downloads.yoctoproject.org/mirror/sources/LLVM-18.1.0-woa64.exe
404	153	348234871		https://downloads.yoctoproject.org/mirror/sources/LLVM-18.1.1-win32.exe
404	153	374257130		https://downloads.yoctoproject.org/mirror/sources/LLVM-18.1.1-win64.exe
404	153	345147876		https://downloads.yoctoproject.org/mirror/sources/LLVM-18.1.1-woa64.exe
404	153	348198118		https://downloads.yoctoproject.org/mirror/sources/LLVM-18.1.2-win32.exe
404	153	374283655		https://downloads.yoctoproject.org/mirror/sources/LLVM-18.1.2-win64.exe
404	153	345141094		https://downloads.yoctoproject.org/mirror/sources/LLVM-18.1.2-woa64.exe
404	153	348249487		https://downloads.yoctoproject.org/mirror/sources/LLVM-18.1.3-win32.exe
404	153	374297571		https://downloads.yoctoproject.org/mirror/sources/LLVM-18.1.3-win64.exe
404	153	345181560		https://downloads.yoctoproject.org/mirror/sources/LLVM-18.1.3-woa64.exe
404	153	348294933		https://downloads.yoctoproject.org/mirror/sources/LLVM-18.1.4-win32.exe
404	153	374288391		https://downloads.yoctoproject.org/mirror/sources/LLVM-18.1.4-win64.exe
404	153	345160422		https://downloads.yoctoproject.org/mirror/sources/LLVM-18.1.4-woa64.exe
404	153	348387669		https://downloads.yoctoproject.org/mirror/sources/LLVM-18.1.5-win32.exe
404	153	374416573		https://downloads.yoctoproject.org/mirror/sources/LLVM-18.1.5-win64.exe
404	153	345203703		https://downloads.yoctoproject.org/mirror/sources/LLVM-18.1.5-woa64.exe
404	153	348439710		https://downloads.yoctoproject.org/mirror/sources/LLVM-18.1.6-win32.exe
404	153	374313064		https://downloads.yoctoproject.org/mirror/sources/LLVM-18.1.6-win64.exe
404	153	345217833		https://downloads.yoctoproject.org/mirror/sources/LLVM-18.1.6-woa64.exe
404	153	348393022		https://downloads.yoctoproject.org/mirror/sources/LLVM-18.1.7-win32.exe
404	153	374322003		https://downloads.yoctoproject.org/mirror/sources/LLVM-18.1.7-win64.exe
404	153	345200676		https://downloads.yoctoproject.org/mirror/sources/LLVM-18.1.7-woa64.exe
404	153	348379223		https://downloads.yoctoproject.org/mirror/sources/LLVM-18.1.8-win32.exe
404	153	374335885		https://downloads.yoctoproject.org/mirror/sources/LLVM-18.1.8-win64.exe
404	153	345225147		https://downloads.yoctoproject.org/mirror/sources/LLVM-18.1.8-woa64.exe
404	153	1655916952		https://downloads.yoctoproject.org/mirror/sources/LLVM-19.1.0-Linux-X64.tar.xz
404	153	1341430788		https://downloads.yoctoproject.org/mirror/sources/LLVM-19.1.0-Windows-X64.tar.xz
404	153	1404623256		https://downloads.yoctoproject.org/mirror/sources/LLVM-19.1.0-macOS-ARM64.tar.xz
404	153	1562810696		https://downloads.yoctoproject.org/mirror/sources/LLVM-19.1.0-macOS-X64.tar.xz
404	153	326453938		https://downloads.yoctoproject.org/mirror/sources/LLVM-19.1.0-win32.exe
404	153	351851042		https://downloads.yoctoproject.org/mirror/sources/LLVM-19.1.0-win64.exe
404	153	421403019		https://downloads.yoctoproject.org/mirror/sources/LLVM-19.1.0-woa64.exe
404	153	1654520636		https://downloads.yoctoproject.org/mirror/sources/LLVM-19.1.1-Linux-X64.tar.xz
404	153	1415409564		https://downloads.yoctoproject.org/mirror/sources/LLVM-19.1.1-Windows-X64.tar.xz
404	153	1404614392		https://downloads.yoctoproject.org/mirror/sources/LLVM-19.1.1-macOS-ARM64.tar.xz
404	153	326447383		https://downloads.yoctoproject.org/mirror/sources/LLVM-19.1.1-win32.exe
404	153	351794030		https://downloads.yoctoproject.org/mirror/sources/LLVM-19.1.1-win64.exe
404	153	525582041		https://downloads.yoctoproject.org/mirror/sources/LLVM-19.1.1-woa64.exe
404	153	1656358964		https://downloads.yoctoproject.org/mirror/sources/LLVM-19.1.2-Linux-X64.tar.xz
404	153	1415335880		https://downloads.yoctoproject.org/mirror/sources/LLVM-19.1.2-Windows-X64.tar.xz
404	153	1413364968		https://downloads.yoctoproject.org/mirror/sources/LLVM-19.1.2-macOS-ARM64.tar.xz
404	153	326455381		https://downloads.yoctoproject.org/mirror/sources/LLVM-19.1.2-win32.exe
404	153	351787924		https://downloads.yoctoproject.org/mirror/sources/LLVM-19.1.2-win64.exe
404	153	421417985		https://downloads.yoctoproject.org/mirror/sources/LLVM-19.1.2-woa64.exe
404	153	1654611468		https://downloads.yoctoproject.org/mirror/sources/LLVM-19.1.3-Linux-X64.tar.xz
404	153	1415463760		https://downloads.yoctoproject.org/mirror/sources/LLVM-19.1.3-Windows-X64.tar.xz
404	153	1413648828		https://downloads.yoctoproject.org/mirror/sources/LLVM-19.1.3-macOS-ARM64.tar.xz
404	153	1575929084		https://downloads.yoctoproject.org/mirror/sources/LLVM-19.1.3-macOS-X64.tar.xz
404	153	326499885		https://downloads.yoctoproject.org/mirror/sources/LLVM-19.1.3-win32.exe
404	153	352150716		https://downloads.yoctoproject.org/mirror/sources/LLVM-19.1.3-win64.exe
404	153	323132851		https://downloads.yoctoproject.org/mirror/sources/LLVM-19.1.3-woa64.exe
404	153	1653142568		https://downloads.yoctoproject.org/mirror/sources/LLVM-19.1.4-Linux-X64.tar.xz
404	153	1413834032		https://downloads.yoctoproject.org/mirror/sources/LLVM-19.1.4-macOS-ARM64.tar.xz
404	153	1576567004		https://downloads.yoctoproject.org/mirror/sources/LLVM-19.1.4-macOS-X64.tar.xz
404	153	326501356		https://downloads.yoctoproject.org/mirror/sources/LLVM-19.1.4-win32.exe
404	153	352115979		https://downloads.yoctoproject.org/mirror/sources/LLVM-19.1.4-win64.exe
404	153	323085917		https://downloads.yoctoproject.org/mirror/sources/LLVM-19.1.4-woa64.exe
404	153	1652713376		https://downloads.yoctoproject.org/mirror/sources/LLVM-19.1.5-Linux-X64.tar.xz
404	153	1576277680		https://downloads.yoctoproject.org/mirror/sources/LLVM-19.1.5-macOS-X64.tar.xz
404	153	326504401		https://downloads.yoctoproject.org/mirror/sources/LLVM-19.1.5-win32.exe
404	153	352110889		https://downloads.yoctoproject.org/mirror/sources/LLVM-19.1.5-win64.exe
404	153	323113046		https://downloads.yoctoproject.org/mirror/sources/LLVM-19.1.5-woa64.exe
404	153	1653648588		https://downloads.yoctoproject.org/mirror/sources/LLVM-19.1.6-Linux-X64.tar.xz
404	153	1413505576		https://downloads.yoctoproject.org/mirror/sources/LLVM-19.1.6-macOS-ARM64.tar.xz
404	153	1574153276		https://downloads.yoctoproject.org/mirror/sources/LLVM-19.1.6-macOS-X64.tar.xz
404	153	326503832		https://downloads.yoctoproject.org/mirror/sources/LLVM-19.1.6-win32.exe
404	153	352072597		https://downloads.yoctoproject.org/mirror/sources/LLVM-19.1.6-win64.exe
404	153	323091951		https://downloads.yoctoproject.org/mirror/sources/LLVM-19.1.6-woa64.exe
404	153	1653440720		https://downloads.yoctoproject.org/mirror/sources/LLVM-19.1.7-Linux-X64.tar.xz
404	153	1413914424		https://downloads.yoctoproject.org/mirror/sources/LLVM-19.1.7-macOS-ARM64.tar.xz
404	153	1574721180		https://downloads.yoctoproject.org/mirror/sources/LLVM-19.1.7-macOS-X64.tar.xz
404	153	326486668		https://downloads.yoctoproject.org/mirror/sources/LLVM-19.1.7-win32.exe
404	153	352071563		https://downloads.yoctoproject.org/mirror/sources/LLVM-19.1.7-win64.exe
404	153	323088311		https://downloads.yoctoproject.org/mirror/sources/LLVM-19.1.7-woa64.exe
404	153	1862002784		https://downloads.yoctoproject.org/mirror/sources/LLVM-20.1.0-Linux-ARM64.tar.xz
404	153	2020952612		https://downloads.yoctoproject.org/mirror/sources/LLVM-20.1.0-Linux-X64.tar.xz
404	153	1449999292		https://downloads.yoctoproject.org/mirror/sources/LLVM-20.1.0-macOS-ARM64.tar.xz
404	153	354710819		https://downloads.yoctoproject.org/mirror/sources/LLVM-20.1.0-win32.exe
404	153	385618196		https://downloads.yoctoproject.org/mirror/sources/LLVM-20.1.0-win64.exe
404	153	332542546		https://downloads.yoctoproject.org/mirror/sources/LLVM-20.1.0-woa64.exe
404	153	1861931688		https://downloads.yoctoproject.org/mirror/sources/LLVM-20.1.1-Linux-ARM64.tar.xz
404	153	2021187508		https://downloads.yoctoproject.org/mirror/sources/LLVM-20.1.1-Linux-X64.tar.xz
404	153	1450003112		https://downloads.yoctoproject.org/mirror/sources/LLVM-20.1.1-macOS-ARM64.tar.xz
404	153	354792554		https://downloads.yoctoproject.org/mirror/sources/LLVM-20.1.1-win32.exe
404	153	385622390		https://downloads.yoctoproject.org/mirror/sources/LLVM-20.1.1-win64.exe
404	153	333666072		https://downloads.yoctoproject.org/mirror/sources/LLVM-20.1.1-woa64.exe
404	153	1861582368		https://downloads.yoctoproject.org/mirror/sources/LLVM-20.1.2-Linux-ARM64.tar.xz
404	153	2021628328		https://downloads.yoctoproject.org/mirror/sources/LLVM-20.1.2-Linux-X64.tar.xz
404	153	1449938768		https://downloads.yoctoproject.org/mirror/sources/LLVM-20.1.2-macOS-ARM64.tar.xz
404	153	354858777		https://downloads.yoctoproject.org/mirror/sources/LLVM-20.1.2-win32.exe
404	153	385642029		https://downloads.yoctoproject.org/mirror/sources/LLVM-20.1.2-win64.exe
404	153	333695762		https://downloads.yoctoproject.org/mirror/sources/LLVM-20.1.2-woa64.exe
404	153	1861749572		https://downloads.yoctoproject.org/mirror/sources/LLVM-20.1.3-Linux-ARM64.tar.xz
404	153	2021228276		https://downloads.yoctoproject.org/mirror/sources/LLVM-20.1.3-Linux-X64.tar.xz
404	153	1449971968		https://downloads.yoctoproject.org/mirror/sources/LLVM-20.1.3-macOS-ARM64.tar.xz
404	153	1464431244		https://downloads.yoctoproject.org/mirror/sources/LLVM-20.1.3-macOS-X64.tar.xz
404	153	354721011		https://downloads.yoctoproject.org/mirror/sources/LLVM-20.1.3-win32.exe
404	153	385634577		https://downloads.yoctoproject.org/mirror/sources/LLVM-20.1.3-win64.exe
404	153	333696841		https://downloads.yoctoproject.org/mirror/sources/LLVM-20.1.3-woa64.exe
404	153	1861555784		https://downloads.yoctoproject.org/mirror/sources/LLVM-20.1.4-Linux-ARM64.tar.xz
404	153	2021200560		https://downloads.yoctoproject.org/mirror/sources/LLVM-20.1.4-Linux-X64.tar.xz
404	153	1450111696		https://downloads.yoctoproject.org/mirror/sources/LLVM-20.1.4-macOS-ARM64.tar.xz
404	153	354714990		https://downloads.yoctoproject.org/mirror/sources/LLVM-20.1.4-win32.exe
404	153	385677493		https://downloads.yoctoproject.org/mirror/sources/LLVM-20.1.4-win64.exe
404	153	333697150		https://downloads.yoctoproject.org/mirror/sources/LLVM-20.1.4-woa64.exe
404	153	1860257316		https://downloads.yoctoproject.org/mirror/sources/LLVM-20.1.5-Linux-ARM64.tar.xz
404	153	2020033120		https://downloads.yoctoproject.org/mirror/sources/LLVM-20.1.5-Linux-X64.tar.xz
404	153	354744853		https://downloads.yoctoproject.org/mirror/sources/LLVM-20.1.5-win32.exe
404	153	385658664		https://downloads.yoctoproject.org/mirror/sources/LLVM-20.1.5-win64.exe
404	153	333743655		https://downloads.yoctoproject.org/mirror/sources/LLVM-20.1.5-woa64.exe
404	153	2022436412		https://downloads.yoctoproject.org/mirror/sources/LLVM-20.1.6-Linux-X64.tar.xz
404	153	354737249		https://downloads.yoctoproject.org/mirror/sources/LLVM-20.1.6-win32.exe
404	153	385642909		https://downloads.yoctoproject.org/mirror/sources/LLVM-20.1.6-win64.exe
404	153	333753307		https://downloads.yoctoproject.org/mirror/sources/LLVM-20.1.6-woa64.exe
404	153	1859713060		https://downloads.yoctoproject.org/mirror/sources/LLVM-20.1.7-Linux-ARM64.tar.xz
404	153	2022020036		https://downloads.yoctoproject.org/mirror/sources/LLVM-20.1.7-Linux-X64.tar.xz
404	153	1449924896		https://downloads.yoctoproject.org/mirror/sources/LLVM-20.1.7-macOS-ARM64.tar.xz
404	153	1464445324		https://downloads.yoctoproject.org/mirror/sources/LLVM-20.1.7-macOS-X64.tar.xz
404	153	354720113		https://downloads.yoctoproject.org/mirror/sources/LLVM-20.1.7-win32.exe
404	153	385716644		https://downloads.yoctoproject.org/mirror/sources/LLVM-20.1.7-win64.exe
404	153	333717796		https://downloads.yoctoproject.org/mirror/sources/LLVM-20.1.7-woa64.exe
404	153	1859437192		https://downloads.yoctoproject.org/mirror/sources/LLVM-20.1.8-Linux-ARM64.tar.xz
404	153	2021269412		https://downloads.yoctoproject.org/mirror/sources/LLVM-20.1.8-Linux-X64.tar.xz
404	153	1450038240		https://downloads.yoctoproject.org/mirror/sources/LLVM-20.1.8-macOS-ARM64.tar.xz
404	153	354718350		https://downloads.yoctoproject.org/mirror/sources/LLVM-20.1.8-win32.exe
404	153	385658654		https://downloads.yoctoproject.org/mirror/sources/LLVM-20.1.8-win64.exe
404	153	333744580		https://downloads.yoctoproject.org/mirror/sources/LLVM-20.1.8-woa64.exe
404	153	1858046304		https://downloads.yoctoproject.org/mirror/sources/LLVM-21.1.0-Linux-ARM64.tar.xz
404	153	1998592920		https://downloads.yoctoproject.org/mirror/sources/LLVM-21.1.0-Linux-X64.tar.xz
404	153	349731088		https://downloads.yoctoproject.org/mirror/sources/LLVM-21.1.0-win32.exe
404	153	374313757		https://downloads.yoctoproject.org/mirror/sources/LLVM-21.1.0-win64.exe
404	153	372255461		https://downloads.yoctoproject.org/mirror/sources/LLVM-21.1.0-woa64.exe
404	153	1856625220		https://downloads.yoctoproject.org/mirror/sources/LLVM-21.1.1-Linux-ARM64.tar.xz
404	153	2000559996		https://downloads.yoctoproject.org/mirror/sources/LLVM-21.1.1-Linux-X64.tar.xz
404	153	349735746		https://downloads.yoctoproject.org/mirror/sources/LLVM-21.1.1-win32.exe
404	153	374399611		https://downloads.yoctoproject.org/mirror/sources/LLVM-21.1.1-win64.exe
404	153	371557072		https://downloads.yoctoproject.org/mirror/sources/LLVM-21.1.1-woa64.exe
404	153	1856011124		https://downloads.yoctoproject.org/mirror/sources/LLVM-21.1.2-Linux-ARM64.tar.xz
404	153	1998692144		https://downloads.yoctoproject.org/mirror/sources/LLVM-21.1.2-Linux-X64.tar.xz
404	153	349561720		https://downloads.yoctoproject.org/mirror/sources/LLVM-21.1.2-win32.exe
404	153	374138528		https://downloads.yoctoproject.org/mirror/sources/LLVM-21.1.2-win64.exe
404	153	371402171		https://downloads.yoctoproject.org/mirror/sources/LLVM-21.1.2-woa64.exe
404	153	1857366532		https://downloads.yoctoproject.org/mirror/sources/LLVM-21.1.3-Linux-ARM64.tar.xz
404	153	1998512496		https://downloads.yoctoproject.org/mirror/sources/LLVM-21.1.3-Linux-X64.tar.xz
404	153	349560762		https://downloads.yoctoproject.org/mirror/sources/LLVM-21.1.3-win32.exe
404	153	374101891		https://downloads.yoctoproject.org/mirror/sources/LLVM-21.1.3-win64.exe
404	153	371385186		https://downloads.yoctoproject.org/mirror/sources/LLVM-21.1.3-woa64.exe
404	153	1857167760		https://downloads.yoctoproject.org/mirror/sources/LLVM-21.1.4-Linux-ARM64.tar.xz
404	153	1999459464		https://downloads.yoctoproject.org/mirror/sources/LLVM-21.1.4-Linux-X64.tar.xz
404	153	349556577		https://downloads.yoctoproject.org/mirror/sources/LLVM-21.1.4-win32.exe
404	153	374126146		https://downloads.yoctoproject.org/mirror/sources/LLVM-21.1.4-win64.exe
404	153	371425454		https://downloads.yoctoproject.org/mirror/sources/LLVM-21.1.4-woa64.exe
404	153	1857479224		https://downloads.yoctoproject.org/mirror/sources/LLVM-21.1.5-Linux-ARM64.tar.xz
404	153	1998745156		https://downloads.yoctoproject.org/mirror/sources/LLVM-21.1.5-Linux-X64.tar.xz
404	153	349580720		https://downloads.yoctoproject.org/mirror/sources/LLVM-21.1.5-win32.exe
404	153	374097337		https://downloads.yoctoproject.org/mirror/sources/LLVM-21.1.5-win64.exe
404	153	371397196		https://downloads.yoctoproject.org/mirror/sources/LLVM-21.1.5-woa64.exe
404	153	1873654724		https://downloads.yoctoproject.org/mirror/sources/LLVM-21.1.6-Linux-ARM64.tar.xz
404	153	2019275936		https://downloads.yoctoproject.org/mirror/sources/LLVM-21.1.6-Linux-X64.tar.xz
404	153	1503083780		https://downloads.yoctoproject.org/mirror/sources/LLVM-21.1.6-macOS-ARM64.tar.xz
404	153	349588264		https://downloads.yoctoproject.org/mirror/sources/LLVM-21.1.6-win32.exe
404	153	374122213		https://downloads.yoctoproject.org/mirror/sources/LLVM-21.1.6-win64.exe
404	153	371408723		https://downloads.yoctoproject.org/mirror/sources/LLVM-21.1.6-woa64.exe
404	153	1873933548		https://downloads.yoctoproject.org/mirror/sources/LLVM-21.1.7-Linux-ARM64.tar.xz
404	153	2019078704		https://downloads.yoctoproject.org/mirror/sources/LLVM-21.1.7-Linux-X64.tar.xz
404	153	349571057		https://downloads.yoctoproject.org/mirror/sources/LLVM-21.1.7-win32.exe
404	153	374149300		https://downloads.yoctoproject.org/mirror/sources/LLVM-21.1.7-win64.exe
404	153	371635958		https://downloads.yoctoproject.org/mirror/sources/LLVM-21.1.7-woa64.exe
404	153	1873847788		https://downloads.yoctoproject.org/mirror/sources/LLVM-21.1.8-Linux-ARM64.tar.xz
404	153	2019005384		https://downloads.yoctoproject.org/mirror/sources/LLVM-21.1.8-Linux-X64.tar.xz
404	153	1503047352		https://downloads.yoctoproject.org/mirror/sources/LLVM-21.1.8-macOS-ARM64.tar.xz
404	153	349589289		https://downloads.yoctoproject.org/mirror/sources/LLVM-21.1.8-win32.exe
404	153	374129373		https://downloads.yoctoproject.org/mirror/sources/LLVM-21.1.8-win64.exe
404	153	1770379352		https://downloads.yoctoproject.org/mirror/sources/LLVM-22.1.0-Linux-ARM64.tar.xz
404	153	1940274536		https://downloads.yoctoproject.org/mirror/sources/LLVM-22.1.0-Linux-X64.tar.xz
404	153	1479868048		https://downloads.yoctoproject.org/mirror/sources/LLVM-22.1.0-macOS-ARM64.tar.xz
404	153	455400404		https://downloads.yoctoproject.org/mirror/sources/LLVM-22.1.0-win64.exe
404	153	389055345		https://downloads.yoctoproject.org/mirror/sources/LLVM-22.1.0-woa64.exe
404	153	1770397820		https://downloads.yoctoproject.org/mirror/sources/LLVM-22.1.1-Linux-ARM64.tar.xz
404	153	1939554732		https://downloads.yoctoproject.org/mirror/sources/LLVM-22.1.1-Linux-X64.tar.xz
404	153	1479439200		https://downloads.yoctoproject.org/mirror/sources/LLVM-22.1.1-macOS-ARM64.tar.xz
404	153	455541574		https://downloads.yoctoproject.org/mirror/sources/LLVM-22.1.1-win64.exe
404	153	389101034		https://downloads.yoctoproject.org/mirror/sources/LLVM-22.1.1-woa64.exe
404	153	1770442424		https://downloads.yoctoproject.org/mirror/sources/LLVM-22.1.2-Linux-ARM64.tar.xz
404	153	1939541864		https://downloads.yoctoproject.org/mirror/sources/LLVM-22.1.2-Linux-X64.tar.xz
404	153	1479868856		https://downloads.yoctoproject.org/mirror/sources/LLVM-22.1.2-macOS-ARM64.tar.xz
404	153	455386487		https://downloads.yoctoproject.org/mirror/sources/LLVM-22.1.2-win64.exe
404	153	389106972		https://downloads.yoctoproject.org/mirror/sources/LLVM-22.1.2-woa64.exe
404	153	1770103808		https://downloads.yoctoproject.org/mirror/sources/LLVM-22.1.3-Linux-ARM64.tar.xz
404	153	1939973900		https://downloads.yoctoproject.org/mirror/sources/LLVM-22.1.3-Linux-X64.tar.xz
404	153	1479770052		https://downloads.yoctoproject.org/mirror/sources/LLVM-22.1.3-macOS-ARM64.tar.xz
404	153	455493480		https://downloads.yoctoproject.org/mirror/sources/LLVM-22.1.3-win64.exe
404	153	389075425		https://downloads.yoctoproject.org/mirror/sources/LLVM-22.1.3-woa64.exe
404	153	1770201968		https://downloads.yoctoproject.org/mirror/sources/LLVM-22.1.4-Linux-ARM64.tar.xz
404	153	1940320696		https://downloads.yoctoproject.org/mirror/sources/LLVM-22.1.4-Linux-X64.tar.xz
404	153	1479591048		https://downloads.yoctoproject.org/mirror/sources/LLVM-22.1.4-macOS-ARM64.tar.xz
404	153	455355618		https://downloads.yoctoproject.org/mirror/sources/LLVM-22.1.4-win64.exe
404	153	389104248		https://downloads.yoctoproject.org/mirror/sources/LLVM-22.1.4-woa64.exe
404	153	1771090080		https://downloads.yoctoproject.org/mirror/sources/LLVM-22.1.5-Linux-ARM64.tar.xz
404	153	1936859520		https://downloads.yoctoproject.org/mirror/sources/LLVM-22.1.5-Linux-X64.tar.xz
404	153	1479806544		https://downloads.yoctoproject.org/mirror/sources/LLVM-22.1.5-macOS-ARM64.tar.xz
404	153	455552735		https://downloads.yoctoproject.org/mirror/sources/LLVM-22.1.5-win64.exe
404	153	389140494		https://downloads.yoctoproject.org/mirror/sources/LLVM-22.1.5-woa64.exe
404	153	1770949840		https://downloads.yoctoproject.org/mirror/sources/LLVM-22.1.6-Linux-ARM64.tar.xz
404	153	1937446204		https://downloads.yoctoproject.org/mirror/sources/LLVM-22.1.6-Linux-X64.tar.xz
404	153	1480006836		https://downloads.yoctoproject.org/mirror/sources/LLVM-22.1.6-macOS-ARM64.tar.xz
404	153	455383001		https://downloads.yoctoproject.org/mirror/sources/LLVM-22.1.6-win64.exe
404	153	389180067		https://downloads.yoctoproject.org/mirror/sources/LLVM-22.1.6-woa64.exe
404	153	1770309908		https://downloads.yoctoproject.org/mirror/sources/LLVM-22.1.7-Linux-ARM64.tar.xz
404	153	1938496864		https://downloads.yoctoproject.org/mirror/sources/LLVM-22.1.7-Linux-X64.tar.xz
404	153	1479825388		https://downloads.yoctoproject.org/mirror/sources/LLVM-22.1.7-macOS-ARM64.tar.xz
404	153	455582838		https://downloads.yoctoproject.org/mirror/sources/LLVM-22.1.7-win64.exe
404	153	389160868		https://downloads.yoctoproject.org/mirror/sources/LLVM-22.1.7-woa64.exe
404	153	1771004928		https://downloads.yoctoproject.org/mirror/sources/LLVM-22.1.8-Linux-ARM64.tar.xz
404	153	1938859476		https://downloads.yoctoproject.org/mirror/sources/LLVM-22.1.8-Linux-X64.tar.xz
404	153	1479903744		https://downloads.yoctoproject.org/mirror/sources/LLVM-22.1.8-macOS-ARM64.tar.xz
404	153	455545840		https://downloads.yoctoproject.org/mirror/sources/LLVM-22.1.8-win64.exe
404	153	389159445		https://downloads.yoctoproject.org/mirror/sources/LLVM-22.1.8-woa64.exe
404	153	1828948604		https://downloads.yoctoproject.org/mirror/sources/LLVM-23.1.0-Linux-ARM64.tar.xz
404	153	2014511320		https://downloads.yoctoproject.org/mirror/sources/LLVM-23.1.0-Linux-X64.tar.xz
404	153	390480336		https://downloads.yoctoproject.org/mirror/sources/clang%2Bllvm-10.0.0-aarch64-linux-gnu.tar.xz
404	153	419035120		https://downloads.yoctoproject.org/mirror/sources/clang%2Bllvm-10.0.0-armv7a-linux-gnueabihf.tar.xz
404	153	443538244		https://downloads.yoctoproject.org/mirror/sources/clang%2Bllvm-10.0.0-powerpc64le-linux-rhel-7.4.tar.xz
404	153	442413316		https://downloads.yoctoproject.org/mirror/sources/clang%2Bllvm-10.0.0-powerpc64le-linux-ubuntu-16.04.tar.xz
404	153	444821008		https://downloads.yoctoproject.org/mirror/sources/clang%2Bllvm-10.0.0-x86_64-apple-darwin.tar.xz
404	153	433701532		https://downloads.yoctoproject.org/mirror/sources/clang%2Bllvm-10.0.0-x86_64-linux-gnu-ubuntu-18.04.tar.xz
404	153	453189004		https://downloads.yoctoproject.org/mirror/sources/clang%2Bllvm-10.0.0-x86_64-linux-sles11.3.tar.xz
404	153	390878232		https://downloads.yoctoproject.org/mirror/sources/clang%2Bllvm-10.0.1-aarch64-linux-gnu.tar.xz
404	153	420166488		https://downloads.yoctoproject.org/mirror/sources/clang%2Bllvm-10.0.1-armv7a-linux-gnueabihf.tar.xz
404	153	444040284		https://downloads.yoctoproject.org/mirror/sources/clang%2Bllvm-10.0.1-powerpc64le-linux-rhel-7.4.tar.xz
404	153	380908816		https://downloads.yoctoproject.org/mirror/sources/clang%2Bllvm-10.0.1-x86_64-linux-gnu-ubuntu-16.04.tar.xz
404	153	291431288		https://downloads.yoctoproject.org/mirror/sources/clang%2Bllvm-10.0.1-x86_64-linux-sles12.4.tar.xz
404	153	335725308		https://downloads.yoctoproject.org/mirror/sources/clang%2Bllvm-11.0.0-aarch64-linux-gnu.tar.xz
404	153	321810360		https://downloads.yoctoproject.org/mirror/sources/clang%2Bllvm-11.0.0-armv7a-linux-gnueabihf.tar.xz
404	153	331870612		https://downloads.yoctoproject.org/mirror/sources/clang%2Bllvm-11.0.0-powerpc64le-linux-rhel-7.4.tar.xz
404	153	385514328		https://downloads.yoctoproject.org/mirror/sources/clang%2Bllvm-11.0.0-powerpc64le-linux-ubuntu-16.04.tar.xz
404	153	387917860		https://downloads.yoctoproject.org/mirror/sources/clang%2Bllvm-11.0.0-x86_64-linux-gnu-ubuntu-20.04.tar.xz
404	153	335674264		https://downloads.yoctoproject.org/mirror/sources/clang%2Bllvm-11.0.0-x86_64-linux-sles12.4.tar.xz
404	153	331696616		https://downloads.yoctoproject.org/mirror/sources/clang%2Bllvm-11.0.1-aarch64-linux-gnu.tar.xz
404	153	321793496		https://downloads.yoctoproject.org/mirror/sources/clang%2Bllvm-11.0.1-armv7a-linux-gnueabihf.tar.xz
404	153	318769032		https://downloads.yoctoproject.org/mirror/sources/clang%2Bllvm-11.0.1-powerpc64le-linux-rhel-7.4.tar.xz
404	153	316673324		https://downloads.yoctoproject.org/mirror/sources/clang%2Bllvm-11.0.1-powerpc64le-linux-ubuntu-18.04.tar.xz
404	153	418790120		https://downloads.yoctoproject.org/mirror/sources/clang%2Bllvm-11.0.1-x86_64-linux-gnu-ubuntu-16.04.tar.xz
404	153	383253860		https://downloads.yoctoproject.org/mirror/sources/clang%2Bllvm-11.0.1-x86_64-linux-gnu-ubuntu-20.10.tar.xz
404	153	335692656		https://downloads.yoctoproject.org/mirror/sources/clang%2Bllvm-11.0.1-x86_64-linux-sles12.4.tar.xz
404	153	321820460		https://downloads.yoctoproject.org/mirror/sources/clang%2Bllvm-11.1.0-armv7a-linux-gnueabihf.tar.xz
404	153	331941016		https://downloads.yoctoproject.org/mirror/sources/clang%2Bllvm-11.1.0-powerpc64le-linux-rhel-7.4.tar.xz
404	153	437241400		https://downloads.yoctoproject.org/mirror/sources/clang%2Bllvm-11.1.0-x86_64-linux-gnu-ubuntu-16.04.tar.xz
404	153	383061212		https://downloads.yoctoproject.org/mirror/sources/clang%2Bllvm-12.0.0-aarch64-linux-gnu.tar.xz
404	153	353856820		https://downloads.yoctoproject.org/mirror/sources/clang%2Bllvm-12.0.0-armv7a-linux-gnueabihf.tar.xz
404	153	399509508		https://downloads.yoctoproject.org/mirror/sources/clang%2Bllvm-12.0.0-powerpc64le-linux-rhel-7.9.tar.xz
404	153	382343176		https://downloads.yoctoproject.org/mirror/sources/clang%2Bllvm-12.0.0-powerpc64le-linux-ubuntu-18.04.tar.xz
404	153	417112900		https://downloads.yoctoproject.org/mirror/sources/clang%2Bllvm-12.0.0-x86_64-apple-darwin.tar.xz
404	153	455960432		https://downloads.yoctoproject.org/mirror/sources/clang%2Bllvm-12.0.0-x86_64-linux-gnu-ubuntu-16.04.tar.xz
404	153	453059268		https://downloads.yoctoproject.org/mirror/sources/clang%2Bllvm-12.0.0-x86_64-linux-gnu-ubuntu-20.04.tar.xz
404	153	370821408		https://downloads.yoctoproject.org/mirror/sources/clang%2Bllvm-12.0.0-x86_64-linux-sles12.4.tar.xz
404	153	559295780		https://downloads.yoctoproject.org/mirror/sources/clang%2Bllvm-12.0.1-powerpc64le-linux-rhel-7.9.tar.xz
404	153	382545440		https://downloads.yoctoproject.org/mirror/sources/clang%2Bllvm-12.0.1-powerpc64le-linux-ubuntu-18.04.tar.xz
404	153	513688044		https://downloads.yoctoproject.org/mirror/sources/clang%2Bllvm-13.0.0-aarch64-linux-gnu.tar.xz
404	153	454666888		https://downloads.yoctoproject.org/mirror/sources/clang%2Bllvm-13.0.0-armv7a-linux-gnueabihf.tar.xz
404	153	518010392		https://downloads.yoctoproject.org/mirror/sources/clang%2Bllvm-13.0.0-powerpc64le-linux-rhel-7.9.tar.xz
404	153	499547616		https://downloads.yoctoproject.org/mirror/sources/clang%2Bllvm-13.0.0-powerpc64le-linux-ubuntu-18.04.tar.xz
404	153	511338052		https://downloads.yoctoproject.org/mirror/sources/clang%2Bllvm-13.0.0-x86_64-apple-darwin.tar.xz
404	153	509663904		https://downloads.yoctoproject.org/mirror/sources/clang%2Bllvm-13.0.0-x86_64-linux-gnu-ubuntu-16.04.tar.xz
404	153	546018360		https://downloads.yoctoproject.org/mirror/sources/clang%2Bllvm-13.0.0-x86_64-linux-gnu-ubuntu-20.04.tar.xz
404	153	513352520		https://downloads.yoctoproject.org/mirror/sources/clang%2Bllvm-13.0.1-aarch64-linux-gnu.tar.xz
404	153	470686828		https://downloads.yoctoproject.org/mirror/sources/clang%2Bllvm-13.0.1-armv7a-linux-gnueabihf.tar.xz
404	153	518120636		https://downloads.yoctoproject.org/mirror/sources/clang%2Bllvm-13.0.1-powerpc64le-linux-rhel-7.9.tar.xz
404	153	499268448		https://downloads.yoctoproject.org/mirror/sources/clang%2Bllvm-13.0.1-powerpc64le-linux-ubuntu-18.04.5.tar.xz
404	153	511364108		https://downloads.yoctoproject.org/mirror/sources/clang%2Bllvm-13.0.1-x86_64-apple-darwin.tar.xz
404	153	506421856		https://downloads.yoctoproject.org/mirror/sources/clang%2Bllvm-13.0.1-x86_64-linux-gnu-ubuntu-18.04.tar.xz
404	153	587617004		https://downloads.yoctoproject.org/mirror/sources/clang%2Bllvm-14.0.0-aarch64-linux-gnu.tar.xz
404	153	530704624		https://downloads.yoctoproject.org/mirror/sources/clang%2Bllvm-14.0.0-armv7a-linux-gnueabihf.tar.xz
404	153	590595560		https://downloads.yoctoproject.org/mirror/sources/clang%2Bllvm-14.0.0-powerpc64le-linux-rhel-7.9.tar.xz
404	153	586478324		https://downloads.yoctoproject.org/mirror/sources/clang%2Bllvm-14.0.0-powerpc64le-linux-ubuntu-18.04.tar.xz
404	153	585912216		https://downloads.yoctoproject.org/mirror/sources/clang%2Bllvm-14.0.0-x86_64-apple-darwin.tar.xz
404	153	603776352		https://downloads.yoctoproject.org/mirror/sources/clang%2Bllvm-14.0.0-x86_64-linux-gnu-ubuntu-18.04.tar.xz
404	153	559938492		https://downloads.yoctoproject.org/mirror/sources/clang%2Bllvm-14.0.0-x86_64-linux-sles12.4.tar.xz
404	153	586930664		https://downloads.yoctoproject.org/mirror/sources/clang%2Bllvm-14.0.1-aarch64-linux-gnu.tar.xz
404	153	530222904		https://downloads.yoctoproject.org/mirror/sources/clang%2Bllvm-14.0.1-armv7a-linux-gnueabihf.tar.xz
404	153	568901648		https://downloads.yoctoproject.org/mirror/sources/clang%2Bllvm-14.0.1-powerpc64le-linux-rhel-8.4.tar.xz
404	153	586536072		https://downloads.yoctoproject.org/mirror/sources/clang%2Bllvm-14.0.1-powerpc64le-linux-ubuntu-18.04.tar.xz
404	153	585938372		https://downloads.yoctoproject.org/mirror/sources/clang%2Bllvm-14.0.1-x86_64-apple-darwin.tar.xz
404	153	587180152		https://downloads.yoctoproject.org/mirror/sources/clang%2Bllvm-14.0.2-aarch64-linux-gnu.tar.xz
404	153	585840704		https://downloads.yoctoproject.org/mirror/sources/clang%2Bllvm-14.0.2-x86_64-apple-darwin.tar.xz
404	153	587346064		https://downloads.yoctoproject.org/mirror/sources/clang%2Bllvm-14.0.3-aarch64-linux-gnu.tar.xz
404	153	528832840		https://downloads.yoctoproject.org/mirror/sources/clang%2Bllvm-14.0.3-armv7a-linux-gnueabihf.tar.xz
404	153	569052244		https://downloads.yoctoproject.org/mirror/sources/clang%2Bllvm-14.0.3-powerpc64le-linux-rhel-8.4.tar.xz
404	153	586589944		https://downloads.yoctoproject.org/mirror/sources/clang%2Bllvm-14.0.3-powerpc64le-linux-ubuntu-18.04.tar.xz
404	153	585864300		https://downloads.yoctoproject.org/mirror/sources/clang%2Bllvm-14.0.3-x86_64-apple-darwin.tar.xz
404	153	587298680		https://downloads.yoctoproject.org/mirror/sources/clang%2Bllvm-14.0.4-aarch64-linux-gnu.tar.xz
404	153	510879912		https://downloads.yoctoproject.org/mirror/sources/clang%2Bllvm-14.0.4-armv7a-linux-gnueabihf.tar.xz
404	153	569158624		https://downloads.yoctoproject.org/mirror/sources/clang%2Bllvm-14.0.4-powerpc64le-linux-rhel-8.4.tar.xz
404	153	586789272		https://downloads.yoctoproject.org/mirror/sources/clang%2Bllvm-14.0.4-powerpc64le-linux-ubuntu-18.04.5.tar.xz
404	153	586039412		https://downloads.yoctoproject.org/mirror/sources/clang%2Bllvm-14.0.4-x86_64-apple-darwin.tar.xz
404	153	586845316		https://downloads.yoctoproject.org/mirror/sources/clang%2Bllvm-14.0.5-aarch64-linux-gnu.tar.xz
404	153	511193884		https://downloads.yoctoproject.org/mirror/sources/clang%2Bllvm-14.0.5-armv7a-linux-gnueabihf.tar.xz
404	153	569057008		https://downloads.yoctoproject.org/mirror/sources/clang%2Bllvm-14.0.5-powerpc64le-linux-rhel-8.4.tar.xz
404	153	586739396		https://downloads.yoctoproject.org/mirror/sources/clang%2Bllvm-14.0.5-powerpc64le-linux-ubuntu-18.04.5.tar.xz
404	153	585962164		https://downloads.yoctoproject.org/mirror/sources/clang%2Bllvm-14.0.5-x86_64-apple-darwin.tar.xz
404	153	559171976		https://downloads.yoctoproject.org/mirror/sources/clang%2Bllvm-14.0.6-arm64-apple-darwin22.3.0.tar.xz
404	153	530914256		https://downloads.yoctoproject.org/mirror/sources/clang%2Bllvm-14.0.6-armv7a-linux-gnueabihf.tar.xz
404	153	569091596		https://downloads.yoctoproject.org/mirror/sources/clang%2Bllvm-14.0.6-powerpc64le-linux-rhel-8.4.tar.xz
404	153	602076988		https://downloads.yoctoproject.org/mirror/sources/clang%2Bllvm-14.0.6-x86_64-linux-gnu-rhel-8.4.tar.xz
404	153	748573260		https://downloads.yoctoproject.org/mirror/sources/clang%2Bllvm-15.0.0-aarch64-linux-gnu.tar.xz
404	153	629966472		https://downloads.yoctoproject.org/mirror/sources/clang%2Bllvm-15.0.0-arm64-apple-darwin21.0.tar.xz
404	153	595663996		https://downloads.yoctoproject.org/mirror/sources/clang%2Bllvm-15.0.0-armv7a-linux-gnueabihf.tar.xz
404	153	687189908		https://downloads.yoctoproject.org/mirror/sources/clang%2Bllvm-15.0.0-powerpc64le-linux-rhel-8.4.tar.xz
404	153	708891152		https://downloads.yoctoproject.org/mirror/sources/clang%2Bllvm-15.0.0-powerpc64le-linux-ubuntu-18.04.6.tar.xz
404	153	661237988		https://downloads.yoctoproject.org/mirror/sources/clang%2Bllvm-15.0.0-x86_64-apple-darwin.tar.xz
404	153	724366380		https://downloads.yoctoproject.org/mirror/sources/clang%2Bllvm-15.0.0-x86_64-linux-gnu-rhel-8.4.tar.xz
404	153	748270980		https://downloads.yoctoproject.org/mirror/sources/clang%2Bllvm-15.0.1-aarch64-linux-gnu.tar.xz
404	153	630802720		https://downloads.yoctoproject.org/mirror/sources/clang%2Bllvm-15.0.1-arm64-apple-darwin21.0.tar.xz
404	153	595593640		https://downloads.yoctoproject.org/mirror/sources/clang%2Bllvm-15.0.1-armv7a-linux-gnueabihf.tar.xz
404	153	687326280		https://downloads.yoctoproject.org/mirror/sources/clang%2Bllvm-15.0.1-powerpc64le-linux-rhel-8.4.tar.xz
404	153	708868168		https://downloads.yoctoproject.org/mirror/sources/clang%2Bllvm-15.0.1-powerpc64le-linux-ubuntu-18.04.5.tar.xz
404	153	661325320		https://downloads.yoctoproject.org/mirror/sources/clang%2Bllvm-15.0.1-x86_64-apple-darwin.tar.xz
404	153	748711248		https://downloads.yoctoproject.org/mirror/sources/clang%2Bllvm-15.0.2-aarch64-linux-gnu.tar.xz
404	153	632423980		https://downloads.yoctoproject.org/mirror/sources/clang%2Bllvm-15.0.2-arm64-apple-darwin21.0.tar.xz
404	153	687196448		https://downloads.yoctoproject.org/mirror/sources/clang%2Bllvm-15.0.2-powerpc64le-linux-rhel-8.4.tar.xz
404	153	708932404		https://downloads.yoctoproject.org/mirror/sources/clang%2Bllvm-15.0.2-powerpc64le-linux-ubuntu-18.04.5.tar.xz
404	153	709792404		https://downloads.yoctoproject.org/mirror/sources/clang%2Bllvm-15.0.2-x86_64-apple-darwin.tar.xz
404	153	724793296		https://downloads.yoctoproject.org/mirror/sources/clang%2Bllvm-15.0.2-x86_64-unknown-linux-gnu-rhel86.tar.xz
404	153	724780172		https://downloads.yoctoproject.org/mirror/sources/clang%2Bllvm-15.0.2-x86_64-unknown-linux-gnu-sles15.tar.xz
404	153	747761644		https://downloads.yoctoproject.org/mirror/sources/clang%2Bllvm-15.0.3-aarch64-linux-gnu.tar.xz
404	153	631945684		https://downloads.yoctoproject.org/mirror/sources/clang%2Bllvm-15.0.3-arm64-apple-darwin21.0.tar.xz
404	153	574332240		https://downloads.yoctoproject.org/mirror/sources/clang%2Bllvm-15.0.3-armv7a-linux-gnueabihf.tar.xz
404	153	687154796		https://downloads.yoctoproject.org/mirror/sources/clang%2Bllvm-15.0.3-powerpc64le-linux-rhel-8.4.tar.xz
404	153	709003684		https://downloads.yoctoproject.org/mirror/sources/clang%2Bllvm-15.0.3-powerpc64le-linux-ubuntu-18.04.5.tar.xz
404	153	709200364		https://downloads.yoctoproject.org/mirror/sources/clang%2Bllvm-15.0.3-x86_64-apple-darwin.tar.xz
404	153	631478892		https://downloads.yoctoproject.org/mirror/sources/clang%2Bllvm-15.0.4-arm64-apple-darwin21.0.tar.xz
404	153	687263212		https://downloads.yoctoproject.org/mirror/sources/clang%2Bllvm-15.0.4-powerpc64le-linux-rhel-8.4.tar.xz
404	153	708824932		https://downloads.yoctoproject.org/mirror/sources/clang%2Bllvm-15.0.4-powerpc64le-linux-ubuntu-18.04.5.tar.xz
404	153	708956596		https://downloads.yoctoproject.org/mirror/sources/clang%2Bllvm-15.0.4-x86_64-apple-darwin.tar.xz
404	153	724464948		https://downloads.yoctoproject.org/mirror/sources/clang%2Bllvm-15.0.4-x86_64-linux-gnu-rhel-8.4.tar.xz
404	153	632352196		https://downloads.yoctoproject.org/mirror/sources/clang%2Bllvm-15.0.5-arm64-apple-darwin21.0.tar.xz
404	153	687386164		https://downloads.yoctoproject.org/mirror/sources/clang%2Bllvm-15.0.5-powerpc64le-linux-rhel-8.4.tar.xz
404	153	709116064		https://downloads.yoctoproject.org/mirror/sources/clang%2Bllvm-15.0.5-powerpc64le-linux-ubuntu-18.04.5.tar.xz
404	153	817119512		https://downloads.yoctoproject.org/mirror/sources/clang%2Bllvm-15.0.5-x86_64-linux-gnu-ubuntu-18.04.tar.xz
404	153	645608420		https://downloads.yoctoproject.org/mirror/sources/clang%2Bllvm-15.0.6-arm64-apple-darwin21.0.tar.xz
404	153	571210760		https://downloads.yoctoproject.org/mirror/sources/clang%2Bllvm-15.0.6-armv7a-linux-gnueabihf.tar.xz
404	153	687394356		https://downloads.yoctoproject.org/mirror/sources/clang%2Bllvm-15.0.6-powerpc64le-linux-rhel-8.4.tar.xz
404	153	708871672		https://downloads.yoctoproject.org/mirror/sources/clang%2Bllvm-15.0.6-powerpc64le-linux-ubuntu-18.04.tar.xz
404	153	644285196		https://downloads.yoctoproject.org/mirror/sources/clang%2Bllvm-15.0.7-arm64-apple-darwin22.0.tar.xz
404	153	687350128		https://downloads.yoctoproject.org/mirror/sources/clang%2Bllvm-15.0.7-powerpc64le-linux-rhel-8.4.tar.xz
404	153	708861076		https://downloads.yoctoproject.org/mirror/sources/clang%2Bllvm-15.0.7-powerpc64le-linux-ubuntu-18.04.tar.xz
404	153	728344840		https://downloads.yoctoproject.org/mirror/sources/clang%2Bllvm-15.0.7-x86_64-apple-darwin21.0.tar.xz
404	153	914432580		https://downloads.yoctoproject.org/mirror/sources/clang%2Bllvm-16.0.0-aarch64-linux-gnu.tar.xz
404	153	741899384		https://downloads.yoctoproject.org/mirror/sources/clang%2Bllvm-16.0.0-arm64-apple-darwin22.0.tar.xz
404	153	784692136		https://downloads.yoctoproject.org/mirror/sources/clang%2Bllvm-16.0.0-powerpc64le-linux-rhel-8.4.tar.xz
404	153	822224960		https://downloads.yoctoproject.org/mirror/sources/clang%2Bllvm-16.0.0-powerpc64le-linux-ubuntu-18.04.tar.xz
404	153	966785280		https://downloads.yoctoproject.org/mirror/sources/clang%2Bllvm-16.0.0-x86_64-linux-gnu-ubuntu-18.04.tar.xz
404	153	913472480		https://downloads.yoctoproject.org/mirror/sources/clang%2Bllvm-16.0.1-aarch64-linux-gnu.tar.xz
404	153	741591208		https://downloads.yoctoproject.org/mirror/sources/clang%2Bllvm-16.0.1-arm64-apple-darwin22.0.tar.xz
404	153	785232820		https://downloads.yoctoproject.org/mirror/sources/clang%2Bllvm-16.0.1-powerpc64le-linux-rhel-8.4.tar.xz
404	153	820809296		https://downloads.yoctoproject.org/mirror/sources/clang%2Bllvm-16.0.1-powerpc64le-linux-ubuntu-20.04.tar.xz
404	153	911693584		https://downloads.yoctoproject.org/mirror/sources/clang%2Bllvm-16.0.2-aarch64-linux-gnu.tar.xz
404	153	740607792		https://downloads.yoctoproject.org/mirror/sources/clang%2Bllvm-16.0.2-arm64-apple-darwin22.0.tar.xz
404	153	785169928		https://downloads.yoctoproject.org/mirror/sources/clang%2Bllvm-16.0.2-powerpc64le-linux-rhel-8.4.tar.xz
404	153	964328044		https://downloads.yoctoproject.org/mirror/sources/clang%2Bllvm-16.0.2-x86_64-linux-gnu-ubuntu-22.04.tar.xz
404	153	913366348		https://downloads.yoctoproject.org/mirror/sources/clang%2Bllvm-16.0.3-aarch64-linux-gnu.tar.xz
404	153	741099100		https://downloads.yoctoproject.org/mirror/sources/clang%2Bllvm-16.0.3-arm64-apple-darwin22.0.tar.xz
404	153	823401360		https://downloads.yoctoproject.org/mirror/sources/clang%2Bllvm-16.0.3-powerpc64le-linux-rhel-8.4.tar.xz
404	153	961338848		https://downloads.yoctoproject.org/mirror/sources/clang%2Bllvm-16.0.3-x86_64-linux-gnu-ubuntu-22.04.tar.xz
404	153	913499848		https://downloads.yoctoproject.org/mirror/sources/clang%2Bllvm-16.0.4-aarch64-linux-gnu.tar.xz
404	153	740049796		https://downloads.yoctoproject.org/mirror/sources/clang%2Bllvm-16.0.4-arm64-apple-darwin22.0.tar.xz
404	153	823500808		https://downloads.yoctoproject.org/mirror/sources/clang%2Bllvm-16.0.4-powerpc64le-linux-rhel-8.4.tar.xz
404	153	913684800		https://downloads.yoctoproject.org/mirror/sources/clang%2Bllvm-16.0.5-aarch64-linux-gnu.tar.xz
404	153	740414000		https://downloads.yoctoproject.org/mirror/sources/clang%2Bllvm-16.0.5-arm64-apple-darwin22.0.tar.xz
404	153	824157584		https://downloads.yoctoproject.org/mirror/sources/clang%2Bllvm-16.0.5-powerpc64le-linux-rhel-8.7.tar.xz
404	153	913706844		https://downloads.yoctoproject.org/mirror/sources/clang%2Bllvm-16.0.6-aarch64-linux-gnu.tar.xz
404	153	824145068		https://downloads.yoctoproject.org/mirror/sources/clang%2Bllvm-16.0.6-powerpc64le-linux-rhel-8.7.tar.xz
404	153	960688884		https://downloads.yoctoproject.org/mirror/sources/clang%2Bllvm-17.0.1-aarch64-linux-gnu.tar.xz
404	153	803708084		https://downloads.yoctoproject.org/mirror/sources/clang%2Bllvm-17.0.1-arm64-apple-darwin22.0.tar.xz
404	153	1332302859		https://downloads.yoctoproject.org/mirror/sources/clang%2Bllvm-17.0.1-armv7a-linux-gnueabihf.tar.gz
404	153	857002008		https://downloads.yoctoproject.org/mirror/sources/clang%2Bllvm-17.0.1-powerpc64le-linux-rhel-8.8.tar.xz
404	153	959910628		https://downloads.yoctoproject.org/mirror/sources/clang%2Bllvm-17.0.2-aarch64-linux-gnu.tar.xz
404	153	803457216		https://downloads.yoctoproject.org/mirror/sources/clang%2Bllvm-17.0.2-arm64-apple-darwin22.0.tar.xz
404	153	1332322990		https://downloads.yoctoproject.org/mirror/sources/clang%2Bllvm-17.0.2-armv7a-linux-gnueabihf.tar.gz
404	153	857014864		https://downloads.yoctoproject.org/mirror/sources/clang%2Bllvm-17.0.2-powerpc64le-linux-rhel-8.8.tar.xz
404	153	999075212		https://downloads.yoctoproject.org/mirror/sources/clang%2Bllvm-17.0.2-x86_64-linux-gnu-ubuntu-22.04.tar.xz
404	153	960493348		https://downloads.yoctoproject.org/mirror/sources/clang%2Bllvm-17.0.3-aarch64-linux-gnu.tar.xz
404	153	803440504		https://downloads.yoctoproject.org/mirror/sources/clang%2Bllvm-17.0.3-arm64-apple-darwin22.0.tar.xz
404	153	1332335880		https://downloads.yoctoproject.org/mirror/sources/clang%2Bllvm-17.0.3-armv7a-linux-gnueabihf.tar.gz
404	153	856960740		https://downloads.yoctoproject.org/mirror/sources/clang%2Bllvm-17.0.3-powerpc64le-linux-rhel-8.8.tar.xz
404	153	961043032		https://downloads.yoctoproject.org/mirror/sources/clang%2Bllvm-17.0.4-aarch64-linux-gnu.tar.xz
404	153	804312212		https://downloads.yoctoproject.org/mirror/sources/clang%2Bllvm-17.0.4-arm64-apple-darwin22.0.tar.xz
404	153	1332375963		https://downloads.yoctoproject.org/mirror/sources/clang%2Bllvm-17.0.4-armv7a-linux-gnueabihf.tar.gz
404	153	856918720		https://downloads.yoctoproject.org/mirror/sources/clang%2Bllvm-17.0.4-powerpc64le-linux-rhel-8.8.tar.xz
404	153	1000807336		https://downloads.yoctoproject.org/mirror/sources/clang%2Bllvm-17.0.4-x86_64-linux-gnu-ubuntu-22.04.tar.xz
404	153	960782748		https://downloads.yoctoproject.org/mirror/sources/clang%2Bllvm-17.0.5-aarch64-linux-gnu.tar.xz
404	153	803546512		https://downloads.yoctoproject.org/mirror/sources/clang%2Bllvm-17.0.5-arm64-apple-darwin22.0.tar.xz
404	153	1332410802		https://downloads.yoctoproject.org/mirror/sources/clang%2Bllvm-17.0.5-armv7a-linux-gnueabihf.tar.gz
404	153	856823948		https://downloads.yoctoproject.org/mirror/sources/clang%2Bllvm-17.0.5-powerpc64le-linux-rhel-8.8.tar.xz
404	153	1005608540		https://downloads.yoctoproject.org/mirror/sources/clang%2Bllvm-17.0.5-x86_64-linux-gnu-ubuntu-22.04.tar.xz
404	153	962230808		https://downloads.yoctoproject.org/mirror/sources/clang%2Bllvm-17.0.6-aarch64-linux-gnu.tar.xz
404	153	804335844		https://downloads.yoctoproject.org/mirror/sources/clang%2Bllvm-17.0.6-arm64-apple-darwin22.0.tar.xz
404	153	1332555760		https://downloads.yoctoproject.org/mirror/sources/clang%2Bllvm-17.0.6-armv7a-linux-gnueabihf.tar.gz
404	153	857075508		https://downloads.yoctoproject.org/mirror/sources/clang%2Bllvm-17.0.6-powerpc64le-linux-rhel-8.8.tar.xz
404	153	1053289152		https://downloads.yoctoproject.org/mirror/sources/clang%2Bllvm-18.1.0-aarch64-linux-gnu.tar.xz
404	153	1412890153		https://downloads.yoctoproject.org/mirror/sources/clang%2Bllvm-18.1.0-armv7a-linux-gnueabihf.tar.gz
404	153	949658256		https://downloads.yoctoproject.org/mirror/sources/clang%2Bllvm-18.1.0-powerpc64le-linux-rhel-8.8.tar.xz
404	153	981808392		https://downloads.yoctoproject.org/mirror/sources/clang%2Bllvm-18.1.0-x86_64-pc-windows-msvc.tar.xz
404	153	1052288948		https://downloads.yoctoproject.org/mirror/sources/clang%2Bllvm-18.1.1-aarch64-linux-gnu.tar.xz
404	153	1412928913		https://downloads.yoctoproject.org/mirror/sources/clang%2Bllvm-18.1.1-armv7a-linux-gnueabihf.tar.gz
404	153	949695440		https://downloads.yoctoproject.org/mirror/sources/clang%2Bllvm-18.1.1-powerpc64le-linux-rhel-8.8.tar.xz
404	153	981874332		https://downloads.yoctoproject.org/mirror/sources/clang%2Bllvm-18.1.1-x86_64-pc-windows-msvc.tar.xz
404	153	1051341668		https://downloads.yoctoproject.org/mirror/sources/clang%2Bllvm-18.1.2-aarch64-linux-gnu.tar.xz
404	153	1412982422		https://downloads.yoctoproject.org/mirror/sources/clang%2Bllvm-18.1.2-armv7a-linux-gnueabihf.tar.gz
404	153	949687000		https://downloads.yoctoproject.org/mirror/sources/clang%2Bllvm-18.1.2-powerpc64le-linux-rhel-8.8.tar.xz
404	153	981746032		https://downloads.yoctoproject.org/mirror/sources/clang%2Bllvm-18.1.2-x86_64-pc-windows-msvc.tar.xz
404	153	1050772468		https://downloads.yoctoproject.org/mirror/sources/clang%2Bllvm-18.1.3-aarch64-linux-gnu.tar.xz
404	153	1413100131		https://downloads.yoctoproject.org/mirror/sources/clang%2Bllvm-18.1.3-armv7a-linux-gnueabihf.tar.gz
404	153	949628508		https://downloads.yoctoproject.org/mirror/sources/clang%2Bllvm-18.1.3-powerpc64le-linux-rhel-8.8.tar.xz
404	153	1051373564		https://downloads.yoctoproject.org/mirror/sources/clang%2Bllvm-18.1.4-aarch64-linux-gnu.tar.xz
404	153	1413058380		https://downloads.yoctoproject.org/mirror/sources/clang%2Bllvm-18.1.4-armv7a-linux-gnueabihf.tar.gz
404	153	949551296		https://downloads.yoctoproject.org/mirror/sources/clang%2Bllvm-18.1.4-powerpc64le-linux-rhel-8.8.tar.xz
404	153	1119638268		https://downloads.yoctoproject.org/mirror/sources/clang%2Bllvm-18.1.4-x86_64-linux-gnu-ubuntu-18.04.tar.xz
404	153	982060244		https://downloads.yoctoproject.org/mirror/sources/clang%2Bllvm-18.1.4-x86_64-pc-windows-msvc.tar.xz
404	153	1051352352		https://downloads.yoctoproject.org/mirror/sources/clang%2Bllvm-18.1.5-aarch64-linux-gnu.tar.xz
404	153	1413088672		https://downloads.yoctoproject.org/mirror/sources/clang%2Bllvm-18.1.5-armv7a-linux-gnueabihf.tar.gz
404	153	949685388		https://downloads.yoctoproject.org/mirror/sources/clang%2Bllvm-18.1.5-powerpc64le-linux-rhel-8.8.tar.xz
404	153	981595068		https://downloads.yoctoproject.org/mirror/sources/clang%2Bllvm-18.1.5-x86_64-pc-windows-msvc.tar.xz
404	153	1051317828		https://downloads.yoctoproject.org/mirror/sources/clang%2Bllvm-18.1.6-aarch64-linux-gnu.tar.xz
404	153	1413094351		https://downloads.yoctoproject.org/mirror/sources/clang%2Bllvm-18.1.6-armv7a-linux-gnueabihf.tar.gz
404	153	949526512		https://downloads.yoctoproject.org/mirror/sources/clang%2Bllvm-18.1.6-powerpc64le-linux-rhel-8.8.tar.xz
404	153	981522908		https://downloads.yoctoproject.org/mirror/sources/clang%2Bllvm-18.1.6-x86_64-pc-windows-msvc.tar.xz
404	153	1052720704		https://downloads.yoctoproject.org/mirror/sources/clang%2Bllvm-18.1.7-aarch64-linux-gnu.tar.xz
404	153	1413095090		https://downloads.yoctoproject.org/mirror/sources/clang%2Bllvm-18.1.7-armv7a-linux-gnueabihf.tar.gz
404	153	922608196		https://downloads.yoctoproject.org/mirror/sources/clang%2Bllvm-18.1.7-powerpc64le-linux-rhel-8.8.tar.xz
404	153	967787124		https://downloads.yoctoproject.org/mirror/sources/clang%2Bllvm-18.1.7-x86_64-linux-gnu-ubuntu-18.04.tar.xz
404	153	981675624		https://downloads.yoctoproject.org/mirror/sources/clang%2Bllvm-18.1.7-x86_64-pc-windows-msvc.tar.xz
404	153	1051625508		https://downloads.yoctoproject.org/mirror/sources/clang%2Bllvm-18.1.8-aarch64-linux-gnu.tar.xz
404	153	1413107159		https://downloads.yoctoproject.org/mirror/sources/clang%2Bllvm-18.1.8-armv7a-linux-gnueabihf.tar.gz
404	153	922334644		https://downloads.yoctoproject.org/mirror/sources/clang%2Bllvm-18.1.8-powerpc64le-linux-rhel-8.8.tar.xz
404	153	1044930068		https://downloads.yoctoproject.org/mirror/sources/clang%2Bllvm-18.1.8-x86_64-linux-gnu-ubuntu-18.04.tar.xz
404	153	981666720		https://downloads.yoctoproject.org/mirror/sources/clang%2Bllvm-18.1.8-x86_64-pc-windows-msvc.tar.xz
404	153	1132742916		https://downloads.yoctoproject.org/mirror/sources/clang%2Bllvm-19.1.0-aarch64-linux-gnu.tar.xz
404	153	1555836609		https://downloads.yoctoproject.org/mirror/sources/clang%2Bllvm-19.1.0-armv7a-linux-gnueabihf.tar.gz
404	153	844572776		https://downloads.yoctoproject.org/mirror/sources/clang%2Bllvm-19.1.0-x86_64-pc-windows-msvc.tar.xz
404	153	1132646792		https://downloads.yoctoproject.org/mirror/sources/clang%2Bllvm-19.1.1-aarch64-linux-gnu.tar.xz
404	153	1555945144		https://downloads.yoctoproject.org/mirror/sources/clang%2Bllvm-19.1.1-armv7a-linux-gnueabihf.tar.gz
404	153	844457100		https://downloads.yoctoproject.org/mirror/sources/clang%2Bllvm-19.1.1-x86_64-pc-windows-msvc.tar.xz
404	153	1132364948		https://downloads.yoctoproject.org/mirror/sources/clang%2Bllvm-19.1.2-aarch64-linux-gnu.tar.xz
404	153	1555986029		https://downloads.yoctoproject.org/mirror/sources/clang%2Bllvm-19.1.2-armv7a-linux-gnueabihf.tar.gz
404	153	844365120		https://downloads.yoctoproject.org/mirror/sources/clang%2Bllvm-19.1.2-x86_64-pc-windows-msvc.tar.xz
404	153	1131513536		https://downloads.yoctoproject.org/mirror/sources/clang%2Bllvm-19.1.3-aarch64-linux-gnu.tar.xz
404	153	1556112032		https://downloads.yoctoproject.org/mirror/sources/clang%2Bllvm-19.1.3-armv7a-linux-gnueabihf.tar.gz
404	153	845352968		https://downloads.yoctoproject.org/mirror/sources/clang%2Bllvm-19.1.3-x86_64-pc-windows-msvc.tar.xz
404	153	1132544324		https://downloads.yoctoproject.org/mirror/sources/clang%2Bllvm-19.1.4-aarch64-linux-gnu.tar.xz
404	153	1556139317		https://downloads.yoctoproject.org/mirror/sources/clang%2Bllvm-19.1.4-armv7a-linux-gnueabihf.tar.gz
404	153	845322620		https://downloads.yoctoproject.org/mirror/sources/clang%2Bllvm-19.1.4-x86_64-pc-windows-msvc.tar.xz
404	153	1132333340		https://downloads.yoctoproject.org/mirror/sources/clang%2Bllvm-19.1.5-aarch64-linux-gnu.tar.xz
404	153	1556151551		https://downloads.yoctoproject.org/mirror/sources/clang%2Bllvm-19.1.5-armv7a-linux-gnueabihf.tar.gz
404	153	845193092		https://downloads.yoctoproject.org/mirror/sources/clang%2Bllvm-19.1.5-x86_64-pc-windows-msvc.tar.xz
404	153	1131039752		https://downloads.yoctoproject.org/mirror/sources/clang%2Bllvm-19.1.6-aarch64-linux-gnu.tar.xz
404	153	1556096287		https://downloads.yoctoproject.org/mirror/sources/clang%2Bllvm-19.1.6-armv7a-linux-gnueabihf.tar.gz
404	153	845263196		https://downloads.yoctoproject.org/mirror/sources/clang%2Bllvm-19.1.6-x86_64-pc-windows-msvc.tar.xz
404	153	1131066132		https://downloads.yoctoproject.org/mirror/sources/clang%2Bllvm-19.1.7-aarch64-linux-gnu.tar.xz
404	153	1556120340		https://downloads.yoctoproject.org/mirror/sources/clang%2Bllvm-19.1.7-armv7a-linux-gnueabihf.tar.gz
404	153	845236708		https://downloads.yoctoproject.org/mirror/sources/clang%2Bllvm-19.1.7-x86_64-pc-windows-msvc.tar.xz
404	153	1602482671		https://downloads.yoctoproject.org/mirror/sources/clang%2Bllvm-20.1.0-armv7a-linux-gnueabihf.tar.gz
404	153	939145596		https://downloads.yoctoproject.org/mirror/sources/clang%2Bllvm-20.1.0-x86_64-pc-windows-msvc.tar.xz
404	153	1602565262		https://downloads.yoctoproject.org/mirror/sources/clang%2Bllvm-20.1.1-armv7a-linux-gnueabihf.tar.gz
404	153	939286624		https://downloads.yoctoproject.org/mirror/sources/clang%2Bllvm-20.1.1-x86_64-pc-windows-msvc.tar.xz
404	153	1602607917		https://downloads.yoctoproject.org/mirror/sources/clang%2Bllvm-20.1.2-armv7a-linux-gnueabihf.tar.gz
404	153	939423020		https://downloads.yoctoproject.org/mirror/sources/clang%2Bllvm-20.1.2-x86_64-pc-windows-msvc.tar.xz
404	153	1602643395		https://downloads.yoctoproject.org/mirror/sources/clang%2Bllvm-20.1.3-armv7a-linux-gnueabihf.tar.gz
404	153	939371388		https://downloads.yoctoproject.org/mirror/sources/clang%2Bllvm-20.1.3-x86_64-pc-windows-msvc.tar.xz
404	153	1602636971		https://downloads.yoctoproject.org/mirror/sources/clang%2Bllvm-20.1.4-armv7a-linux-gnueabihf.tar.gz
404	153	939398120		https://downloads.yoctoproject.org/mirror/sources/clang%2Bllvm-20.1.4-x86_64-pc-windows-msvc.tar.xz
404	153	1602786867		https://downloads.yoctoproject.org/mirror/sources/clang%2Bllvm-20.1.5-armv7a-linux-gnueabihf.tar.gz
404	153	939466752		https://downloads.yoctoproject.org/mirror/sources/clang%2Bllvm-20.1.5-x86_64-pc-windows-msvc.tar.xz
404	153	1602762923		https://downloads.yoctoproject.org/mirror/sources/clang%2Bllvm-20.1.6-armv7a-linux-gnueabihf.tar.gz
404	153	1602802736		https://downloads.yoctoproject.org/mirror/sources/clang%2Bllvm-20.1.7-armv7a-linux-gnueabihf.tar.gz
404	153	939494588		https://downloads.yoctoproject.org/mirror/sources/clang%2Bllvm-20.1.7-x86_64-pc-windows-msvc.tar.xz
404	153	1602847748		https://downloads.yoctoproject.org/mirror/sources/clang%2Bllvm-20.1.8-armv7a-linux-gnueabihf.tar.gz
404	153	939541912		https://downloads.yoctoproject.org/mirror/sources/clang%2Bllvm-20.1.8-x86_64-pc-windows-msvc.tar.xz
404	153	1564868987		https://downloads.yoctoproject.org/mirror/sources/clang%2Bllvm-21.1.0-armv7a-linux-gnueabihf.tar.gz
404	153	943723704		https://downloads.yoctoproject.org/mirror/sources/clang%2Bllvm-21.1.0-x86_64-pc-windows-msvc.tar.xz
404	153	1564904791		https://downloads.yoctoproject.org/mirror/sources/clang%2Bllvm-21.1.1-armv7a-linux-gnueabihf.tar.gz
404	153	943740300		https://downloads.yoctoproject.org/mirror/sources/clang%2Bllvm-21.1.1-x86_64-pc-windows-msvc.tar.xz
404	153	1564673956		https://downloads.yoctoproject.org/mirror/sources/clang%2Bllvm-21.1.2-armv7a-linux-gnueabihf.tar.gz
404	153	942582048		https://downloads.yoctoproject.org/mirror/sources/clang%2Bllvm-21.1.2-x86_64-pc-windows-msvc.tar.xz
404	153	1564677768		https://downloads.yoctoproject.org/mirror/sources/clang%2Bllvm-21.1.3-armv7a-linux-gnueabihf.tar.gz
404	153	942593836		https://downloads.yoctoproject.org/mirror/sources/clang%2Bllvm-21.1.3-x86_64-pc-windows-msvc.tar.xz
404	153	1564696257		https://downloads.yoctoproject.org/mirror/sources/clang%2Bllvm-21.1.4-armv7a-linux-gnueabihf.tar.gz
404	153	942593228		https://downloads.yoctoproject.org/mirror/sources/clang%2Bllvm-21.1.4-x86_64-pc-windows-msvc.tar.xz
404	153	1564720675		https://downloads.yoctoproject.org/mirror/sources/clang%2Bllvm-21.1.5-armv7a-linux-gnueabihf.tar.gz
404	153	942516620		https://downloads.yoctoproject.org/mirror/sources/clang%2Bllvm-21.1.5-x86_64-pc-windows-msvc.tar.xz
404	153	1564736973		https://downloads.yoctoproject.org/mirror/sources/clang%2Bllvm-21.1.6-armv7a-linux-gnueabihf.tar.gz
404	153	942540016		https://downloads.yoctoproject.org/mirror/sources/clang%2Bllvm-21.1.6-x86_64-pc-windows-msvc.tar.xz
404	153	1564691762		https://downloads.yoctoproject.org/mirror/sources/clang%2Bllvm-21.1.7-armv7a-linux-gnueabihf.tar.gz
404	153	942725008		https://downloads.yoctoproject.org/mirror/sources/clang%2Bllvm-21.1.7-x86_64-pc-windows-msvc.tar.xz
404	153	1564723738		https://downloads.yoctoproject.org/mirror/sources/clang%2Bllvm-21.1.8-armv7a-linux-gnueabihf.tar.gz
404	153	942572476		https://downloads.yoctoproject.org/mirror/sources/clang%2Bllvm-21.1.8-x86_64-pc-windows-msvc.tar.xz
404	153	1675709828		https://downloads.yoctoproject.org/mirror/sources/clang%2Bllvm-22.1.0-armv7a-linux-gnueabihf.tar.gz
404	153	861897432		https://downloads.yoctoproject.org/mirror/sources/clang%2Bllvm-22.1.0-x86_64-pc-windows-msvc.tar.xz
404	153	1675770962		https://downloads.yoctoproject.org/mirror/sources/clang%2Bllvm-22.1.1-armv7a-linux-gnueabihf.tar.gz
404	153	861949576		https://downloads.yoctoproject.org/mirror/sources/clang%2Bllvm-22.1.1-x86_64-pc-windows-msvc.tar.xz
404	153	1675831229		https://downloads.yoctoproject.org/mirror/sources/clang%2Bllvm-22.1.2-armv7a-linux-gnueabihf.tar.gz
404	153	861843672		https://downloads.yoctoproject.org/mirror/sources/clang%2Bllvm-22.1.2-x86_64-pc-windows-msvc.tar.xz
404	153	1675838059		https://downloads.yoctoproject.org/mirror/sources/clang%2Bllvm-22.1.3-armv7a-linux-gnueabihf.tar.gz
404	153	861872156		https://downloads.yoctoproject.org/mirror/sources/clang%2Bllvm-22.1.3-x86_64-pc-windows-msvc.tar.xz
404	153	1675934828		https://downloads.yoctoproject.org/mirror/sources/clang%2Bllvm-22.1.4-armv7a-linux-gnueabihf.tar.gz
404	153	861945788		https://downloads.yoctoproject.org/mirror/sources/clang%2Bllvm-22.1.4-x86_64-pc-windows-msvc.tar.xz
404	153	1675951185		https://downloads.yoctoproject.org/mirror/sources/clang%2Bllvm-22.1.5-armv7a-linux-gnueabihf.tar.gz
404	153	861959516		https://downloads.yoctoproject.org/mirror/sources/clang%2Bllvm-22.1.5-x86_64-pc-windows-msvc.tar.xz
404	153	1675975765		https://downloads.yoctoproject.org/mirror/sources/clang%2Bllvm-22.1.6-armv7a-linux-gnueabihf.tar.gz
404	153	861999212		https://downloads.yoctoproject.org/mirror/sources/clang%2Bllvm-22.1.6-x86_64-pc-windows-msvc.tar.xz
404	153	1675945002		https://downloads.yoctoproject.org/mirror/sources/clang%2Bllvm-22.1.7-armv7a-linux-gnueabihf.tar.gz
404	153	862033024		https://downloads.yoctoproject.org/mirror/sources/clang%2Bllvm-22.1.7-x86_64-pc-windows-msvc.tar.xz
404	153	1675972670		https://downloads.yoctoproject.org/mirror/sources/clang%2Bllvm-22.1.8-armv7a-linux-gnueabihf.tar.gz
404	153	862053924		https://downloads.yoctoproject.org/mirror/sources/clang%2Bllvm-22.1.8-x86_64-pc-windows-msvc.tar.xz
404	153	1707093225		https://downloads.yoctoproject.org/mirror/sources/clang%2Bllvm-23.1.0-armv7a-linux-gnueabihf.tar.gz
404	153	901268256		https://downloads.yoctoproject.org/mirror/sources/clang%2Bllvm-23.1.0-x86_64-pc-windows-msvc.tar.xz
404	153	71834900		https://downloads.yoctoproject.org/mirror/sources/clang%2Bllvm-3.6.1-x86_64-linux-gnu-ubuntu-14.04.tar.xz
404	153	299888756		https://downloads.yoctoproject.org/mirror/sources/clang%2Bllvm-6.0.0-x86_64-linux-gnu-debian8.tar.xz
404	153	293171708		https://downloads.yoctoproject.org/mirror/sources/clang%2Bllvm-6.0.0-x86_64-linux-sles12.2.tar.xz
404	153	319693612		https://downloads.yoctoproject.org/mirror/sources/clang%2Bllvm-7.1.0-x86_64-linux-sles11.3.tar.xz
404	153	342087416		https://downloads.yoctoproject.org/mirror/sources/clang%2Bllvm-8.0.1-powerpc64le-linux-rhel-7.4.tar.xz
404	153	336492928		https://downloads.yoctoproject.org/mirror/sources/clang%2Bllvm-8.0.1-x86_64-linux-sles11.3.tar.xz
404	153	341990632		https://downloads.yoctoproject.org/mirror/sources/clang%2Bllvm-9.0.1-aarch64-linux-gnu.tar.xz
404	153	401235332		https://downloads.yoctoproject.org/mirror/sources/clang%2Bllvm-9.0.1-powerpc64le-linux-rhel-7.4.tar.xz
404	153	388360756		https://downloads.yoctoproject.org/mirror/sources/clang%2Bllvm-9.0.1-x86_64-apple-darwin.tar.xz
404	153	398305228		https://downloads.yoctoproject.org/mirror/sources/clang%2Bllvm-9.0.1-x86_64-linux-gnu-ubuntu-16.04.tar.xz
404	153	4478032		https://downloads.yoctoproject.org/mirror/sources/vs_BuildTools.exe
404	153	68280656		https://downloads.yoctoproject.org/mirror/sources/w64devkit-1.10.0.zip
404	153	68543909		https://downloads.yoctoproject.org/mirror/sources/w64devkit-1.11.0.zip
404	153	69045628		https://downloads.yoctoproject.org/mirror/sources/w64devkit-1.12.0.zip
404	153	69071725		https://downloads.yoctoproject.org/mirror/sources/w64devkit-1.13.0.zip
404	153	72211587		https://downloads.yoctoproject.org/mirror/sources/w64devkit-1.14.0.zip
404	153	72133854		https://downloads.yoctoproject.org/mirror/sources/w64devkit-1.15.0.zip
404	153	71051123		https://downloads.yoctoproject.org/mirror/sources/w64devkit-1.15.1.zip
404	153	73790006		https://downloads.yoctoproject.org/mirror/sources/w64devkit-1.16.0.zip
404	153	73808538		https://downloads.yoctoproject.org/mirror/sources/w64devkit-1.16.1.zip
404	153	73326403		https://downloads.yoctoproject.org/mirror/sources/w64devkit-1.17.0.zip
404	153	73397463		https://downloads.yoctoproject.org/mirror/sources/w64devkit-1.18.0.zip
404	153	81844373		https://downloads.yoctoproject.org/mirror/sources/w64devkit-1.19.0.zip
404	153	81853395		https://downloads.yoctoproject.org/mirror/sources/w64devkit-1.20.0.zip
404	153	81836029		https://downloads.yoctoproject.org/mirror/sources/w64devkit-1.21.0.zip
404	153	73564611		https://downloads.yoctoproject.org/mirror/sources/w64devkit-1.22.0.zip
404	153	76798128		https://downloads.yoctoproject.org/mirror/sources/w64devkit-1.23.0.zip
404	153	82401563		https://downloads.yoctoproject.org/mirror/sources/w64devkit-1.3.1.zip
404	153	82424491		https://downloads.yoctoproject.org/mirror/sources/w64devkit-1.4.0.zip
404	153	78877311		https://downloads.yoctoproject.org/mirror/sources/w64devkit-1.5.0.zip
404	153	79463354		https://downloads.yoctoproject.org/mirror/sources/w64devkit-1.6.0.zip
404	153	83441016		https://downloads.yoctoproject.org/mirror/sources/w64devkit-1.7.0.zip
404	153	76436228		https://downloads.yoctoproject.org/mirror/sources/w64devkit-1.8.0.zip
404	153	76540594		https://downloads.yoctoproject.org/mirror/sources/w64devkit-1.9.0.zip
404	153	77549611		https://downloads.yoctoproject.org/mirror/sources/w64devkit-fortran-1.10.0.zip
404	153	77813409		https://downloads.yoctoproject.org/mirror/sources/w64devkit-fortran-1.11.0.zip
404	153	78312442		https://downloads.yoctoproject.org/mirror/sources/w64devkit-fortran-1.12.0.zip
404	153	78345040		https://downloads.yoctoproject.org/mirror/sources/w64devkit-fortran-1.13.0.zip
404	153	82466737		https://downloads.yoctoproject.org/mirror/sources/w64devkit-fortran-1.14.0.zip
404	153	82372140		https://downloads.yoctoproject.org/mirror/sources/w64devkit-fortran-1.15.0.zip
404	153	84028135		https://downloads.yoctoproject.org/mirror/sources/w64devkit-fortran-1.16.0.zip
404	153	84048380		https://downloads.yoctoproject.org/mirror/sources/w64devkit-fortran-1.16.1.zip
404	153	83565702		https://downloads.yoctoproject.org/mirror/sources/w64devkit-fortran-1.17.0.zip
404	153	83634693		https://downloads.yoctoproject.org/mirror/sources/w64devkit-fortran-1.18.0.zip
404	153	92783519		https://downloads.yoctoproject.org/mirror/sources/w64devkit-fortran-1.19.0.zip
404	153	92797139		https://downloads.yoctoproject.org/mirror/sources/w64devkit-fortran-1.20.0.zip
404	153	92779429		https://downloads.yoctoproject.org/mirror/sources/w64devkit-fortran-1.21.0.zip
404	153	84508431		https://downloads.yoctoproject.org/mirror/sources/w64devkit-fortran-1.22.0.zip
404	153	88827600		https://downloads.yoctoproject.org/mirror/sources/w64devkit-fortran-1.23.0.zip
404	153	89683830		https://downloads.yoctoproject.org/mirror/sources/w64devkit-fortran-1.5.0.zip
404	153	85807928		https://downloads.yoctoproject.org/mirror/sources/w64devkit-fortran-1.9.0.zip
404	153	63691987		https://downloads.yoctoproject.org/mirror/sources/w64devkit-i686-1.10.0.zip
404	153	63960673		https://downloads.yoctoproject.org/mirror/sources/w64devkit-i686-1.11.0.zip
404	153	64710348		https://downloads.yoctoproject.org/mirror/sources/w64devkit-i686-1.12.0.zip
404	153	64729275		https://downloads.yoctoproject.org/mirror/sources/w64devkit-i686-1.13.0.zip
404	153	68192739		https://downloads.yoctoproject.org/mirror/sources/w64devkit-i686-1.14.0.zip
404	153	68084867		https://downloads.yoctoproject.org/mirror/sources/w64devkit-i686-1.15.0.zip
404	153	67046825		https://downloads.yoctoproject.org/mirror/sources/w64devkit-i686-1.15.1.zip
404	153	69792027		https://downloads.yoctoproject.org/mirror/sources/w64devkit-i686-1.16.0.zip
404	153	69817820		https://downloads.yoctoproject.org/mirror/sources/w64devkit-i686-1.16.1.zip
404	153	69380349		https://downloads.yoctoproject.org/mirror/sources/w64devkit-i686-1.17.0.zip
404	153	69444573		https://downloads.yoctoproject.org/mirror/sources/w64devkit-i686-1.18.0.zip
404	153	77744927		https://downloads.yoctoproject.org/mirror/sources/w64devkit-i686-1.19.0.zip
404	153	77751684		https://downloads.yoctoproject.org/mirror/sources/w64devkit-i686-1.20.0.zip
404	153	77735979		https://downloads.yoctoproject.org/mirror/sources/w64devkit-i686-1.21.0.zip
404	153	69651101		https://downloads.yoctoproject.org/mirror/sources/w64devkit-i686-1.22.0.zip
404	153	72803726		https://downloads.yoctoproject.org/mirror/sources/w64devkit-i686-1.23.0.zip
404	153	71444968		https://downloads.yoctoproject.org/mirror/sources/w64devkit-i686-1.9.0.zip
404	153	72436140		https://downloads.yoctoproject.org/mirror/sources/w64devkit-i686-fortran-1.10.0.zip
404	153	72706013		https://downloads.yoctoproject.org/mirror/sources/w64devkit-i686-fortran-1.11.0.zip
404	153	73453076		https://downloads.yoctoproject.org/mirror/sources/w64devkit-i686-fortran-1.12.0.zip
404	153	73478033		https://downloads.yoctoproject.org/mirror/sources/w64devkit-i686-fortran-1.13.0.zip
404	153	77970485		https://downloads.yoctoproject.org/mirror/sources/w64devkit-i686-fortran-1.14.0.zip
404	153	77842216		https://downloads.yoctoproject.org/mirror/sources/w64devkit-i686-fortran-1.15.0.zip
404	153	79549559		https://downloads.yoctoproject.org/mirror/sources/w64devkit-i686-fortran-1.16.0.zip
404	153	79577469		https://downloads.yoctoproject.org/mirror/sources/w64devkit-i686-fortran-1.16.1.zip
404	153	79137931		https://downloads.yoctoproject.org/mirror/sources/w64devkit-i686-fortran-1.17.0.zip
404	153	79203265		https://downloads.yoctoproject.org/mirror/sources/w64devkit-i686-fortran-1.18.0.zip
404	153	88204232		https://downloads.yoctoproject.org/mirror/sources/w64devkit-i686-fortran-1.19.0.zip
404	153	88209980		https://downloads.yoctoproject.org/mirror/sources/w64devkit-i686-fortran-1.20.0.zip
404	153	88194908		https://downloads.yoctoproject.org/mirror/sources/w64devkit-i686-fortran-1.21.0.zip
404	153	80114395		https://downloads.yoctoproject.org/mirror/sources/w64devkit-i686-fortran-1.22.0.zip
404	153	84346099		https://downloads.yoctoproject.org/mirror/sources/w64devkit-i686-fortran-1.23.0.zip
404	153	67127496		https://downloads.yoctoproject.org/mirror/sources/w64devkit-x64-2.10.0.7z.exe
404	153	38171793		https://downloads.yoctoproject.org/mirror/sources/w64devkit-x64-2.2.0.7z.exe
404	153	38708498		https://downloads.yoctoproject.org/mirror/sources/w64devkit-x64-2.3.0.7z.exe
404	153	38806674		https://downloads.yoctoproject.org/mirror/sources/w64devkit-x64-2.4.0.7z.exe
404	153	39253184		https://downloads.yoctoproject.org/mirror/sources/w64devkit-x64-2.5.0.7z.exe
404	153	46504339		https://downloads.yoctoproject.org/mirror/sources/w64devkit-x64-2.6.0.7z.exe
404	153	58556920		https://downloads.yoctoproject.org/mirror/sources/w64devkit-x64-2.7.0.7z.exe
404	153	60043168		https://downloads.yoctoproject.org/mirror/sources/w64devkit-x64-2.8.0.7z.exe
404	153	61323088		https://downloads.yoctoproject.org/mirror/sources/w64devkit-x64-2.9.0.7z.exe
404	153	61462208		https://downloads.yoctoproject.org/mirror/sources/w64devkit-x64-2.9.1.7z.exe
404	153	60988472		https://downloads.yoctoproject.org/mirror/sources/w64devkit-x86-2.10.0.7z.exe
404	153	36339490		https://downloads.yoctoproject.org/mirror/sources/w64devkit-x86-2.2.0.7z.exe
404	153	36873532		https://downloads.yoctoproject.org/mirror/sources/w64devkit-x86-2.3.0.7z.exe
404	153	36988939		https://downloads.yoctoproject.org/mirror/sources/w64devkit-x86-2.4.0.7z.exe
404	153	37502825		https://downloads.yoctoproject.org/mirror/sources/w64devkit-x86-2.5.0.7z.exe
404	153	45003047		https://downloads.yoctoproject.org/mirror/sources/w64devkit-x86-2.6.0.7z.exe
404	153	57031880		https://downloads.yoctoproject.org/mirror/sources/w64devkit-x86-2.7.0.7z.exe
404	153	59594808		https://downloads.yoctoproject.org/mirror/sources/w64devkit-x86-2.8.0.7z.exe
404	153	60940352		https://downloads.yoctoproject.org/mirror/sources/w64devkit-x86-2.9.0.7z.exe
404	153	61220408		https://downloads.yoctoproject.org/mirror/sources/w64devkit-x86-2.9.1.7z.exe
404	153	92418591		https://downloads.yoctoproject.org/mirror/sources/winlibs-i686-mcf-dwarf-gcc-13.1.0-mingw-w64msvcrt-11.0.0-r1.7z
404	153	211197219		https://downloads.yoctoproject.org/mirror/sources/winlibs-i686-mcf-dwarf-gcc-13.1.0-mingw-w64msvcrt-11.0.0-r1.zip
404	153	92408516		https://downloads.yoctoproject.org/mirror/sources/winlibs-i686-mcf-dwarf-gcc-13.1.0-mingw-w64msvcrt-11.0.0-r3.7z
404	153	212242747		https://downloads.yoctoproject.org/mirror/sources/winlibs-i686-mcf-dwarf-gcc-13.1.0-mingw-w64msvcrt-11.0.0-r3.zip
404	153	97677460		https://downloads.yoctoproject.org/mirror/sources/winlibs-i686-mcf-dwarf-gcc-13.1.0-mingw-w64msvcrt-11.0.0-r5.7z
404	153	220978747		https://downloads.yoctoproject.org/mirror/sources/winlibs-i686-mcf-dwarf-gcc-13.1.0-mingw-w64msvcrt-11.0.0-r5.zip
404	153	92437484		https://downloads.yoctoproject.org/mirror/sources/winlibs-i686-mcf-dwarf-gcc-13.1.0-mingw-w64ucrt-11.0.0-r1.7z
404	153	210555484		https://downloads.yoctoproject.org/mirror/sources/winlibs-i686-mcf-dwarf-gcc-13.1.0-mingw-w64ucrt-11.0.0-r1.zip
404	153	92454969		https://downloads.yoctoproject.org/mirror/sources/winlibs-i686-mcf-dwarf-gcc-13.1.0-mingw-w64ucrt-11.0.0-r2.7z
404	153	211795886		https://downloads.yoctoproject.org/mirror/sources/winlibs-i686-mcf-dwarf-gcc-13.1.0-mingw-w64ucrt-11.0.0-r2.zip
404	153	92402129		https://downloads.yoctoproject.org/mirror/sources/winlibs-i686-mcf-dwarf-gcc-13.1.0-mingw-w64ucrt-11.0.0-r3.7z
404	153	211750304		https://downloads.yoctoproject.org/mirror/sources/winlibs-i686-mcf-dwarf-gcc-13.1.0-mingw-w64ucrt-11.0.0-r3.zip
404	153	97708170		https://downloads.yoctoproject.org/mirror/sources/winlibs-i686-mcf-dwarf-gcc-13.1.0-mingw-w64ucrt-11.0.0-r5.7z
404	153	220697607		https://downloads.yoctoproject.org/mirror/sources/winlibs-i686-mcf-dwarf-gcc-13.1.0-mingw-w64ucrt-11.0.0-r5.zip
404	153	98450294		https://downloads.yoctoproject.org/mirror/sources/winlibs-i686-mcf-dwarf-gcc-13.2.0-mingw-w64ucrt-11.0.0-r1.7z
404	153	222755566		https://downloads.yoctoproject.org/mirror/sources/winlibs-i686-mcf-dwarf-gcc-13.2.0-mingw-w64ucrt-11.0.0-r1.zip
404	153	92770033		https://downloads.yoctoproject.org/mirror/sources/winlibs-i686-mcf-dwarf-gcc-13.2.0-mingw-w64ucrt-11.0.1-r2.7z
404	153	218696644		https://downloads.yoctoproject.org/mirror/sources/winlibs-i686-mcf-dwarf-gcc-13.2.0-mingw-w64ucrt-11.0.1-r2.zip
404	153	95321769		https://downloads.yoctoproject.org/mirror/sources/winlibs-i686-mcf-dwarf-gcc-13.2.0-mingw-w64ucrt-11.0.1-r3.7z
404	153	222234276		https://downloads.yoctoproject.org/mirror/sources/winlibs-i686-mcf-dwarf-gcc-13.2.0-mingw-w64ucrt-11.0.1-r3.zip
404	153	108730149		https://downloads.yoctoproject.org/mirror/sources/winlibs-i686-mcf-dwarf-gcc-14.1.0-mingw-w64ucrt-11.0.1-r1.7z
404	153	240908661		https://downloads.yoctoproject.org/mirror/sources/winlibs-i686-mcf-dwarf-gcc-14.1.0-mingw-w64ucrt-11.0.1-r1.zip
404	153	110148783		https://downloads.yoctoproject.org/mirror/sources/winlibs-i686-mcf-dwarf-gcc-14.2.0-mingw-w64ucrt-12.0.0-r1.7z
404	153	245020799		https://downloads.yoctoproject.org/mirror/sources/winlibs-i686-mcf-dwarf-gcc-14.2.0-mingw-w64ucrt-12.0.0-r1.zip
404	153	103202898		https://downloads.yoctoproject.org/mirror/sources/winlibs-i686-mcf-dwarf-gcc-15.1.0-mingw-w64ucrt-12.0.0-r1.7z
404	153	260088080		https://downloads.yoctoproject.org/mirror/sources/winlibs-i686-mcf-dwarf-gcc-15.1.0-mingw-w64ucrt-12.0.0-r1.zip
404	153	104949498		https://downloads.yoctoproject.org/mirror/sources/winlibs-i686-mcf-dwarf-gcc-15.2.0-mingw-w64ucrt-13.0.0-r1.7z
404	153	265170737		https://downloads.yoctoproject.org/mirror/sources/winlibs-i686-mcf-dwarf-gcc-15.2.0-mingw-w64ucrt-13.0.0-r1.zip
404	153	110330543		https://downloads.yoctoproject.org/mirror/sources/winlibs-i686-mcf-dwarf-gcc-16.1.0-mingw-w64ucrt-14.0.0-r1.7z
404	153	278449666		https://downloads.yoctoproject.org/mirror/sources/winlibs-i686-mcf-dwarf-gcc-16.1.0-mingw-w64ucrt-14.0.0-r1.zip
404	153	83719559		https://downloads.yoctoproject.org/mirror/sources/winlibs-i686-posix-dwarf-gcc-10.4.0-mingw-w64msvcrt-10.0.0-r1.7z
404	153	181918800		https://downloads.yoctoproject.org/mirror/sources/winlibs-i686-posix-dwarf-gcc-10.4.0-mingw-w64msvcrt-10.0.0-r1.zip
404	153	89022334		https://downloads.yoctoproject.org/mirror/sources/winlibs-i686-posix-dwarf-gcc-10.5.0-mingw-w64msvcrt-11.0.1-r1.7z
404	153	201398252		https://downloads.yoctoproject.org/mirror/sources/winlibs-i686-posix-dwarf-gcc-10.5.0-mingw-w64msvcrt-11.0.1-r1.zip
404	153	203117422		https://downloads.yoctoproject.org/mirror/sources/winlibs-i686-posix-dwarf-gcc-10.5.0-mingw-w64msvcrt-11.0.1-r2.zip
404	153	79373565		https://downloads.yoctoproject.org/mirror/sources/winlibs-i686-posix-dwarf-gcc-11.2.0-mingw-w64msvcrt-10.0.0-r1.7z
404	153	184525644		https://downloads.yoctoproject.org/mirror/sources/winlibs-i686-posix-dwarf-gcc-11.2.0-mingw-w64msvcrt-10.0.0-r1.zip
404	153	79233256		https://downloads.yoctoproject.org/mirror/sources/winlibs-i686-posix-dwarf-gcc-11.2.0-mingw-w64msvcrt-9.0.0-r7.7z
404	153	184166764		https://downloads.yoctoproject.org/mirror/sources/winlibs-i686-posix-dwarf-gcc-11.2.0-mingw-w64msvcrt-9.0.0-r7.zip
404	153	79392778		https://downloads.yoctoproject.org/mirror/sources/winlibs-i686-posix-dwarf-gcc-11.2.0-mingw-w64ucrt-10.0.0-r1.7z
404	153	184091506		https://downloads.yoctoproject.org/mirror/sources/winlibs-i686-posix-dwarf-gcc-11.2.0-mingw-w64ucrt-10.0.0-r1.zip
404	153	66070434		https://downloads.yoctoproject.org/mirror/sources/winlibs-i686-posix-dwarf-gcc-11.2.0-mingw-w64ucrt-9.0.0-r1.7z
404	153	171860189		https://downloads.yoctoproject.org/mirror/sources/winlibs-i686-posix-dwarf-gcc-11.2.0-mingw-w64ucrt-9.0.0-r1.zip
404	153	65621904		https://downloads.yoctoproject.org/mirror/sources/winlibs-i686-posix-dwarf-gcc-11.2.0-mingw-w64ucrt-9.0.0-r2.7z
404	153	171347944		https://downloads.yoctoproject.org/mirror/sources/winlibs-i686-posix-dwarf-gcc-11.2.0-mingw-w64ucrt-9.0.0-r2.zip
404	153	81040365		https://downloads.yoctoproject.org/mirror/sources/winlibs-i686-posix-dwarf-gcc-11.2.0-mingw-w64ucrt-9.0.0-r3.7z
404	153	193047793		https://downloads.yoctoproject.org/mirror/sources/winlibs-i686-posix-dwarf-gcc-11.2.0-mingw-w64ucrt-9.0.0-r3.zip
404	153	81438955		https://downloads.yoctoproject.org/mirror/sources/winlibs-i686-posix-dwarf-gcc-11.2.0-mingw-w64ucrt-9.0.0-r4.7z
404	153	194261210		https://downloads.yoctoproject.org/mirror/sources/winlibs-i686-posix-dwarf-gcc-11.2.0-mingw-w64ucrt-9.0.0-r4.zip
404	153	79194941		https://downloads.yoctoproject.org/mirror/sources/winlibs-i686-posix-dwarf-gcc-11.2.0-mingw-w64ucrt-9.0.0-r5.7z
404	153	183609723		https://downloads.yoctoproject.org/mirror/sources/winlibs-i686-posix-dwarf-gcc-11.2.0-mingw-w64ucrt-9.0.0-r5.zip
404	153	79171239		https://downloads.yoctoproject.org/mirror/sources/winlibs-i686-posix-dwarf-gcc-11.2.0-mingw-w64ucrt-9.0.0-r7.7z
404	153	183605824		https://downloads.yoctoproject.org/mirror/sources/winlibs-i686-posix-dwarf-gcc-11.2.0-mingw-w64ucrt-9.0.0-r7.zip
404	153	79493405		https://downloads.yoctoproject.org/mirror/sources/winlibs-i686-posix-dwarf-gcc-11.3.0-mingw-w64msvcrt-10.0.0-r1.7z
404	153	184610633		https://downloads.yoctoproject.org/mirror/sources/winlibs-i686-posix-dwarf-gcc-11.3.0-mingw-w64msvcrt-10.0.0-r1.zip
404	153	79490460		https://downloads.yoctoproject.org/mirror/sources/winlibs-i686-posix-dwarf-gcc-11.3.0-mingw-w64msvcrt-10.0.0-r2.7z
404	153	184611861		https://downloads.yoctoproject.org/mirror/sources/winlibs-i686-posix-dwarf-gcc-11.3.0-mingw-w64msvcrt-10.0.0-r2.zip
404	153	79506152		https://downloads.yoctoproject.org/mirror/sources/winlibs-i686-posix-dwarf-gcc-11.3.0-mingw-w64msvcrt-10.0.0-r3.7z
404	153	184607190		https://downloads.yoctoproject.org/mirror/sources/winlibs-i686-posix-dwarf-gcc-11.3.0-mingw-w64msvcrt-10.0.0-r3.zip
404	153	79529090		https://downloads.yoctoproject.org/mirror/sources/winlibs-i686-posix-dwarf-gcc-11.3.0-mingw-w64ucrt-10.0.0-r1.7z
404	153	184175734		https://downloads.yoctoproject.org/mirror/sources/winlibs-i686-posix-dwarf-gcc-11.3.0-mingw-w64ucrt-10.0.0-r1.zip
404	153	79507014		https://downloads.yoctoproject.org/mirror/sources/winlibs-i686-posix-dwarf-gcc-11.3.0-mingw-w64ucrt-10.0.0-r2.7z
404	153	184178105		https://downloads.yoctoproject.org/mirror/sources/winlibs-i686-posix-dwarf-gcc-11.3.0-mingw-w64ucrt-10.0.0-r2.zip
404	153	79546722		https://downloads.yoctoproject.org/mirror/sources/winlibs-i686-posix-dwarf-gcc-11.3.0-mingw-w64ucrt-10.0.0-r3.7z
404	153	184174087		https://downloads.yoctoproject.org/mirror/sources/winlibs-i686-posix-dwarf-gcc-11.3.0-mingw-w64ucrt-10.0.0-r3.zip
404	153	100561790		https://downloads.yoctoproject.org/mirror/sources/winlibs-i686-posix-dwarf-gcc-11.4.0-mingw-w64msvcrt-11.0.0-r1.7z
404	153	219743389		https://downloads.yoctoproject.org/mirror/sources/winlibs-i686-posix-dwarf-gcc-11.4.0-mingw-w64msvcrt-11.0.0-r1.zip
404	153	100562255		https://downloads.yoctoproject.org/mirror/sources/winlibs-i686-posix-dwarf-gcc-11.4.0-mingw-w64ucrt-11.0.0-r1.7z
404	153	219243850		https://downloads.yoctoproject.org/mirror/sources/winlibs-i686-posix-dwarf-gcc-11.4.0-mingw-w64ucrt-11.0.0-r1.zip
404	153	103390263		https://downloads.yoctoproject.org/mirror/sources/winlibs-i686-posix-dwarf-gcc-11.5.0-mingw-w64msvcrt-12.0.0-r1.7z
404	153	232147399		https://downloads.yoctoproject.org/mirror/sources/winlibs-i686-posix-dwarf-gcc-11.5.0-mingw-w64msvcrt-12.0.0-r1.zip
404	153	103099969		https://downloads.yoctoproject.org/mirror/sources/winlibs-i686-posix-dwarf-gcc-11.5.0-mingw-w64ucrt-12.0.0-r1.7z
404	153	231692812		https://downloads.yoctoproject.org/mirror/sources/winlibs-i686-posix-dwarf-gcc-11.5.0-mingw-w64ucrt-12.0.0-r1.zip
404	153	84383024		https://downloads.yoctoproject.org/mirror/sources/winlibs-i686-posix-dwarf-gcc-12.1.0-mingw-w64msvcrt-10.0.0-r1.7z
404	153	196247692		https://downloads.yoctoproject.org/mirror/sources/winlibs-i686-posix-dwarf-gcc-12.1.0-mingw-w64msvcrt-10.0.0-r1.zip
404	153	84466963		https://downloads.yoctoproject.org/mirror/sources/winlibs-i686-posix-dwarf-gcc-12.1.0-mingw-w64msvcrt-10.0.0-r2.7z
404	153	196320809		https://downloads.yoctoproject.org/mirror/sources/winlibs-i686-posix-dwarf-gcc-12.1.0-mingw-w64msvcrt-10.0.0-r2.zip
404	153	84682855		https://downloads.yoctoproject.org/mirror/sources/winlibs-i686-posix-dwarf-gcc-12.1.0-mingw-w64msvcrt-10.0.0-r3.7z
404	153	196513293		https://downloads.yoctoproject.org/mirror/sources/winlibs-i686-posix-dwarf-gcc-12.1.0-mingw-w64msvcrt-10.0.0-r3.zip
404	153	89972331		https://downloads.yoctoproject.org/mirror/sources/winlibs-i686-posix-dwarf-gcc-12.1.0-mingw-w64ucrt-10.0.0-r2.7z
404	153	202935127		https://downloads.yoctoproject.org/mirror/sources/winlibs-i686-posix-dwarf-gcc-12.1.0-mingw-w64ucrt-10.0.0-r2.zip
404	153	89522832		https://downloads.yoctoproject.org/mirror/sources/winlibs-i686-posix-dwarf-gcc-12.1.0-mingw-w64ucrt-10.0.0-r3.7z
404	153	202465432		https://downloads.yoctoproject.org/mirror/sources/winlibs-i686-posix-dwarf-gcc-12.1.0-mingw-w64ucrt-10.0.0-r3.zip
404	153	89204998		https://downloads.yoctoproject.org/mirror/sources/winlibs-i686-posix-dwarf-gcc-12.2.0-mingw-w64msvcrt-10.0.0-r1.7z
404	153	199849942		https://downloads.yoctoproject.org/mirror/sources/winlibs-i686-posix-dwarf-gcc-12.2.0-mingw-w64msvcrt-10.0.0-r1.zip
404	153	89280319		https://downloads.yoctoproject.org/mirror/sources/winlibs-i686-posix-dwarf-gcc-12.2.0-mingw-w64msvcrt-10.0.0-r2.7z
404	153	199938280		https://downloads.yoctoproject.org/mirror/sources/winlibs-i686-posix-dwarf-gcc-12.2.0-mingw-w64msvcrt-10.0.0-r2.zip
404	153	105594895		https://downloads.yoctoproject.org/mirror/sources/winlibs-i686-posix-dwarf-gcc-12.2.0-mingw-w64msvcrt-10.0.0-r3.7z
404	153	276020586		https://downloads.yoctoproject.org/mirror/sources/winlibs-i686-posix-dwarf-gcc-12.2.0-mingw-w64msvcrt-10.0.0-r3.zip
404	153	102252187		https://downloads.yoctoproject.org/mirror/sources/winlibs-i686-posix-dwarf-gcc-12.2.0-mingw-w64msvcrt-10.0.0-r4.7z
404	153	231026202		https://downloads.yoctoproject.org/mirror/sources/winlibs-i686-posix-dwarf-gcc-12.2.0-mingw-w64msvcrt-10.0.0-r4.zip
404	153	102430528		https://downloads.yoctoproject.org/mirror/sources/winlibs-i686-posix-dwarf-gcc-12.2.0-mingw-w64msvcrt-10.0.0-r5.7z
404	153	231211017		https://downloads.yoctoproject.org/mirror/sources/winlibs-i686-posix-dwarf-gcc-12.2.0-mingw-w64msvcrt-10.0.0-r5.zip
404	153	89102267		https://downloads.yoctoproject.org/mirror/sources/winlibs-i686-posix-dwarf-gcc-12.2.0-mingw-w64ucrt-10.0.0-r1.7z
404	153	199363406		https://downloads.yoctoproject.org/mirror/sources/winlibs-i686-posix-dwarf-gcc-12.2.0-mingw-w64ucrt-10.0.0-r1.zip
404	153	89107332		https://downloads.yoctoproject.org/mirror/sources/winlibs-i686-posix-dwarf-gcc-12.2.0-mingw-w64ucrt-10.0.0-r2.7z
404	153	199419496		https://downloads.yoctoproject.org/mirror/sources/winlibs-i686-posix-dwarf-gcc-12.2.0-mingw-w64ucrt-10.0.0-r2.zip
404	153	105414494		https://downloads.yoctoproject.org/mirror/sources/winlibs-i686-posix-dwarf-gcc-12.2.0-mingw-w64ucrt-10.0.0-r3.7z
404	153	275428325		https://downloads.yoctoproject.org/mirror/sources/winlibs-i686-posix-dwarf-gcc-12.2.0-mingw-w64ucrt-10.0.0-r3.zip
404	153	101968057		https://downloads.yoctoproject.org/mirror/sources/winlibs-i686-posix-dwarf-gcc-12.2.0-mingw-w64ucrt-10.0.0-r4.7z
404	153	230458826		https://downloads.yoctoproject.org/mirror/sources/winlibs-i686-posix-dwarf-gcc-12.2.0-mingw-w64ucrt-10.0.0-r4.zip
404	153	102165205		https://downloads.yoctoproject.org/mirror/sources/winlibs-i686-posix-dwarf-gcc-12.2.0-mingw-w64ucrt-10.0.0-r5.7z
404	153	230710511		https://downloads.yoctoproject.org/mirror/sources/winlibs-i686-posix-dwarf-gcc-12.2.0-mingw-w64ucrt-10.0.0-r5.zip
404	153	96076601		https://downloads.yoctoproject.org/mirror/sources/winlibs-i686-posix-dwarf-gcc-12.3.0-mingw-w64msvcrt-11.0.0-r1.7z
404	153	221906615		https://downloads.yoctoproject.org/mirror/sources/winlibs-i686-posix-dwarf-gcc-12.3.0-mingw-w64msvcrt-11.0.0-r1.zip
404	153	95896249		https://downloads.yoctoproject.org/mirror/sources/winlibs-i686-posix-dwarf-gcc-12.3.0-mingw-w64ucrt-11.0.0-r1.7z
404	153	221559201		https://downloads.yoctoproject.org/mirror/sources/winlibs-i686-posix-dwarf-gcc-12.3.0-mingw-w64ucrt-11.0.0-r1.zip
404	153	114716833		https://downloads.yoctoproject.org/mirror/sources/winlibs-i686-posix-dwarf-gcc-12.4.0-mingw-w64msvcrt-12.0.0-r1.7z
404	153	248932885		https://downloads.yoctoproject.org/mirror/sources/winlibs-i686-posix-dwarf-gcc-12.4.0-mingw-w64msvcrt-12.0.0-r1.zip
404	153	114597217		https://downloads.yoctoproject.org/mirror/sources/winlibs-i686-posix-dwarf-gcc-12.4.0-mingw-w64ucrt-12.0.0-r1.7z
404	153	248338112		https://downloads.yoctoproject.org/mirror/sources/winlibs-i686-posix-dwarf-gcc-12.4.0-mingw-w64ucrt-12.0.0-r1.zip
404	153	92244042		https://downloads.yoctoproject.org/mirror/sources/winlibs-i686-posix-dwarf-gcc-13.1.0-mingw-w64msvcrt-11.0.0-r1.7z
404	153	210840652		https://downloads.yoctoproject.org/mirror/sources/winlibs-i686-posix-dwarf-gcc-13.1.0-mingw-w64msvcrt-11.0.0-r1.zip
404	153	92322825		https://downloads.yoctoproject.org/mirror/sources/winlibs-i686-posix-dwarf-gcc-13.1.0-mingw-w64msvcrt-11.0.0-r4.7z
404	153	212048547		https://downloads.yoctoproject.org/mirror/sources/winlibs-i686-posix-dwarf-gcc-13.1.0-mingw-w64msvcrt-11.0.0-r4.zip
404	153	97764563		https://downloads.yoctoproject.org/mirror/sources/winlibs-i686-posix-dwarf-gcc-13.1.0-mingw-w64msvcrt-11.0.0-r5.7z
404	153	221521752		https://downloads.yoctoproject.org/mirror/sources/winlibs-i686-posix-dwarf-gcc-13.1.0-mingw-w64msvcrt-11.0.0-r5.zip
404	153	92245685		https://downloads.yoctoproject.org/mirror/sources/winlibs-i686-posix-dwarf-gcc-13.1.0-mingw-w64ucrt-11.0.0-r1.7z
404	153	210345045		https://downloads.yoctoproject.org/mirror/sources/winlibs-i686-posix-dwarf-gcc-13.1.0-mingw-w64ucrt-11.0.0-r1.zip
404	153	92358692		https://downloads.yoctoproject.org/mirror/sources/winlibs-i686-posix-dwarf-gcc-13.1.0-mingw-w64ucrt-11.0.0-r4.7z
404	153	211696875		https://downloads.yoctoproject.org/mirror/sources/winlibs-i686-posix-dwarf-gcc-13.1.0-mingw-w64ucrt-11.0.0-r4.zip
404	153	97871037		https://downloads.yoctoproject.org/mirror/sources/winlibs-i686-posix-dwarf-gcc-13.1.0-mingw-w64ucrt-11.0.0-r5.7z
404	153	221227354		https://downloads.yoctoproject.org/mirror/sources/winlibs-i686-posix-dwarf-gcc-13.1.0-mingw-w64ucrt-11.0.0-r5.zip
404	153	92760420		https://downloads.yoctoproject.org/mirror/sources/winlibs-i686-posix-dwarf-gcc-13.2.0-mingw-w64msvcrt-11.0.1-r1.7z
404	153	219088287		https://downloads.yoctoproject.org/mirror/sources/winlibs-i686-posix-dwarf-gcc-13.2.0-mingw-w64msvcrt-11.0.1-r1.zip
404	153	95363130		https://downloads.yoctoproject.org/mirror/sources/winlibs-i686-posix-dwarf-gcc-13.2.0-mingw-w64msvcrt-11.0.1-r2.7z
404	153	222882590		https://downloads.yoctoproject.org/mirror/sources/winlibs-i686-posix-dwarf-gcc-13.2.0-mingw-w64msvcrt-11.0.1-r2.zip
404	153	95332870		https://downloads.yoctoproject.org/mirror/sources/winlibs-i686-posix-dwarf-gcc-13.2.0-mingw-w64msvcrt-11.0.1-r3.7z
404	153	222562390		https://downloads.yoctoproject.org/mirror/sources/winlibs-i686-posix-dwarf-gcc-13.2.0-mingw-w64msvcrt-11.0.1-r3.zip
404	153	95466461		https://downloads.yoctoproject.org/mirror/sources/winlibs-i686-posix-dwarf-gcc-13.2.0-mingw-w64msvcrt-11.0.1-r4.7z
404	153	222750204		https://downloads.yoctoproject.org/mirror/sources/winlibs-i686-posix-dwarf-gcc-13.2.0-mingw-w64msvcrt-11.0.1-r4.zip
404	153	95545432		https://downloads.yoctoproject.org/mirror/sources/winlibs-i686-posix-dwarf-gcc-13.2.0-mingw-w64msvcrt-11.0.1-r5.7z
404	153	223073443		https://downloads.yoctoproject.org/mirror/sources/winlibs-i686-posix-dwarf-gcc-13.2.0-mingw-w64msvcrt-11.0.1-r5.zip
404	153	95480740		https://downloads.yoctoproject.org/mirror/sources/winlibs-i686-posix-dwarf-gcc-13.2.0-mingw-w64msvcrt-11.0.1-r6.7z
404	153	222892962		https://downloads.yoctoproject.org/mirror/sources/winlibs-i686-posix-dwarf-gcc-13.2.0-mingw-w64msvcrt-11.0.1-r6.zip
404	153	97737690		https://downloads.yoctoproject.org/mirror/sources/winlibs-i686-posix-dwarf-gcc-13.2.0-mingw-w64msvcrt-11.0.1-r7.7z
404	153	226201737		https://downloads.yoctoproject.org/mirror/sources/winlibs-i686-posix-dwarf-gcc-13.2.0-mingw-w64msvcrt-11.0.1-r7.zip
404	153	97962525		https://downloads.yoctoproject.org/mirror/sources/winlibs-i686-posix-dwarf-gcc-13.2.0-mingw-w64msvcrt-11.0.1-r8.7z
404	153	226635532		https://downloads.yoctoproject.org/mirror/sources/winlibs-i686-posix-dwarf-gcc-13.2.0-mingw-w64msvcrt-11.0.1-r8.zip
404	153	98353756		https://downloads.yoctoproject.org/mirror/sources/winlibs-i686-posix-dwarf-gcc-13.2.0-mingw-w64ucrt-11.0.0-r1.7z
404	153	222685422		https://downloads.yoctoproject.org/mirror/sources/winlibs-i686-posix-dwarf-gcc-13.2.0-mingw-w64ucrt-11.0.0-r1.zip
404	153	95309463		https://downloads.yoctoproject.org/mirror/sources/winlibs-i686-posix-dwarf-gcc-13.2.0-mingw-w64ucrt-11.0.1-r3.7z
404	153	222467318		https://downloads.yoctoproject.org/mirror/sources/winlibs-i686-posix-dwarf-gcc-13.2.0-mingw-w64ucrt-11.0.1-r3.zip
404	153	95324204		https://downloads.yoctoproject.org/mirror/sources/winlibs-i686-posix-dwarf-gcc-13.2.0-mingw-w64ucrt-11.0.1-r4.7z
404	153	222263612		https://downloads.yoctoproject.org/mirror/sources/winlibs-i686-posix-dwarf-gcc-13.2.0-mingw-w64ucrt-11.0.1-r4.zip
404	153	95511219		https://downloads.yoctoproject.org/mirror/sources/winlibs-i686-posix-dwarf-gcc-13.2.0-mingw-w64ucrt-11.0.1-r5.7z
404	153	222653481		https://downloads.yoctoproject.org/mirror/sources/winlibs-i686-posix-dwarf-gcc-13.2.0-mingw-w64ucrt-11.0.1-r5.zip
404	153	97854391		https://downloads.yoctoproject.org/mirror/sources/winlibs-i686-posix-dwarf-gcc-13.2.0-mingw-w64ucrt-11.0.1-r7.7z
404	153	226141530		https://downloads.yoctoproject.org/mirror/sources/winlibs-i686-posix-dwarf-gcc-13.2.0-mingw-w64ucrt-11.0.1-r7.zip
404	153	97879072		https://downloads.yoctoproject.org/mirror/sources/winlibs-i686-posix-dwarf-gcc-13.2.0-mingw-w64ucrt-11.0.1-r8.7z
404	153	226174343		https://downloads.yoctoproject.org/mirror/sources/winlibs-i686-posix-dwarf-gcc-13.2.0-mingw-w64ucrt-11.0.1-r8.zip
404	153	99051087		https://downloads.yoctoproject.org/mirror/sources/winlibs-i686-posix-dwarf-gcc-13.3.0-mingw-w64msvcrt-11.0.1-r1.7z
404	153	228024189		https://downloads.yoctoproject.org/mirror/sources/winlibs-i686-posix-dwarf-gcc-13.3.0-mingw-w64msvcrt-11.0.1-r1.zip
404	153	99035543		https://downloads.yoctoproject.org/mirror/sources/winlibs-i686-posix-dwarf-gcc-13.3.0-mingw-w64ucrt-11.0.1-r1.7z
404	153	227571916		https://downloads.yoctoproject.org/mirror/sources/winlibs-i686-posix-dwarf-gcc-13.3.0-mingw-w64ucrt-11.0.1-r1.zip
404	153	108920668		https://downloads.yoctoproject.org/mirror/sources/winlibs-i686-posix-dwarf-gcc-14.1.0-mingw-w64msvcrt-11.0.1-r1.7z
404	153	242338086		https://downloads.yoctoproject.org/mirror/sources/winlibs-i686-posix-dwarf-gcc-14.1.0-mingw-w64msvcrt-11.0.1-r1.zip
404	153	109790269		https://downloads.yoctoproject.org/mirror/sources/winlibs-i686-posix-dwarf-gcc-14.1.0-mingw-w64msvcrt-12.0.0-r2.7z
404	153	244339438		https://downloads.yoctoproject.org/mirror/sources/winlibs-i686-posix-dwarf-gcc-14.1.0-mingw-w64msvcrt-12.0.0-r2.zip
404	153	109957398		https://downloads.yoctoproject.org/mirror/sources/winlibs-i686-posix-dwarf-gcc-14.1.0-mingw-w64msvcrt-12.0.0-r3.7z
404	153	244801583		https://downloads.yoctoproject.org/mirror/sources/winlibs-i686-posix-dwarf-gcc-14.1.0-mingw-w64msvcrt-12.0.0-r3.zip
404	153	109011087		https://downloads.yoctoproject.org/mirror/sources/winlibs-i686-posix-dwarf-gcc-14.1.0-mingw-w64ucrt-11.0.1-r1.7z
404	153	241888081		https://downloads.yoctoproject.org/mirror/sources/winlibs-i686-posix-dwarf-gcc-14.1.0-mingw-w64ucrt-11.0.1-r1.zip
404	153	109647282		https://downloads.yoctoproject.org/mirror/sources/winlibs-i686-posix-dwarf-gcc-14.1.0-mingw-w64ucrt-12.0.0-r2.7z
404	153	243822573		https://downloads.yoctoproject.org/mirror/sources/winlibs-i686-posix-dwarf-gcc-14.1.0-mingw-w64ucrt-12.0.0-r2.zip
404	153	109931786		https://downloads.yoctoproject.org/mirror/sources/winlibs-i686-posix-dwarf-gcc-14.1.0-mingw-w64ucrt-12.0.0-r3.7z
404	153	244301345		https://downloads.yoctoproject.org/mirror/sources/winlibs-i686-posix-dwarf-gcc-14.1.0-mingw-w64ucrt-12.0.0-r3.zip
404	153	110122578		https://downloads.yoctoproject.org/mirror/sources/winlibs-i686-posix-dwarf-gcc-14.2.0-mingw-w64msvcrt-12.0.0-r1.7z
404	153	245487085		https://downloads.yoctoproject.org/mirror/sources/winlibs-i686-posix-dwarf-gcc-14.2.0-mingw-w64msvcrt-12.0.0-r1.zip
404	153	110258138		https://downloads.yoctoproject.org/mirror/sources/winlibs-i686-posix-dwarf-gcc-14.2.0-mingw-w64msvcrt-12.0.0-r2.7z
404	153	245623744		https://downloads.yoctoproject.org/mirror/sources/winlibs-i686-posix-dwarf-gcc-14.2.0-mingw-w64msvcrt-12.0.0-r2.zip
404	153	100486966		https://downloads.yoctoproject.org/mirror/sources/winlibs-i686-posix-dwarf-gcc-14.2.0-mingw-w64msvcrt-12.0.0-r3.7z
404	153	247791485		https://downloads.yoctoproject.org/mirror/sources/winlibs-i686-posix-dwarf-gcc-14.2.0-mingw-w64msvcrt-12.0.0-r3.zip
404	153	110130017		https://downloads.yoctoproject.org/mirror/sources/winlibs-i686-posix-dwarf-gcc-14.2.0-mingw-w64ucrt-12.0.0-r1.7z
404	153	244953384		https://downloads.yoctoproject.org/mirror/sources/winlibs-i686-posix-dwarf-gcc-14.2.0-mingw-w64ucrt-12.0.0-r1.zip
404	153	110348217		https://downloads.yoctoproject.org/mirror/sources/winlibs-i686-posix-dwarf-gcc-14.2.0-mingw-w64ucrt-12.0.0-r2.7z
404	153	245137846		https://downloads.yoctoproject.org/mirror/sources/winlibs-i686-posix-dwarf-gcc-14.2.0-mingw-w64ucrt-12.0.0-r2.zip
404	153	100561919		https://downloads.yoctoproject.org/mirror/sources/winlibs-i686-posix-dwarf-gcc-14.2.0-mingw-w64ucrt-12.0.0-r3.7z
404	153	247406807		https://downloads.yoctoproject.org/mirror/sources/winlibs-i686-posix-dwarf-gcc-14.2.0-mingw-w64ucrt-12.0.0-r3.zip
404	153	96213345		https://downloads.yoctoproject.org/mirror/sources/winlibs-i686-posix-dwarf-gcc-14.3.0-mingw-w64msvcrt-12.0.0-r1.7z
404	153	235143516		https://downloads.yoctoproject.org/mirror/sources/winlibs-i686-posix-dwarf-gcc-14.3.0-mingw-w64msvcrt-12.0.0-r1.zip
404	153	96139901		https://downloads.yoctoproject.org/mirror/sources/winlibs-i686-posix-dwarf-gcc-14.3.0-mingw-w64ucrt-12.0.0-r1.7z
404	153	234364074		https://downloads.yoctoproject.org/mirror/sources/winlibs-i686-posix-dwarf-gcc-14.3.0-mingw-w64ucrt-12.0.0-r1.zip
404	153	103389508		https://downloads.yoctoproject.org/mirror/sources/winlibs-i686-posix-dwarf-gcc-15.1.0-mingw-w64msvcrt-12.0.0-r1.7z
404	153	260836590		https://downloads.yoctoproject.org/mirror/sources/winlibs-i686-posix-dwarf-gcc-15.1.0-mingw-w64msvcrt-12.0.0-r1.zip
404	153	104121599		https://downloads.yoctoproject.org/mirror/sources/winlibs-i686-posix-dwarf-gcc-15.1.0-mingw-w64msvcrt-13.0.0-r2.7z
404	153	262736450		https://downloads.yoctoproject.org/mirror/sources/winlibs-i686-posix-dwarf-gcc-15.1.0-mingw-w64msvcrt-13.0.0-r2.zip
404	153	104107423		https://downloads.yoctoproject.org/mirror/sources/winlibs-i686-posix-dwarf-gcc-15.1.0-mingw-w64msvcrt-13.0.0-r3.7z
404	153	262739629		https://downloads.yoctoproject.org/mirror/sources/winlibs-i686-posix-dwarf-gcc-15.1.0-mingw-w64msvcrt-13.0.0-r3.zip
404	153	104230391		https://downloads.yoctoproject.org/mirror/sources/winlibs-i686-posix-dwarf-gcc-15.1.0-mingw-w64msvcrt-13.0.0-r4.7z
404	153	262794390		https://downloads.yoctoproject.org/mirror/sources/winlibs-i686-posix-dwarf-gcc-15.1.0-mingw-w64msvcrt-13.0.0-r4.zip
404	153	103322262		https://downloads.yoctoproject.org/mirror/sources/winlibs-i686-posix-dwarf-gcc-15.1.0-mingw-w64ucrt-12.0.0-r1.7z
404	153	260472980		https://downloads.yoctoproject.org/mirror/sources/winlibs-i686-posix-dwarf-gcc-15.1.0-mingw-w64ucrt-12.0.0-r1.zip
404	153	103991928		https://downloads.yoctoproject.org/mirror/sources/winlibs-i686-posix-dwarf-gcc-15.1.0-mingw-w64ucrt-13.0.0-r2.7z
404	153	261966787		https://downloads.yoctoproject.org/mirror/sources/winlibs-i686-posix-dwarf-gcc-15.1.0-mingw-w64ucrt-13.0.0-r2.zip
404	153	103995973		https://downloads.yoctoproject.org/mirror/sources/winlibs-i686-posix-dwarf-gcc-15.1.0-mingw-w64ucrt-13.0.0-r3.7z
404	153	261967814		https://downloads.yoctoproject.org/mirror/sources/winlibs-i686-posix-dwarf-gcc-15.1.0-mingw-w64ucrt-13.0.0-r3.zip
404	153	104099349		https://downloads.yoctoproject.org/mirror/sources/winlibs-i686-posix-dwarf-gcc-15.1.0-mingw-w64ucrt-13.0.0-r4.7z
404	153	262047865		https://downloads.yoctoproject.org/mirror/sources/winlibs-i686-posix-dwarf-gcc-15.1.0-mingw-w64ucrt-13.0.0-r4.zip
404	153	104351823		https://downloads.yoctoproject.org/mirror/sources/winlibs-i686-posix-dwarf-gcc-15.2.0-mingw-w64msvcrt-13.0.0-r1.7z
404	153	263139076		https://downloads.yoctoproject.org/mirror/sources/winlibs-i686-posix-dwarf-gcc-15.2.0-mingw-w64msvcrt-13.0.0-r1.zip
404	153	104503724		https://downloads.yoctoproject.org/mirror/sources/winlibs-i686-posix-dwarf-gcc-15.2.0-mingw-w64msvcrt-13.0.0-r2.7z
404	153	263995871		https://downloads.yoctoproject.org/mirror/sources/winlibs-i686-posix-dwarf-gcc-15.2.0-mingw-w64msvcrt-13.0.0-r2.zip
404	153	104499672		https://downloads.yoctoproject.org/mirror/sources/winlibs-i686-posix-dwarf-gcc-15.2.0-mingw-w64msvcrt-13.0.0-r3.7z
404	153	263769120		https://downloads.yoctoproject.org/mirror/sources/winlibs-i686-posix-dwarf-gcc-15.2.0-mingw-w64msvcrt-13.0.0-r3.zip
404	153	104826253		https://downloads.yoctoproject.org/mirror/sources/winlibs-i686-posix-dwarf-gcc-15.2.0-mingw-w64msvcrt-13.0.0-r4.7z
404	153	264958201		https://downloads.yoctoproject.org/mirror/sources/winlibs-i686-posix-dwarf-gcc-15.2.0-mingw-w64msvcrt-13.0.0-r4.zip
404	153	104865919		https://downloads.yoctoproject.org/mirror/sources/winlibs-i686-posix-dwarf-gcc-15.2.0-mingw-w64msvcrt-13.0.0-r5.7z
404	153	265017746		https://downloads.yoctoproject.org/mirror/sources/winlibs-i686-posix-dwarf-gcc-15.2.0-mingw-w64msvcrt-13.0.0-r5.zip
404	153	105135795		https://downloads.yoctoproject.org/mirror/sources/winlibs-i686-posix-dwarf-gcc-15.2.0-mingw-w64msvcrt-13.0.0-r6.7z
404	153	266321411		https://downloads.yoctoproject.org/mirror/sources/winlibs-i686-posix-dwarf-gcc-15.2.0-mingw-w64msvcrt-13.0.0-r6.zip
404	153	105383937		https://downloads.yoctoproject.org/mirror/sources/winlibs-i686-posix-dwarf-gcc-15.2.0-mingw-w64msvcrt-14.0.0-r7.7z
404	153	267660403		https://downloads.yoctoproject.org/mirror/sources/winlibs-i686-posix-dwarf-gcc-15.2.0-mingw-w64msvcrt-14.0.0-r7.zip
404	153	104194029		https://downloads.yoctoproject.org/mirror/sources/winlibs-i686-posix-dwarf-gcc-15.2.0-mingw-w64ucrt-13.0.0-r1.7z
404	153	262401117		https://downloads.yoctoproject.org/mirror/sources/winlibs-i686-posix-dwarf-gcc-15.2.0-mingw-w64ucrt-13.0.0-r1.zip
404	153	104361712		https://downloads.yoctoproject.org/mirror/sources/winlibs-i686-posix-dwarf-gcc-15.2.0-mingw-w64ucrt-13.0.0-r2.7z
404	153	263246098		https://downloads.yoctoproject.org/mirror/sources/winlibs-i686-posix-dwarf-gcc-15.2.0-mingw-w64ucrt-13.0.0-r2.zip
404	153	98610776		https://downloads.yoctoproject.org/mirror/sources/winlibs-i686-posix-dwarf-gcc-15.2.0-mingw-w64ucrt-13.0.0-r3.7z
404	153	233100683		https://downloads.yoctoproject.org/mirror/sources/winlibs-i686-posix-dwarf-gcc-15.2.0-mingw-w64ucrt-13.0.0-r3.zip
404	153	104696075		https://downloads.yoctoproject.org/mirror/sources/winlibs-i686-posix-dwarf-gcc-15.2.0-mingw-w64ucrt-13.0.0-r4.7z
404	153	264237183		https://downloads.yoctoproject.org/mirror/sources/winlibs-i686-posix-dwarf-gcc-15.2.0-mingw-w64ucrt-13.0.0-r4.zip
404	153	104729157		https://downloads.yoctoproject.org/mirror/sources/winlibs-i686-posix-dwarf-gcc-15.2.0-mingw-w64ucrt-13.0.0-r5.7z
404	153	264268716		https://downloads.yoctoproject.org/mirror/sources/winlibs-i686-posix-dwarf-gcc-15.2.0-mingw-w64ucrt-13.0.0-r5.zip
404	153	105038722		https://downloads.yoctoproject.org/mirror/sources/winlibs-i686-posix-dwarf-gcc-15.2.0-mingw-w64ucrt-13.0.0-r6.7z
404	153	265533145		https://downloads.yoctoproject.org/mirror/sources/winlibs-i686-posix-dwarf-gcc-15.2.0-mingw-w64ucrt-13.0.0-r6.zip
404	153	105222103		https://downloads.yoctoproject.org/mirror/sources/winlibs-i686-posix-dwarf-gcc-15.2.0-mingw-w64ucrt-14.0.0-r7.7z
404	153	266856266		https://downloads.yoctoproject.org/mirror/sources/winlibs-i686-posix-dwarf-gcc-15.2.0-mingw-w64ucrt-14.0.0-r7.zip
404	153	106317316		https://downloads.yoctoproject.org/mirror/sources/winlibs-i686-posix-dwarf-gcc-15.3.0-mingw-w64msvcrt-14.0.0-r1.7z
404	153	269072102		https://downloads.yoctoproject.org/mirror/sources/winlibs-i686-posix-dwarf-gcc-15.3.0-mingw-w64msvcrt-14.0.0-r1.zip
404	153	105937974		https://downloads.yoctoproject.org/mirror/sources/winlibs-i686-posix-dwarf-gcc-15.3.0-mingw-w64ucrt-14.0.0-r1.7z
404	153	267597931		https://downloads.yoctoproject.org/mirror/sources/winlibs-i686-posix-dwarf-gcc-15.3.0-mingw-w64ucrt-14.0.0-r1.zip
404	153	110147465		https://downloads.yoctoproject.org/mirror/sources/winlibs-i686-posix-dwarf-gcc-16.1.0-mingw-w64msvcrt-14.0.0-r1.7z
404	153	279063904		https://downloads.yoctoproject.org/mirror/sources/winlibs-i686-posix-dwarf-gcc-16.1.0-mingw-w64msvcrt-14.0.0-r1.zip
404	153	73943650		https://downloads.yoctoproject.org/mirror/sources/winlibs-i686-posix-dwarf-gcc-9.5.0-mingw-w64msvcrt-10.0.0-r1.7z
404	153	164639599		https://downloads.yoctoproject.org/mirror/sources/winlibs-i686-posix-dwarf-gcc-9.5.0-mingw-w64msvcrt-10.0.0-r1.zip
404	153	96271506		https://downloads.yoctoproject.org/mirror/sources/winlibs-x86_64-mcf-seh-gcc-13.1.0-mingw-w64msvcrt-11.0.0-r1.7z
404	153	219640495		https://downloads.yoctoproject.org/mirror/sources/winlibs-x86_64-mcf-seh-gcc-13.1.0-mingw-w64msvcrt-11.0.0-r1.zip
404	153	96610465		https://downloads.yoctoproject.org/mirror/sources/winlibs-x86_64-mcf-seh-gcc-13.1.0-mingw-w64msvcrt-11.0.0-r3.7z
404	153	220715782		https://downloads.yoctoproject.org/mirror/sources/winlibs-x86_64-mcf-seh-gcc-13.1.0-mingw-w64msvcrt-11.0.0-r3.zip
404	153	93389379		https://downloads.yoctoproject.org/mirror/sources/winlibs-x86_64-mcf-seh-gcc-13.1.0-mingw-w64msvcrt-11.0.0-r5.7z
404	153	218445263		https://downloads.yoctoproject.org/mirror/sources/winlibs-x86_64-mcf-seh-gcc-13.1.0-mingw-w64msvcrt-11.0.0-r5.zip
404	153	96276144		https://downloads.yoctoproject.org/mirror/sources/winlibs-x86_64-mcf-seh-gcc-13.1.0-mingw-w64ucrt-11.0.0-r1.7z
404	153	219180706		https://downloads.yoctoproject.org/mirror/sources/winlibs-x86_64-mcf-seh-gcc-13.1.0-mingw-w64ucrt-11.0.0-r1.zip
404	153	96619217		https://downloads.yoctoproject.org/mirror/sources/winlibs-x86_64-mcf-seh-gcc-13.1.0-mingw-w64ucrt-11.0.0-r2.7z
404	153	220294953		https://downloads.yoctoproject.org/mirror/sources/winlibs-x86_64-mcf-seh-gcc-13.1.0-mingw-w64ucrt-11.0.0-r2.zip
404	153	96580513		https://downloads.yoctoproject.org/mirror/sources/winlibs-x86_64-mcf-seh-gcc-13.1.0-mingw-w64ucrt-11.0.0-r3.7z
404	153	220184392		https://downloads.yoctoproject.org/mirror/sources/winlibs-x86_64-mcf-seh-gcc-13.1.0-mingw-w64ucrt-11.0.0-r3.zip
404	153	93356792		https://downloads.yoctoproject.org/mirror/sources/winlibs-x86_64-mcf-seh-gcc-13.1.0-mingw-w64ucrt-11.0.0-r5.7z
404	153	217980104		https://downloads.yoctoproject.org/mirror/sources/winlibs-x86_64-mcf-seh-gcc-13.1.0-mingw-w64ucrt-11.0.0-r5.zip
404	153	93973142		https://downloads.yoctoproject.org/mirror/sources/winlibs-x86_64-mcf-seh-gcc-13.2.0-mingw-w64ucrt-11.0.0-r1.7z
404	153	219976940		https://downloads.yoctoproject.org/mirror/sources/winlibs-x86_64-mcf-seh-gcc-13.2.0-mingw-w64ucrt-11.0.0-r1.zip
404	153	93540205		https://downloads.yoctoproject.org/mirror/sources/winlibs-x86_64-mcf-seh-gcc-13.2.0-mingw-w64ucrt-11.0.1-r2.7z
404	153	218368191		https://downloads.yoctoproject.org/mirror/sources/winlibs-x86_64-mcf-seh-gcc-13.2.0-mingw-w64ucrt-11.0.1-r2.zip
404	153	95929716		https://downloads.yoctoproject.org/mirror/sources/winlibs-x86_64-mcf-seh-gcc-13.2.0-mingw-w64ucrt-11.0.1-r3.7z
404	153	221973177		https://downloads.yoctoproject.org/mirror/sources/winlibs-x86_64-mcf-seh-gcc-13.2.0-mingw-w64ucrt-11.0.1-r3.zip
404	153	102703868		https://downloads.yoctoproject.org/mirror/sources/winlibs-x86_64-mcf-seh-gcc-14.1.0-mingw-w64ucrt-11.0.1-r1.7z
404	153	239989678		https://downloads.yoctoproject.org/mirror/sources/winlibs-x86_64-mcf-seh-gcc-14.1.0-mingw-w64ucrt-11.0.1-r1.zip
404	153	104748205		https://downloads.yoctoproject.org/mirror/sources/winlibs-x86_64-mcf-seh-gcc-14.2.0-mingw-w64ucrt-12.0.0-r1.7z
404	153	245085225		https://downloads.yoctoproject.org/mirror/sources/winlibs-x86_64-mcf-seh-gcc-14.2.0-mingw-w64ucrt-12.0.0-r1.zip
404	153	104732646		https://downloads.yoctoproject.org/mirror/sources/winlibs-x86_64-mcf-seh-gcc-15.1.0-mingw-w64ucrt-12.0.0-r1.7z
404	153	261309857		https://downloads.yoctoproject.org/mirror/sources/winlibs-x86_64-mcf-seh-gcc-15.1.0-mingw-w64ucrt-12.0.0-r1.zip
404	153	106815454		https://downloads.yoctoproject.org/mirror/sources/winlibs-x86_64-mcf-seh-gcc-15.2.0-mingw-w64ucrt-13.0.0-r1.7z
404	153	266018287		https://downloads.yoctoproject.org/mirror/sources/winlibs-x86_64-mcf-seh-gcc-15.2.0-mingw-w64ucrt-13.0.0-r1.zip
404	153	109280055		https://downloads.yoctoproject.org/mirror/sources/winlibs-x86_64-mcf-seh-gcc-16.1.0-mingw-w64ucrt-14.0.0-r1.7z
404	153	272074025		https://downloads.yoctoproject.org/mirror/sources/winlibs-x86_64-mcf-seh-gcc-16.1.0-mingw-w64ucrt-14.0.0-r1.zip
404	153	82127668		https://downloads.yoctoproject.org/mirror/sources/winlibs-x86_64-posix-seh-gcc-10.4.0-mingw-w64msvcrt-10.0.0-r1.7z
404	153	183623535		https://downloads.yoctoproject.org/mirror/sources/winlibs-x86_64-posix-seh-gcc-10.4.0-mingw-w64msvcrt-10.0.0-r1.zip
404	153	88393392		https://downloads.yoctoproject.org/mirror/sources/winlibs-x86_64-posix-seh-gcc-10.5.0-mingw-w64msvcrt-11.0.1-r1.7z
404	153	204761998		https://downloads.yoctoproject.org/mirror/sources/winlibs-x86_64-posix-seh-gcc-10.5.0-mingw-w64msvcrt-11.0.1-r1.zip
404	153	88431815		https://downloads.yoctoproject.org/mirror/sources/winlibs-x86_64-posix-seh-gcc-10.5.0-mingw-w64msvcrt-11.0.1-r2.7z
404	153	204089825		https://downloads.yoctoproject.org/mirror/sources/winlibs-x86_64-posix-seh-gcc-10.5.0-mingw-w64msvcrt-11.0.1-r2.zip
404	153	80996621		https://downloads.yoctoproject.org/mirror/sources/winlibs-x86_64-posix-seh-gcc-11.2.0-mingw-w64msvcrt-10.0.0-r1.7z
404	153	186686552		https://downloads.yoctoproject.org/mirror/sources/winlibs-x86_64-posix-seh-gcc-11.2.0-mingw-w64msvcrt-10.0.0-r1.zip
404	153	80862765		https://downloads.yoctoproject.org/mirror/sources/winlibs-x86_64-posix-seh-gcc-11.2.0-mingw-w64msvcrt-9.0.0-r7.7z
404	153	186500522		https://downloads.yoctoproject.org/mirror/sources/winlibs-x86_64-posix-seh-gcc-11.2.0-mingw-w64msvcrt-9.0.0-r7.zip
404	153	81015994		https://downloads.yoctoproject.org/mirror/sources/winlibs-x86_64-posix-seh-gcc-11.2.0-mingw-w64ucrt-10.0.0-r1.7z
404	153	186491167		https://downloads.yoctoproject.org/mirror/sources/winlibs-x86_64-posix-seh-gcc-11.2.0-mingw-w64ucrt-10.0.0-r1.zip
404	153	66906176		https://downloads.yoctoproject.org/mirror/sources/winlibs-x86_64-posix-seh-gcc-11.2.0-mingw-w64ucrt-9.0.0-r1.7z
404	153	173316762		https://downloads.yoctoproject.org/mirror/sources/winlibs-x86_64-posix-seh-gcc-11.2.0-mingw-w64ucrt-9.0.0-r1.zip
404	153	66452303		https://downloads.yoctoproject.org/mirror/sources/winlibs-x86_64-posix-seh-gcc-11.2.0-mingw-w64ucrt-9.0.0-r2.7z
404	153	172849289		https://downloads.yoctoproject.org/mirror/sources/winlibs-x86_64-posix-seh-gcc-11.2.0-mingw-w64ucrt-9.0.0-r2.zip
404	153	82541333		https://downloads.yoctoproject.org/mirror/sources/winlibs-x86_64-posix-seh-gcc-11.2.0-mingw-w64ucrt-9.0.0-r3.7z
404	153	195363651		https://downloads.yoctoproject.org/mirror/sources/winlibs-x86_64-posix-seh-gcc-11.2.0-mingw-w64ucrt-9.0.0-r3.zip
404	153	83001090		https://downloads.yoctoproject.org/mirror/sources/winlibs-x86_64-posix-seh-gcc-11.2.0-mingw-w64ucrt-9.0.0-r4.7z
404	153	196616013		https://downloads.yoctoproject.org/mirror/sources/winlibs-x86_64-posix-seh-gcc-11.2.0-mingw-w64ucrt-9.0.0-r4.zip
404	153	80933850		https://downloads.yoctoproject.org/mirror/sources/winlibs-x86_64-posix-seh-gcc-11.2.0-mingw-w64ucrt-9.0.0-r5.7z
404	153	186299275		https://downloads.yoctoproject.org/mirror/sources/winlibs-x86_64-posix-seh-gcc-11.2.0-mingw-w64ucrt-9.0.0-r5.zip
404	153	80924882		https://downloads.yoctoproject.org/mirror/sources/winlibs-x86_64-posix-seh-gcc-11.2.0-mingw-w64ucrt-9.0.0-r7.7z
404	153	186312921		https://downloads.yoctoproject.org/mirror/sources/winlibs-x86_64-posix-seh-gcc-11.2.0-mingw-w64ucrt-9.0.0-r7.zip
404	153	81022044		https://downloads.yoctoproject.org/mirror/sources/winlibs-x86_64-posix-seh-gcc-11.3.0-mingw-w64msvcrt-10.0.0-r1.7z
404	153	186767531		https://downloads.yoctoproject.org/mirror/sources/winlibs-x86_64-posix-seh-gcc-11.3.0-mingw-w64msvcrt-10.0.0-r1.zip
404	153	81025393		https://downloads.yoctoproject.org/mirror/sources/winlibs-x86_64-posix-seh-gcc-11.3.0-mingw-w64msvcrt-10.0.0-r2.7z
404	153	186767760		https://downloads.yoctoproject.org/mirror/sources/winlibs-x86_64-posix-seh-gcc-11.3.0-mingw-w64msvcrt-10.0.0-r2.zip
404	153	81039293		https://downloads.yoctoproject.org/mirror/sources/winlibs-x86_64-posix-seh-gcc-11.3.0-mingw-w64msvcrt-10.0.0-r3.7z
404	153	186762772		https://downloads.yoctoproject.org/mirror/sources/winlibs-x86_64-posix-seh-gcc-11.3.0-mingw-w64msvcrt-10.0.0-r3.zip
404	153	81062006		https://downloads.yoctoproject.org/mirror/sources/winlibs-x86_64-posix-seh-gcc-11.3.0-mingw-w64ucrt-10.0.0-r1.7z
404	153	186570295		https://downloads.yoctoproject.org/mirror/sources/winlibs-x86_64-posix-seh-gcc-11.3.0-mingw-w64ucrt-10.0.0-r1.zip
404	153	81050606		https://downloads.yoctoproject.org/mirror/sources/winlibs-x86_64-posix-seh-gcc-11.3.0-mingw-w64ucrt-10.0.0-r2.7z
404	153	186568896		https://downloads.yoctoproject.org/mirror/sources/winlibs-x86_64-posix-seh-gcc-11.3.0-mingw-w64ucrt-10.0.0-r2.zip
404	153	81060744		https://downloads.yoctoproject.org/mirror/sources/winlibs-x86_64-posix-seh-gcc-11.3.0-mingw-w64ucrt-10.0.0-r3.7z
404	153	186567248		https://downloads.yoctoproject.org/mirror/sources/winlibs-x86_64-posix-seh-gcc-11.3.0-mingw-w64ucrt-10.0.0-r3.zip
404	153	92564337		https://downloads.yoctoproject.org/mirror/sources/winlibs-x86_64-posix-seh-gcc-11.4.0-mingw-w64msvcrt-11.0.0-r1.7z
404	153	218310495		https://downloads.yoctoproject.org/mirror/sources/winlibs-x86_64-posix-seh-gcc-11.4.0-mingw-w64msvcrt-11.0.0-r1.zip
404	153	92506216		https://downloads.yoctoproject.org/mirror/sources/winlibs-x86_64-posix-seh-gcc-11.4.0-mingw-w64ucrt-11.0.0-r1.7z
404	153	217843057		https://downloads.yoctoproject.org/mirror/sources/winlibs-x86_64-posix-seh-gcc-11.4.0-mingw-w64ucrt-11.0.0-r1.zip
404	153	104854313		https://downloads.yoctoproject.org/mirror/sources/winlibs-x86_64-posix-seh-gcc-11.5.0-mingw-w64msvcrt-12.0.0-r1.7z
404	153	236028401		https://downloads.yoctoproject.org/mirror/sources/winlibs-x86_64-posix-seh-gcc-11.5.0-mingw-w64msvcrt-12.0.0-r1.zip
404	153	104888162		https://downloads.yoctoproject.org/mirror/sources/winlibs-x86_64-posix-seh-gcc-11.5.0-mingw-w64ucrt-12.0.0-r1.7z
404	153	235692002		https://downloads.yoctoproject.org/mirror/sources/winlibs-x86_64-posix-seh-gcc-11.5.0-mingw-w64ucrt-12.0.0-r1.zip
404	153	84829107		https://downloads.yoctoproject.org/mirror/sources/winlibs-x86_64-posix-seh-gcc-12.1.0-mingw-w64msvcrt-10.0.0-r1.7z
404	153	198304249		https://downloads.yoctoproject.org/mirror/sources/winlibs-x86_64-posix-seh-gcc-12.1.0-mingw-w64msvcrt-10.0.0-r1.zip
404	153	84836856		https://downloads.yoctoproject.org/mirror/sources/winlibs-x86_64-posix-seh-gcc-12.1.0-mingw-w64msvcrt-10.0.0-r2.7z
404	153	198412379		https://downloads.yoctoproject.org/mirror/sources/winlibs-x86_64-posix-seh-gcc-12.1.0-mingw-w64msvcrt-10.0.0-r2.zip
404	153	84957080		https://downloads.yoctoproject.org/mirror/sources/winlibs-x86_64-posix-seh-gcc-12.1.0-mingw-w64msvcrt-10.0.0-r3.7z
404	153	198549770		https://downloads.yoctoproject.org/mirror/sources/winlibs-x86_64-posix-seh-gcc-12.1.0-mingw-w64msvcrt-10.0.0-r3.zip
404	153	93732168		https://downloads.yoctoproject.org/mirror/sources/winlibs-x86_64-posix-seh-gcc-12.1.0-mingw-w64ucrt-10.0.0-r2.7z
404	153	209303785		https://downloads.yoctoproject.org/mirror/sources/winlibs-x86_64-posix-seh-gcc-12.1.0-mingw-w64ucrt-10.0.0-r2.zip
404	153	93173937		https://downloads.yoctoproject.org/mirror/sources/winlibs-x86_64-posix-seh-gcc-12.1.0-mingw-w64ucrt-10.0.0-r3.7z
404	153	208612121		https://downloads.yoctoproject.org/mirror/sources/winlibs-x86_64-posix-seh-gcc-12.1.0-mingw-w64ucrt-10.0.0-r3.zip
404	153	93135474		https://downloads.yoctoproject.org/mirror/sources/winlibs-x86_64-posix-seh-gcc-12.2.0-mingw-w64msvcrt-10.0.0-r1.7z
404	153	208901506		https://downloads.yoctoproject.org/mirror/sources/winlibs-x86_64-posix-seh-gcc-12.2.0-mingw-w64msvcrt-10.0.0-r1.zip
404	153	93262284		https://downloads.yoctoproject.org/mirror/sources/winlibs-x86_64-posix-seh-gcc-12.2.0-mingw-w64msvcrt-10.0.0-r2.7z
404	153	209025764		https://downloads.yoctoproject.org/mirror/sources/winlibs-x86_64-posix-seh-gcc-12.2.0-mingw-w64msvcrt-10.0.0-r2.zip
404	153	109266761		https://downloads.yoctoproject.org/mirror/sources/winlibs-x86_64-posix-seh-gcc-12.2.0-mingw-w64msvcrt-10.0.0-r3.7z
404	153	281517565		https://downloads.yoctoproject.org/mirror/sources/winlibs-x86_64-posix-seh-gcc-12.2.0-mingw-w64msvcrt-10.0.0-r3.zip
404	153	106676989		https://downloads.yoctoproject.org/mirror/sources/winlibs-x86_64-posix-seh-gcc-12.2.0-mingw-w64msvcrt-10.0.0-r4.7z
404	153	238086426		https://downloads.yoctoproject.org/mirror/sources/winlibs-x86_64-posix-seh-gcc-12.2.0-mingw-w64msvcrt-10.0.0-r4.zip
404	153	106443380		https://downloads.yoctoproject.org/mirror/sources/winlibs-x86_64-posix-seh-gcc-12.2.0-mingw-w64msvcrt-10.0.0-r5.7z
404	153	238245691		https://downloads.yoctoproject.org/mirror/sources/winlibs-x86_64-posix-seh-gcc-12.2.0-mingw-w64msvcrt-10.0.0-r5.zip
404	153	93709543		https://downloads.yoctoproject.org/mirror/sources/winlibs-x86_64-posix-seh-gcc-12.2.0-mingw-w64ucrt-10.0.0-r1.7z
404	153	209401682		https://downloads.yoctoproject.org/mirror/sources/winlibs-x86_64-posix-seh-gcc-12.2.0-mingw-w64ucrt-10.0.0-r1.zip
404	153	93243505		https://downloads.yoctoproject.org/mirror/sources/winlibs-x86_64-posix-seh-gcc-12.2.0-mingw-w64ucrt-10.0.0-r2.7z
404	153	208771755		https://downloads.yoctoproject.org/mirror/sources/winlibs-x86_64-posix-seh-gcc-12.2.0-mingw-w64ucrt-10.0.0-r2.zip
404	153	109281897		https://downloads.yoctoproject.org/mirror/sources/winlibs-x86_64-posix-seh-gcc-12.2.0-mingw-w64ucrt-10.0.0-r3.7z
404	153	281186694		https://downloads.yoctoproject.org/mirror/sources/winlibs-x86_64-posix-seh-gcc-12.2.0-mingw-w64ucrt-10.0.0-r3.zip
404	153	106568701		https://downloads.yoctoproject.org/mirror/sources/winlibs-x86_64-posix-seh-gcc-12.2.0-mingw-w64ucrt-10.0.0-r4.7z
404	153	237582335		https://downloads.yoctoproject.org/mirror/sources/winlibs-x86_64-posix-seh-gcc-12.2.0-mingw-w64ucrt-10.0.0-r4.zip
404	153	106456846		https://downloads.yoctoproject.org/mirror/sources/winlibs-x86_64-posix-seh-gcc-12.2.0-mingw-w64ucrt-10.0.0-r5.7z
404	153	237783800		https://downloads.yoctoproject.org/mirror/sources/winlibs-x86_64-posix-seh-gcc-12.2.0-mingw-w64ucrt-10.0.0-r5.zip
404	153	101595962		https://downloads.yoctoproject.org/mirror/sources/winlibs-x86_64-posix-seh-gcc-12.3.0-mingw-w64msvcrt-11.0.0-r1.7z
404	153	228886504		https://downloads.yoctoproject.org/mirror/sources/winlibs-x86_64-posix-seh-gcc-12.3.0-mingw-w64msvcrt-11.0.0-r1.zip
404	153	101518265		https://downloads.yoctoproject.org/mirror/sources/winlibs-x86_64-posix-seh-gcc-12.3.0-mingw-w64ucrt-11.0.0-r1.7z
404	153	228496120		https://downloads.yoctoproject.org/mirror/sources/winlibs-x86_64-posix-seh-gcc-12.3.0-mingw-w64ucrt-11.0.0-r1.zip
404	153	105867202		https://downloads.yoctoproject.org/mirror/sources/winlibs-x86_64-posix-seh-gcc-12.4.0-mingw-w64msvcrt-12.0.0-r1.7z
404	153	237015459		https://downloads.yoctoproject.org/mirror/sources/winlibs-x86_64-posix-seh-gcc-12.4.0-mingw-w64msvcrt-12.0.0-r1.zip
404	153	105814709		https://downloads.yoctoproject.org/mirror/sources/winlibs-x86_64-posix-seh-gcc-12.4.0-mingw-w64ucrt-12.0.0-r1.7z
404	153	236557973		https://downloads.yoctoproject.org/mirror/sources/winlibs-x86_64-posix-seh-gcc-12.4.0-mingw-w64ucrt-12.0.0-r1.zip
404	153	96032356		https://downloads.yoctoproject.org/mirror/sources/winlibs-x86_64-posix-seh-gcc-13.1.0-mingw-w64msvcrt-11.0.0-r1.7z
404	153	219237713		https://downloads.yoctoproject.org/mirror/sources/winlibs-x86_64-posix-seh-gcc-13.1.0-mingw-w64msvcrt-11.0.0-r1.zip
404	153	96579106		https://downloads.yoctoproject.org/mirror/sources/winlibs-x86_64-posix-seh-gcc-13.1.0-mingw-w64msvcrt-11.0.0-r4.7z
404	153	220662033		https://downloads.yoctoproject.org/mirror/sources/winlibs-x86_64-posix-seh-gcc-13.1.0-mingw-w64msvcrt-11.0.0-r4.zip
404	153	93509489		https://downloads.yoctoproject.org/mirror/sources/winlibs-x86_64-posix-seh-gcc-13.1.0-mingw-w64msvcrt-11.0.0-r5.7z
404	153	218878679		https://downloads.yoctoproject.org/mirror/sources/winlibs-x86_64-posix-seh-gcc-13.1.0-mingw-w64msvcrt-11.0.0-r5.zip
404	153	96061568		https://downloads.yoctoproject.org/mirror/sources/winlibs-x86_64-posix-seh-gcc-13.1.0-mingw-w64ucrt-11.0.0-r1.7z
404	153	218787200		https://downloads.yoctoproject.org/mirror/sources/winlibs-x86_64-posix-seh-gcc-13.1.0-mingw-w64ucrt-11.0.0-r1.zip
404	153	96574822		https://downloads.yoctoproject.org/mirror/sources/winlibs-x86_64-posix-seh-gcc-13.1.0-mingw-w64ucrt-11.0.0-r4.7z
404	153	220206485		https://downloads.yoctoproject.org/mirror/sources/winlibs-x86_64-posix-seh-gcc-13.1.0-mingw-w64ucrt-11.0.0-r4.zip
404	153	93362052		https://downloads.yoctoproject.org/mirror/sources/winlibs-x86_64-posix-seh-gcc-13.1.0-mingw-w64ucrt-11.0.0-r5.7z
404	153	218276020		https://downloads.yoctoproject.org/mirror/sources/winlibs-x86_64-posix-seh-gcc-13.1.0-mingw-w64ucrt-11.0.0-r5.zip
404	153	93545428		https://downloads.yoctoproject.org/mirror/sources/winlibs-x86_64-posix-seh-gcc-13.2.0-mingw-w64msvcrt-11.0.1-r1.7z
404	153	218881574		https://downloads.yoctoproject.org/mirror/sources/winlibs-x86_64-posix-seh-gcc-13.2.0-mingw-w64msvcrt-11.0.1-r1.zip
404	153	95996917		https://downloads.yoctoproject.org/mirror/sources/winlibs-x86_64-posix-seh-gcc-13.2.0-mingw-w64msvcrt-11.0.1-r2.7z
404	153	222567523		https://downloads.yoctoproject.org/mirror/sources/winlibs-x86_64-posix-seh-gcc-13.2.0-mingw-w64msvcrt-11.0.1-r2.zip
404	153	96029963		https://downloads.yoctoproject.org/mirror/sources/winlibs-x86_64-posix-seh-gcc-13.2.0-mingw-w64msvcrt-11.0.1-r3.7z
404	153	222308030		https://downloads.yoctoproject.org/mirror/sources/winlibs-x86_64-posix-seh-gcc-13.2.0-mingw-w64msvcrt-11.0.1-r3.zip
404	153	96108630		https://downloads.yoctoproject.org/mirror/sources/winlibs-x86_64-posix-seh-gcc-13.2.0-mingw-w64msvcrt-11.0.1-r4.7z
404	153	222486099		https://downloads.yoctoproject.org/mirror/sources/winlibs-x86_64-posix-seh-gcc-13.2.0-mingw-w64msvcrt-11.0.1-r4.zip
404	153	96245652		https://downloads.yoctoproject.org/mirror/sources/winlibs-x86_64-posix-seh-gcc-13.2.0-mingw-w64msvcrt-11.0.1-r5.7z
404	153	222828150		https://downloads.yoctoproject.org/mirror/sources/winlibs-x86_64-posix-seh-gcc-13.2.0-mingw-w64msvcrt-11.0.1-r5.zip
404	153	96171861		https://downloads.yoctoproject.org/mirror/sources/winlibs-x86_64-posix-seh-gcc-13.2.0-mingw-w64msvcrt-11.0.1-r6.7z
404	153	222652409		https://downloads.yoctoproject.org/mirror/sources/winlibs-x86_64-posix-seh-gcc-13.2.0-mingw-w64msvcrt-11.0.1-r6.zip
404	153	98359166		https://downloads.yoctoproject.org/mirror/sources/winlibs-x86_64-posix-seh-gcc-13.2.0-mingw-w64msvcrt-11.0.1-r7.7z
404	153	226168644		https://downloads.yoctoproject.org/mirror/sources/winlibs-x86_64-posix-seh-gcc-13.2.0-mingw-w64msvcrt-11.0.1-r7.zip
404	153	98417643		https://downloads.yoctoproject.org/mirror/sources/winlibs-x86_64-posix-seh-gcc-13.2.0-mingw-w64msvcrt-11.0.1-r8.7z
404	153	226337266		https://downloads.yoctoproject.org/mirror/sources/winlibs-x86_64-posix-seh-gcc-13.2.0-mingw-w64msvcrt-11.0.1-r8.zip
404	153	93928772		https://downloads.yoctoproject.org/mirror/sources/winlibs-x86_64-posix-seh-gcc-13.2.0-mingw-w64ucrt-11.0.0-r1.7z
404	153	219917660		https://downloads.yoctoproject.org/mirror/sources/winlibs-x86_64-posix-seh-gcc-13.2.0-mingw-w64ucrt-11.0.0-r1.zip
404	153	95947082		https://downloads.yoctoproject.org/mirror/sources/winlibs-x86_64-posix-seh-gcc-13.2.0-mingw-w64ucrt-11.0.1-r3.7z
404	153	222147082		https://downloads.yoctoproject.org/mirror/sources/winlibs-x86_64-posix-seh-gcc-13.2.0-mingw-w64ucrt-11.0.1-r3.zip
404	153	96028098		https://downloads.yoctoproject.org/mirror/sources/winlibs-x86_64-posix-seh-gcc-13.2.0-mingw-w64ucrt-11.0.1-r4.7z
404	153	222024256		https://downloads.yoctoproject.org/mirror/sources/winlibs-x86_64-posix-seh-gcc-13.2.0-mingw-w64ucrt-11.0.1-r4.zip
404	153	96187254		https://downloads.yoctoproject.org/mirror/sources/winlibs-x86_64-posix-seh-gcc-13.2.0-mingw-w64ucrt-11.0.1-r5.7z
404	153	222439688		https://downloads.yoctoproject.org/mirror/sources/winlibs-x86_64-posix-seh-gcc-13.2.0-mingw-w64ucrt-11.0.1-r5.zip
404	153	98313786		https://downloads.yoctoproject.org/mirror/sources/winlibs-x86_64-posix-seh-gcc-13.2.0-mingw-w64ucrt-11.0.1-r7.7z
404	153	225869222		https://downloads.yoctoproject.org/mirror/sources/winlibs-x86_64-posix-seh-gcc-13.2.0-mingw-w64ucrt-11.0.1-r7.zip
404	153	98400576		https://downloads.yoctoproject.org/mirror/sources/winlibs-x86_64-posix-seh-gcc-13.2.0-mingw-w64ucrt-11.0.1-r8.7z
404	153	225908894		https://downloads.yoctoproject.org/mirror/sources/winlibs-x86_64-posix-seh-gcc-13.2.0-mingw-w64ucrt-11.0.1-r8.zip
404	153	99330306		https://downloads.yoctoproject.org/mirror/sources/winlibs-x86_64-posix-seh-gcc-13.3.0-mingw-w64msvcrt-11.0.1-r1.7z
404	153	227638510		https://downloads.yoctoproject.org/mirror/sources/winlibs-x86_64-posix-seh-gcc-13.3.0-mingw-w64msvcrt-11.0.1-r1.zip
404	153	99383684		https://downloads.yoctoproject.org/mirror/sources/winlibs-x86_64-posix-seh-gcc-13.3.0-mingw-w64ucrt-11.0.1-r1.7z
404	153	227250141		https://downloads.yoctoproject.org/mirror/sources/winlibs-x86_64-posix-seh-gcc-13.3.0-mingw-w64ucrt-11.0.1-r1.zip
404	153	102857426		https://downloads.yoctoproject.org/mirror/sources/winlibs-x86_64-posix-seh-gcc-14.1.0-mingw-w64msvcrt-11.0.1-r1.7z
404	153	241488910		https://downloads.yoctoproject.org/mirror/sources/winlibs-x86_64-posix-seh-gcc-14.1.0-mingw-w64msvcrt-11.0.1-r1.zip
404	153	103914941		https://downloads.yoctoproject.org/mirror/sources/winlibs-x86_64-posix-seh-gcc-14.1.0-mingw-w64msvcrt-12.0.0-r2.7z
404	153	243748360		https://downloads.yoctoproject.org/mirror/sources/winlibs-x86_64-posix-seh-gcc-14.1.0-mingw-w64msvcrt-12.0.0-r2.zip
404	153	104000134		https://downloads.yoctoproject.org/mirror/sources/winlibs-x86_64-posix-seh-gcc-14.1.0-mingw-w64msvcrt-12.0.0-r3.7z
404	153	244189198		https://downloads.yoctoproject.org/mirror/sources/winlibs-x86_64-posix-seh-gcc-14.1.0-mingw-w64msvcrt-12.0.0-r3.zip
404	153	102883987		https://downloads.yoctoproject.org/mirror/sources/winlibs-x86_64-posix-seh-gcc-14.1.0-mingw-w64ucrt-11.0.1-r1.7z
404	153	241042597		https://downloads.yoctoproject.org/mirror/sources/winlibs-x86_64-posix-seh-gcc-14.1.0-mingw-w64ucrt-11.0.1-r1.zip
404	153	103728587		https://downloads.yoctoproject.org/mirror/sources/winlibs-x86_64-posix-seh-gcc-14.1.0-mingw-w64ucrt-12.0.0-r2.7z
404	153	243179654		https://downloads.yoctoproject.org/mirror/sources/winlibs-x86_64-posix-seh-gcc-14.1.0-mingw-w64ucrt-12.0.0-r2.zip
404	153	103942725		https://downloads.yoctoproject.org/mirror/sources/winlibs-x86_64-posix-seh-gcc-14.1.0-mingw-w64ucrt-12.0.0-r3.7z
404	153	243717724		https://downloads.yoctoproject.org/mirror/sources/winlibs-x86_64-posix-seh-gcc-14.1.0-mingw-w64ucrt-12.0.0-r3.zip
404	153	104215892		https://downloads.yoctoproject.org/mirror/sources/winlibs-x86_64-posix-seh-gcc-14.2.0-mingw-w64msvcrt-12.0.0-r1.7z
404	153	244837335		https://downloads.yoctoproject.org/mirror/sources/winlibs-x86_64-posix-seh-gcc-14.2.0-mingw-w64msvcrt-12.0.0-r1.zip
404	153	104319329		https://downloads.yoctoproject.org/mirror/sources/winlibs-x86_64-posix-seh-gcc-14.2.0-mingw-w64msvcrt-12.0.0-r2.7z
404	153	244969976		https://downloads.yoctoproject.org/mirror/sources/winlibs-x86_64-posix-seh-gcc-14.2.0-mingw-w64msvcrt-12.0.0-r2.zip
404	153	101307416		https://downloads.yoctoproject.org/mirror/sources/winlibs-x86_64-posix-seh-gcc-14.2.0-mingw-w64msvcrt-12.0.0-r3.7z
404	153	247295063		https://downloads.yoctoproject.org/mirror/sources/winlibs-x86_64-posix-seh-gcc-14.2.0-mingw-w64msvcrt-12.0.0-r3.zip
404	153	104126293		https://downloads.yoctoproject.org/mirror/sources/winlibs-x86_64-posix-seh-gcc-14.2.0-mingw-w64ucrt-12.0.0-r1.7z
404	153	244360201		https://downloads.yoctoproject.org/mirror/sources/winlibs-x86_64-posix-seh-gcc-14.2.0-mingw-w64ucrt-12.0.0-r1.zip
404	153	104255184		https://downloads.yoctoproject.org/mirror/sources/winlibs-x86_64-posix-seh-gcc-14.2.0-mingw-w64ucrt-12.0.0-r2.7z
404	153	244502971		https://downloads.yoctoproject.org/mirror/sources/winlibs-x86_64-posix-seh-gcc-14.2.0-mingw-w64ucrt-12.0.0-r2.zip
404	153	101317610		https://downloads.yoctoproject.org/mirror/sources/winlibs-x86_64-posix-seh-gcc-14.2.0-mingw-w64ucrt-12.0.0-r3.7z
404	153	246962421		https://downloads.yoctoproject.org/mirror/sources/winlibs-x86_64-posix-seh-gcc-14.2.0-mingw-w64ucrt-12.0.0-r3.zip
404	153	102358608		https://downloads.yoctoproject.org/mirror/sources/winlibs-x86_64-posix-seh-gcc-14.3.0-mingw-w64msvcrt-12.0.0-r1.7z
404	153	244236121		https://downloads.yoctoproject.org/mirror/sources/winlibs-x86_64-posix-seh-gcc-14.3.0-mingw-w64msvcrt-12.0.0-r1.zip
404	153	102079676		https://downloads.yoctoproject.org/mirror/sources/winlibs-x86_64-posix-seh-gcc-14.3.0-mingw-w64ucrt-12.0.0-r1.7z
404	153	243665819		https://downloads.yoctoproject.org/mirror/sources/winlibs-x86_64-posix-seh-gcc-14.3.0-mingw-w64ucrt-12.0.0-r1.zip
404	153	104916329		https://downloads.yoctoproject.org/mirror/sources/winlibs-x86_64-posix-seh-gcc-15.1.0-mingw-w64msvcrt-12.0.0-r1.7z
404	153	262224433		https://downloads.yoctoproject.org/mirror/sources/winlibs-x86_64-posix-seh-gcc-15.1.0-mingw-w64msvcrt-12.0.0-r1.zip
404	153	105626282		https://downloads.yoctoproject.org/mirror/sources/winlibs-x86_64-posix-seh-gcc-15.1.0-mingw-w64msvcrt-13.0.0-r2.7z
404	153	263433183		https://downloads.yoctoproject.org/mirror/sources/winlibs-x86_64-posix-seh-gcc-15.1.0-mingw-w64msvcrt-13.0.0-r2.zip
404	153	105627829		https://downloads.yoctoproject.org/mirror/sources/winlibs-x86_64-posix-seh-gcc-15.1.0-mingw-w64msvcrt-13.0.0-r3.7z
404	153	263446576		https://downloads.yoctoproject.org/mirror/sources/winlibs-x86_64-posix-seh-gcc-15.1.0-mingw-w64msvcrt-13.0.0-r3.zip
404	153	105802887		https://downloads.yoctoproject.org/mirror/sources/winlibs-x86_64-posix-seh-gcc-15.1.0-mingw-w64msvcrt-13.0.0-r4.7z
404	153	263607901		https://downloads.yoctoproject.org/mirror/sources/winlibs-x86_64-posix-seh-gcc-15.1.0-mingw-w64msvcrt-13.0.0-r4.zip
404	153	104977525		https://downloads.yoctoproject.org/mirror/sources/winlibs-x86_64-posix-seh-gcc-15.1.0-mingw-w64ucrt-12.0.0-r1.7z
404	153	261808720		https://downloads.yoctoproject.org/mirror/sources/winlibs-x86_64-posix-seh-gcc-15.1.0-mingw-w64ucrt-12.0.0-r1.zip
404	153	105477572		https://downloads.yoctoproject.org/mirror/sources/winlibs-x86_64-posix-seh-gcc-15.1.0-mingw-w64ucrt-13.0.0-r2.7z
404	153	262713517		https://downloads.yoctoproject.org/mirror/sources/winlibs-x86_64-posix-seh-gcc-15.1.0-mingw-w64ucrt-13.0.0-r2.zip
404	153	105527241		https://downloads.yoctoproject.org/mirror/sources/winlibs-x86_64-posix-seh-gcc-15.1.0-mingw-w64ucrt-13.0.0-r3.7z
404	153	262736227		https://downloads.yoctoproject.org/mirror/sources/winlibs-x86_64-posix-seh-gcc-15.1.0-mingw-w64ucrt-13.0.0-r3.zip
404	153	105666144		https://downloads.yoctoproject.org/mirror/sources/winlibs-x86_64-posix-seh-gcc-15.1.0-mingw-w64ucrt-13.0.0-r4.7z
404	153	262910163		https://downloads.yoctoproject.org/mirror/sources/winlibs-x86_64-posix-seh-gcc-15.1.0-mingw-w64ucrt-13.0.0-r4.zip
404	153	105872783		https://downloads.yoctoproject.org/mirror/sources/winlibs-x86_64-posix-seh-gcc-15.2.0-mingw-w64msvcrt-13.0.0-r1.7z
404	153	263840967		https://downloads.yoctoproject.org/mirror/sources/winlibs-x86_64-posix-seh-gcc-15.2.0-mingw-w64msvcrt-13.0.0-r1.zip
404	153	106011189		https://downloads.yoctoproject.org/mirror/sources/winlibs-x86_64-posix-seh-gcc-15.2.0-mingw-w64msvcrt-13.0.0-r2.7z
404	153	264693809		https://downloads.yoctoproject.org/mirror/sources/winlibs-x86_64-posix-seh-gcc-15.2.0-mingw-w64msvcrt-13.0.0-r2.zip
404	153	106020386		https://downloads.yoctoproject.org/mirror/sources/winlibs-x86_64-posix-seh-gcc-15.2.0-mingw-w64msvcrt-13.0.0-r3.7z
404	153	264529348		https://downloads.yoctoproject.org/mirror/sources/winlibs-x86_64-posix-seh-gcc-15.2.0-mingw-w64msvcrt-13.0.0-r3.zip
404	153	106478235		https://downloads.yoctoproject.org/mirror/sources/winlibs-x86_64-posix-seh-gcc-15.2.0-mingw-w64msvcrt-13.0.0-r4.7z
404	153	265742681		https://downloads.yoctoproject.org/mirror/sources/winlibs-x86_64-posix-seh-gcc-15.2.0-mingw-w64msvcrt-13.0.0-r4.zip
404	153	106587699		https://downloads.yoctoproject.org/mirror/sources/winlibs-x86_64-posix-seh-gcc-15.2.0-mingw-w64msvcrt-13.0.0-r5.7z
404	153	265851375		https://downloads.yoctoproject.org/mirror/sources/winlibs-x86_64-posix-seh-gcc-15.2.0-mingw-w64msvcrt-13.0.0-r5.zip
404	153	106998682		https://downloads.yoctoproject.org/mirror/sources/winlibs-x86_64-posix-seh-gcc-15.2.0-mingw-w64msvcrt-13.0.0-r6.7z
404	153	267135426		https://downloads.yoctoproject.org/mirror/sources/winlibs-x86_64-posix-seh-gcc-15.2.0-mingw-w64msvcrt-13.0.0-r6.zip
404	153	107371327		https://downloads.yoctoproject.org/mirror/sources/winlibs-x86_64-posix-seh-gcc-15.2.0-mingw-w64msvcrt-14.0.0-r7.7z
404	153	268317266		https://downloads.yoctoproject.org/mirror/sources/winlibs-x86_64-posix-seh-gcc-15.2.0-mingw-w64msvcrt-14.0.0-r7.zip
404	153	105792043		https://downloads.yoctoproject.org/mirror/sources/winlibs-x86_64-posix-seh-gcc-15.2.0-mingw-w64ucrt-13.0.0-r1.7z
404	153	263160137		https://downloads.yoctoproject.org/mirror/sources/winlibs-x86_64-posix-seh-gcc-15.2.0-mingw-w64ucrt-13.0.0-r1.zip
404	153	105929613		https://downloads.yoctoproject.org/mirror/sources/winlibs-x86_64-posix-seh-gcc-15.2.0-mingw-w64ucrt-13.0.0-r2.7z
404	153	264007421		https://downloads.yoctoproject.org/mirror/sources/winlibs-x86_64-posix-seh-gcc-15.2.0-mingw-w64ucrt-13.0.0-r2.zip
404	153	105961808		https://downloads.yoctoproject.org/mirror/sources/winlibs-x86_64-posix-seh-gcc-15.2.0-mingw-w64ucrt-13.0.0-r3.7z
404	153	263835438		https://downloads.yoctoproject.org/mirror/sources/winlibs-x86_64-posix-seh-gcc-15.2.0-mingw-w64ucrt-13.0.0-r3.zip
404	153	106395011		https://downloads.yoctoproject.org/mirror/sources/winlibs-x86_64-posix-seh-gcc-15.2.0-mingw-w64ucrt-13.0.0-r4.7z
404	153	265050288		https://downloads.yoctoproject.org/mirror/sources/winlibs-x86_64-posix-seh-gcc-15.2.0-mingw-w64ucrt-13.0.0-r4.zip
404	153	106344183		https://downloads.yoctoproject.org/mirror/sources/winlibs-x86_64-posix-seh-gcc-15.2.0-mingw-w64ucrt-13.0.0-r5.7z
404	153	265160987		https://downloads.yoctoproject.org/mirror/sources/winlibs-x86_64-posix-seh-gcc-15.2.0-mingw-w64ucrt-13.0.0-r5.zip
404	153	106817444		https://downloads.yoctoproject.org/mirror/sources/winlibs-x86_64-posix-seh-gcc-15.2.0-mingw-w64ucrt-13.0.0-r6.7z
404	153	266321520		https://downloads.yoctoproject.org/mirror/sources/winlibs-x86_64-posix-seh-gcc-15.2.0-mingw-w64ucrt-13.0.0-r6.zip
404	153	107333866		https://downloads.yoctoproject.org/mirror/sources/winlibs-x86_64-posix-seh-gcc-15.2.0-mingw-w64ucrt-14.0.0-r7.7z
404	153	267593703		https://downloads.yoctoproject.org/mirror/sources/winlibs-x86_64-posix-seh-gcc-15.2.0-mingw-w64ucrt-14.0.0-r7.zip
404	153	107615344		https://downloads.yoctoproject.org/mirror/sources/winlibs-x86_64-posix-seh-gcc-15.3.0-mingw-w64msvcrt-14.0.0-r1.7z
404	153	268676010		https://downloads.yoctoproject.org/mirror/sources/winlibs-x86_64-posix-seh-gcc-15.3.0-mingw-w64msvcrt-14.0.0-r1.zip
404	153	107278369		https://downloads.yoctoproject.org/mirror/sources/winlibs-x86_64-posix-seh-gcc-15.3.0-mingw-w64ucrt-14.0.0-r1.7z
404	153	267618143		https://downloads.yoctoproject.org/mirror/sources/winlibs-x86_64-posix-seh-gcc-15.3.0-mingw-w64ucrt-14.0.0-r1.zip
404	153	109135227		https://downloads.yoctoproject.org/mirror/sources/winlibs-x86_64-posix-seh-gcc-16.1.0-mingw-w64msvcrt-14.0.0-r1.7z
404	153	272575610		https://downloads.yoctoproject.org/mirror/sources/winlibs-x86_64-posix-seh-gcc-16.1.0-mingw-w64msvcrt-14.0.0-r1.zip
404	153	76497767		https://downloads.yoctoproject.org/mirror/sources/winlibs-x86_64-posix-seh-gcc-9.5.0-mingw-w64msvcrt-10.0.0-r1.7z
404	153	166455131		https://downloads.yoctoproject.org/mirror/sources/winlibs-x86_64-posix-seh-gcc-9.5.0-mingw-w64msvcrt-10.0.0-r1.zip
404	153	104639353		https://downloads.yoctoproject.org/mirror/sources/winlibs-x86_64-win32-seh-gcc-14.2.0-mingw-w64msvcrt-12.0.0-r1.7z
404	153	245777965		https://downloads.yoctoproject.org/mirror/sources/winlibs-x86_64-win32-seh-gcc-14.2.0-mingw-w64msvcrt-12.0.0-r1.zip
404	153	None		https://downloads.yoctoproject.org/mirror/sources/bogus-file-xyz123.tar.xz
404	146	167786166		https://sources.openwrt.org/LLVM-10.0.0-win64.exe
404	146	163221740		https://sources.openwrt.org/LLVM-11.0.0-win32.exe
404	146	180786207		https://sources.openwrt.org/LLVM-11.0.0-win64.exe
404	146	163279901		https://sources.openwrt.org/LLVM-11.0.1-win32.exe
404	146	180803493		https://sources.openwrt.org/LLVM-11.0.1-win64.exe
404	146	164098374		https://sources.openwrt.org/LLVM-11.1.0-win32.exe
404	146	181375405		https://sources.openwrt.org/LLVM-11.1.0-win64.exe
404	146	171209951		https://sources.openwrt.org/LLVM-12.0.0-win32.exe
404	146	191037739		https://sources.openwrt.org/LLVM-12.0.0-win64.exe
404	146	169230610		https://sources.openwrt.org/LLVM-12.0.0-woa64.exe
404	146	171237066		https://sources.openwrt.org/LLVM-12.0.1-win32.exe
404	146	190997504		https://sources.openwrt.org/LLVM-12.0.1-win64.exe
404	146	217071058		https://sources.openwrt.org/LLVM-13.0.0-win32.exe
404	146	239457520		https://sources.openwrt.org/LLVM-13.0.0-win64.exe
404	146	217075034		https://sources.openwrt.org/LLVM-13.0.1-win32.exe
404	146	239478810		https://sources.openwrt.org/LLVM-13.0.1-win64.exe
404	146	270576824		https://sources.openwrt.org/LLVM-14.0.0-win32.exe
404	146	276056279		https://sources.openwrt.org/LLVM-14.0.0-win64.exe
404	146	270579719		https://sources.openwrt.org/LLVM-14.0.1-win32.exe
404	146	276096067		https://sources.openwrt.org/LLVM-14.0.1-win64.exe
404	146	270591291		https://sources.openwrt.org/LLVM-14.0.2-win32.exe
404	146	276101831		https://sources.openwrt.org/LLVM-14.0.2-win64.exe
404	146	270556664		https://sources.openwrt.org/LLVM-14.0.3-win32.exe
404	146	276073368		https://sources.openwrt.org/LLVM-14.0.3-win64.exe
404	146	270643845		https://sources.openwrt.org/LLVM-14.0.4-win32.exe
404	146	276107494		https://sources.openwrt.org/LLVM-14.0.4-win64.exe
404	146	270632165		https://sources.openwrt.org/LLVM-14.0.5-win32.exe
404	146	276150152		https://sources.openwrt.org/LLVM-14.0.5-win64.exe
404	146	270653942		https://sources.openwrt.org/LLVM-14.0.6-win32.exe
404	146	276124398		https://sources.openwrt.org/LLVM-14.0.6-win64.exe
404	146	285387800		https://sources.openwrt.org/LLVM-15.0.0-win32.exe
404	146	290916050		https://sources.openwrt.org/LLVM-15.0.0-win64.exe
404	146	348977975		https://sources.openwrt.org/LLVM-15.0.0-woa64.exe
404	146	285425323		https://sources.openwrt.org/LLVM-15.0.1-win32.exe
404	146	290895767		https://sources.openwrt.org/LLVM-15.0.1-win64.exe
404	146	348793694		https://sources.openwrt.org/LLVM-15.0.1-woa64.exe
404	146	285401689		https://sources.openwrt.org/LLVM-15.0.2-win32.exe
404	146	290927297		https://sources.openwrt.org/LLVM-15.0.2-win64.exe
404	146	348810425		https://sources.openwrt.org/LLVM-15.0.2-woa64.exe
404	146	285369320		https://sources.openwrt.org/LLVM-15.0.3-win32.exe
404	146	290935586		https://sources.openwrt.org/LLVM-15.0.3-win64.exe
404	146	348819146		https://sources.openwrt.org/LLVM-15.0.3-woa64.exe
404	146	285355633		https://sources.openwrt.org/LLVM-15.0.4-win32.exe
404	146	290894566		https://sources.openwrt.org/LLVM-15.0.4-win64.exe
404	146	285359096		https://sources.openwrt.org/LLVM-15.0.5-win32.exe
404	146	290876085		https://sources.openwrt.org/LLVM-15.0.5-win64.exe
404	146	285367567		https://sources.openwrt.org/LLVM-15.0.6-win32.exe
404	146	290951930		https://sources.openwrt.org/LLVM-15.0.6-win64.exe
404	146	348707439		https://sources.openwrt.org/LLVM-15.0.6-woa64.exe
404	146	285340840		https://sources.openwrt.org/LLVM-15.0.7-win32.exe
404	146	290857976		https://sources.openwrt.org/LLVM-15.0.7-win64.exe
404	146	303960771		https://sources.openwrt.org/LLVM-16.0.0-win32.exe
404	146	307633471		https://sources.openwrt.org/LLVM-16.0.0-win64.exe
404	146	290547004		https://sources.openwrt.org/LLVM-16.0.0-woa64.exe
404	146	304034791		https://sources.openwrt.org/LLVM-16.0.1-win32.exe
404	146	307670049		https://sources.openwrt.org/LLVM-16.0.1-win64.exe
404	146	290610032		https://sources.openwrt.org/LLVM-16.0.1-woa64.exe
404	146	304043442		https://sources.openwrt.org/LLVM-16.0.2-win32.exe
404	146	307611655		https://sources.openwrt.org/LLVM-16.0.2-win64.exe
404	146	290615974		https://sources.openwrt.org/LLVM-16.0.2-woa64.exe
404	146	304054489		https://sources.openwrt.org/LLVM-16.0.3-win32.exe
404	146	307640623		https://sources.openwrt.org/LLVM-16.0.3-win64.exe
404	146	290615550		https://sources.openwrt.org/LLVM-16.0.3-woa64.exe
404	146	304071661		https://sources.openwrt.org/LLVM-16.0.4-win32.exe
404	146	307633462		https://sources.openwrt.org/LLVM-16.0.4-win64.exe
404	146	290631214		https://sources.openwrt.org/LLVM-16.0.4-woa64.exe
404	146	304030098		https://sources.openwrt.org/LLVM-16.0.5-win32.exe
404	146	307687810		https://sources.openwrt.org/LLVM-16.0.5-win64.exe
404	146	290598883		https://sources.openwrt.org/LLVM-16.0.5-woa64.exe
404	146	304032865		https://sources.openwrt.org/LLVM-16.0.6-win32.exe
404	146	307648319		https://sources.openwrt.org/LLVM-16.0.6-win64.exe
404	146	290576091		https://sources.openwrt.org/LLVM-16.0.6-woa64.exe
404	146	327080037		https://sources.openwrt.org/LLVM-17.0.1-win32.exe
404	146	330956068		https://sources.openwrt.org/LLVM-17.0.1-win64.exe
404	146	314530872		https://sources.openwrt.org/LLVM-17.0.1-woa64.exe
404	146	327042494		https://sources.openwrt.org/LLVM-17.0.2-win32.exe
404	146	331033552		https://sources.openwrt.org/LLVM-17.0.2-win64.exe
404	146	314531762		https://sources.openwrt.org/LLVM-17.0.2-woa64.exe
404	146	327063518		https://sources.openwrt.org/LLVM-17.0.3-win32.exe
404	146	331013698		https://sources.openwrt.org/LLVM-17.0.3-win64.exe
404	146	314495196		https://sources.openwrt.org/LLVM-17.0.3-woa64.exe
404	146	327042015		https://sources.openwrt.org/LLVM-17.0.4-win32.exe
404	146	331041635		https://sources.openwrt.org/LLVM-17.0.4-win64.exe
404	146	314544774		https://sources.openwrt.org/LLVM-17.0.4-woa64.exe
404	146	327046452		https://sources.openwrt.org/LLVM-17.0.5-win32.exe
404	146	349065336		https://sources.openwrt.org/LLVM-17.0.5-win64.exe
404	146	314567570		https://sources.openwrt.org/LLVM-17.0.5-woa64.exe
404	146	327115082		https://sources.openwrt.org/LLVM-17.0.6-win32.exe
404	146	349078329		https://sources.openwrt.org/LLVM-17.0.6-win64.exe
404	146	314615395		https://sources.openwrt.org/LLVM-17.0.6-woa64.exe
404	146	348225988		https://sources.openwrt.org/LLVM-18.1.0-win32.exe
404	146	374195650		https://sources.openwrt.org/LLVM-18.1.0-win64.exe
404	146	345185402		https://sources.openwrt.org/LLVM-18.1.0-woa64.exe
404	146	348234871		https://sources.openwrt.org/LLVM-18.1.1-win32.exe
404	146	374257130		https://sources.openwrt.org/LLVM-18.1.1-win64.exe
404	146	345147876		https://sources.openwrt.org/LLVM-18.1.1-woa64.exe
404	146	348198118		https://sources.openwrt.org/LLVM-18.1.2-win32.exe
404	146	374283655		https://sources.openwrt.org/LLVM-18.1.2-win64.exe
404	146	345141094		https://sources.openwrt.org/LLVM-18.1.2-woa64.exe
404	146	348249487		https://sources.openwrt.org/LLVM-18.1.3-win32.exe
404	146	374297571		https://sources.openwrt.org/LLVM-18.1.3-win64.exe
404	146	345181560		https://sources.openwrt.org/LLVM-18.1.3-woa64.exe
404	146	348294933		https://sources.openwrt.org/LLVM-18.1.4-win32.exe
404	146	374288391		https://sources.openwrt.org/LLVM-18.1.4-win64.exe
404	146	345160422		https://sources.openwrt.org/LLVM-18.1.4-woa64.exe
404	146	348387669		https://sources.openwrt.org/LLVM-18.1.5-win32.exe
404	146	374416573		https://sources.openwrt.org/LLVM-18.1.5-win64.exe
404	146	345203703		https://sources.openwrt.org/LLVM-18.1.5-woa64.exe
404	146	348439710		https://sources.openwrt.org/LLVM-18.1.6-win32.exe
404	146	374313064		https://sources.openwrt.org/LLVM-18.1.6-win64.exe
404	146	345217833		https://sources.openwrt.org/LLVM-18.1.6-woa64.exe
404	146	348393022		https://sources.openwrt.org/LLVM-18.1.7-win32.exe
404	146	374322003		https://sources.openwrt.org/LLVM-18.1.7-win64.exe
404	146	345200676		https://sources.openwrt.org/LLVM-18.1.7-woa64.exe
404	146	348379223		https://sources.openwrt.org/LLVM-18.1.8-win32.exe
404	146	374335885		https://sources.openwrt.org/LLVM-18.1.8-win64.exe
404	146	345225147		https://sources.openwrt.org/LLVM-18.1.8-woa64.exe
404	146	1655916952		https://sources.openwrt.org/LLVM-19.1.0-Linux-X64.tar.xz
404	146	1341430788		https://sources.openwrt.org/LLVM-19.1.0-Windows-X64.tar.xz
404	146	1404623256		https://sources.openwrt.org/LLVM-19.1.0-macOS-ARM64.tar.xz
404	146	1562810696		https://sources.openwrt.org/LLVM-19.1.0-macOS-X64.tar.xz
404	146	326453938		https://sources.openwrt.org/LLVM-19.1.0-win32.exe
404	146	351851042		https://sources.openwrt.org/LLVM-19.1.0-win64.exe
404	146	421403019		https://sources.openwrt.org/LLVM-19.1.0-woa64.exe
404	146	1654520636		https://sources.openwrt.org/LLVM-19.1.1-Linux-X64.tar.xz
404	146	1415409564		https://sources.openwrt.org/LLVM-19.1.1-Windows-X64.tar.xz
404	146	1404614392		https://sources.openwrt.org/LLVM-19.1.1-macOS-ARM64.tar.xz
404	146	326447383		https://sources.openwrt.org/LLVM-19.1.1-win32.exe
404	146	351794030		https://sources.openwrt.org/LLVM-19.1.1-win64.exe
404	146	525582041		https://sources.openwrt.org/LLVM-19.1.1-woa64.exe
404	146	1656358964		https://sources.openwrt.org/LLVM-19.1.2-Linux-X64.tar.xz
404	146	1415335880		https://sources.openwrt.org/LLVM-19.1.2-Windows-X64.tar.xz
404	146	1413364968		https://sources.openwrt.org/LLVM-19.1.2-macOS-ARM64.tar.xz
404	146	326455381		https://sources.openwrt.org/LLVM-19.1.2-win32.exe
404	146	351787924		https://sources.openwrt.org/LLVM-19.1.2-win64.exe
404	146	421417985		https://sources.openwrt.org/LLVM-19.1.2-woa64.exe
404	146	1654611468		https://sources.openwrt.org/LLVM-19.1.3-Linux-X64.tar.xz
404	146	1415463760		https://sources.openwrt.org/LLVM-19.1.3-Windows-X64.tar.xz
404	146	1413648828		https://sources.openwrt.org/LLVM-19.1.3-macOS-ARM64.tar.xz
404	146	1575929084		https://sources.openwrt.org/LLVM-19.1.3-macOS-X64.tar.xz
404	146	326499885		https://sources.openwrt.org/LLVM-19.1.3-win32.exe
404	146	352150716		https://sources.openwrt.org/LLVM-19.1.3-win64.exe
404	146	323132851		https://sources.openwrt.org/LLVM-19.1.3-woa64.exe
404	146	1653142568		https://sources.openwrt.org/LLVM-19.1.4-Linux-X64.tar.xz
404	146	1413834032		https://sources.openwrt.org/LLVM-19.1.4-macOS-ARM64.tar.xz
404	146	1576567004		https://sources.openwrt.org/LLVM-19.1.4-macOS-X64.tar.xz
404	146	326501356		https://sources.openwrt.org/LLVM-19.1.4-win32.exe
404	146	352115979		https://sources.openwrt.org/LLVM-19.1.4-win64.exe
404	146	323085917		https://sources.openwrt.org/LLVM-19.1.4-woa64.exe
404	146	1652713376		https://sources.openwrt.org/LLVM-19.1.5-Linux-X64.tar.xz
404	146	1576277680		https://sources.openwrt.org/LLVM-19.1.5-macOS-X64.tar.xz
404	146	326504401		https://sources.openwrt.org/LLVM-19.1.5-win32.exe
404	146	352110889		https://sources.openwrt.org/LLVM-19.1.5-win64.exe
404	146	323113046		https://sources.openwrt.org/LLVM-19.1.5-woa64.exe
404	146	1653648588		https://sources.openwrt.org/LLVM-19.1.6-Linux-X64.tar.xz
404	146	1413505576		https://sources.openwrt.org/LLVM-19.1.6-macOS-ARM64.tar.xz
404	146	1574153276		https://sources.openwrt.org/LLVM-19.1.6-macOS-X64.tar.xz
404	146	326503832		https://sources.openwrt.org/LLVM-19.1.6-win32.exe
404	146	352072597		https://sources.openwrt.org/LLVM-19.1.6-win64.exe
404	146	323091951		https://sources.openwrt.org/LLVM-19.1.6-woa64.exe
404	146	1653440720		https://sources.openwrt.org/LLVM-19.1.7-Linux-X64.tar.xz
404	146	1413914424		https://sources.openwrt.org/LLVM-19.1.7-macOS-ARM64.tar.xz
404	146	1574721180		https://sources.openwrt.org/LLVM-19.1.7-macOS-X64.tar.xz
404	146	326486668		https://sources.openwrt.org/LLVM-19.1.7-win32.exe
404	146	352071563		https://sources.openwrt.org/LLVM-19.1.7-win64.exe
404	146	323088311		https://sources.openwrt.org/LLVM-19.1.7-woa64.exe
404	146	1862002784		https://sources.openwrt.org/LLVM-20.1.0-Linux-ARM64.tar.xz
404	146	2020952612		https://sources.openwrt.org/LLVM-20.1.0-Linux-X64.tar.xz
404	146	1449999292		https://sources.openwrt.org/LLVM-20.1.0-macOS-ARM64.tar.xz
404	146	354710819		https://sources.openwrt.org/LLVM-20.1.0-win32.exe
404	146	385618196		https://sources.openwrt.org/LLVM-20.1.0-win64.exe
404	146	332542546		https://sources.openwrt.org/LLVM-20.1.0-woa64.exe
404	146	1861931688		https://sources.openwrt.org/LLVM-20.1.1-Linux-ARM64.tar.xz
404	146	2021187508		https://sources.openwrt.org/LLVM-20.1.1-Linux-X64.tar.xz
404	146	1450003112		https://sources.openwrt.org/LLVM-20.1.1-macOS-ARM64.tar.xz
404	146	354792554		https://sources.openwrt.org/LLVM-20.1.1-win32.exe
404	146	385622390		https://sources.openwrt.org/LLVM-20.1.1-win64.exe
404	146	333666072		https://sources.openwrt.org/LLVM-20.1.1-woa64.exe
404	146	1861582368		https://sources.openwrt.org/LLVM-20.1.2-Linux-ARM64.tar.xz
404	146	2021628328		https://sources.openwrt.org/LLVM-20.1.2-Linux-X64.tar.xz
404	146	1449938768		https://sources.openwrt.org/LLVM-20.1.2-macOS-ARM64.tar.xz
404	146	354858777		https://sources.openwrt.org/LLVM-20.1.2-win32.exe
404	146	385642029		https://sources.openwrt.org/LLVM-20.1.2-win64.exe
404	146	333695762		https://sources.openwrt.org/LLVM-20.1.2-woa64.exe
404	146	1861749572		https://sources.openwrt.org/LLVM-20.1.3-Linux-ARM64.tar.xz
404	146	2021228276		https://sources.openwrt.org/LLVM-20.1.3-Linux-X64.tar.xz
404	146	1449971968		https://sources.openwrt.org/LLVM-20.1.3-macOS-ARM64.tar.xz
404	146	1464431244		https://sources.openwrt.org/LLVM-20.1.3-macOS-X64.tar.xz
404	146	354721011		https://sources.openwrt.org/LLVM-20.1.3-win32.exe
404	146	385634577		https://sources.openwrt.org/LLVM-20.1.3-win64.exe
404	146	333696841		https://sources.openwrt.org/LLVM-20.1.3-woa64.exe
404	146	1861555784		https://sources.openwrt.org/LLVM-20.1.4-Linux-ARM64.tar.xz
404	146	2021200560		https://sources.openwrt.org/LLVM-20.1.4-Linux-X64.tar.xz
404	146	1450111696		https://sources.openwrt.org/LLVM-20.1.4-macOS-ARM64.tar.xz
404	146	354714990		https://sources.openwrt.org/LLVM-20.1.4-win32.exe
404	146	385677493		https://sources.openwrt.org/LLVM-20.1.4-win64.exe
404	146	333697150		https://sources.openwrt.org/LLVM-20.1.4-woa64.exe
404	146	1860257316		https://sources.openwrt.org/LLVM-20.1.5-Linux-ARM64.tar.xz
404	146	2020033120		https://sources.openwrt.org/LLVM-20.1.5-Linux-X64.tar.xz
404	146	354744853		https://sources.openwrt.org/LLVM-20.1.5-win32.exe
404	146	385658664		https://sources.openwrt.org/LLVM-20.1.5-win64.exe
404	146	333743655		https://sources.openwrt.org/LLVM-20.1.5-woa64.exe
404	146	2022436412		https://sources.openwrt.org/LLVM-20.1.6-Linux-X64.tar.xz
404	146	354737249		https://sources.openwrt.org/LLVM-20.1.6-win32.exe
404	146	385642909		https://sources.openwrt.org/LLVM-20.1.6-win64.exe
404	146	333753307		https://sources.openwrt.org/LLVM-20.1.6-woa64.exe
404	146	1859713060		https://sources.openwrt.org/LLVM-20.1.7-Linux-ARM64.tar.xz
404	146	2022020036		https://sources.openwrt.org/LLVM-20.1.7-Linux-X64.tar.xz
404	146	1449924896		https://sources.openwrt.org/LLVM-20.1.7-macOS-ARM64.tar.xz
404	146	1464445324		https://sources.openwrt.org/LLVM-20.1.7-macOS-X64.tar.xz
404	146	354720113		https://sources.openwrt.org/LLVM-20.1.7-win32.exe
404	146	385716644		https://sources.openwrt.org/LLVM-20.1.7-win64.exe
404	146	333717796		https://sources.openwrt.org/LLVM-20.1.7-woa64.exe
404	146	1859437192		https://sources.openwrt.org/LLVM-20.1.8-Linux-ARM64.tar.xz
404	146	2021269412		https://sources.openwrt.org/LLVM-20.1.8-Linux-X64.tar.xz
404	146	1450038240		https://sources.openwrt.org/LLVM-20.1.8-macOS-ARM64.tar.xz
404	146	354718350		https://sources.openwrt.org/LLVM-20.1.8-win32.exe
404	146	385658654		https://sources.openwrt.org/LLVM-20.1.8-win64.exe
404	146	333744580		https://sources.openwrt.org/LLVM-20.1.8-woa64.exe
404	146	1858046304		https://sources.openwrt.org/LLVM-21.1.0-Linux-ARM64.tar.xz
404	146	1998592920		https://sources.openwrt.org/LLVM-21.1.0-Linux-X64.tar.xz
404	146	349731088		https://sources.openwrt.org/LLVM-21.1.0-win32.exe
404	146	374313757		https://sources.openwrt.org/LLVM-21.1.0-win64.exe
404	146	372255461		https://sources.openwrt.org/LLVM-21.1.0-woa64.exe
404	146	1856625220		https://sources.openwrt.org/LLVM-21.1.1-Linux-ARM64.tar.xz
404	146	2000559996		https://sources.openwrt.org/LLVM-21.1.1-Linux-X64.tar.xz
404	146	349735746		https://sources.openwrt.org/LLVM-21.1.1-win32.exe
404	146	374399611		https://sources.openwrt.org/LLVM-21.1.1-win64.exe
404	146	371557072		https://sources.openwrt.org/LLVM-21.1.1-woa64.exe
404	146	1856011124		https://sources.openwrt.org/LLVM-21.1.2-Linux-ARM64.tar.xz
404	146	1998692144		https://sources.openwrt.org/LLVM-21.1.2-Linux-X64.tar.xz
404	146	349561720		https://sources.openwrt.org/LLVM-21.1.2-win32.exe
404	146	374138528		https://sources.openwrt.org/LLVM-21.1.2-win64.exe
404	146	371402171		https://sources.openwrt.org/LLVM-21.1.2-woa64.exe
404	146	1857366532		https://sources.openwrt.org/LLVM-21.1.3-Linux-ARM64.tar.xz
404	146	1998512496		https://sources.openwrt.org/LLVM-21.1.3-Linux-X64.tar.xz
404	146	349560762		https://sources.openwrt.org/LLVM-21.1.3-win32.exe
404	146	374101891		https://sources.openwrt.org/LLVM-21.1.3-win64.exe
404	146	371385186		https://sources.openwrt.org/LLVM-21.1.3-woa64.exe
404	146	1857167760		https://sources.openwrt.org/LLVM-21.1.4-Linux-ARM64.tar.xz
404	146	1999459464		https://sources.openwrt.org/LLVM-21.1.4-Linux-X64.tar.xz
404	146	349556577		https://sources.openwrt.org/LLVM-21.1.4-win32.exe
404	146	374126146		https://sources.openwrt.org/LLVM-21.1.4-win64.exe
404	146	371425454		https://sources.openwrt.org/LLVM-21.1.4-woa64.exe
404	146	1857479224		https://sources.openwrt.org/LLVM-21.1.5-Linux-ARM64.tar.xz
404	146	1998745156		https://sources.openwrt.org/LLVM-21.1.5-Linux-X64.tar.xz
404	146	349580720		https://sources.openwrt.org/LLVM-21.1.5-win32.exe
404	146	374097337		https://sources.openwrt.org/LLVM-21.1.5-win64.exe
404	146	371397196		https://sources.openwrt.org/LLVM-21.1.5-woa64.exe
404	146	1873654724		https://sources.openwrt.org/LLVM-21.1.6-Linux-ARM64.tar.xz
404	146	2019275936		https://sources.openwrt.org/LLVM-21.1.6-Linux-X64.tar.xz
404	146	1503083780		https://sources.openwrt.org/LLVM-21.1.6-macOS-ARM64.tar.xz
404	146	349588264		https://sources.openwrt.org/LLVM-21.1.6-win32.exe
404	146	374122213		https://sources.openwrt.org/LLVM-21.1.6-win64.exe
404	146	371408723		https://sources.openwrt.org/LLVM-21.1.6-woa64.exe
404	146	1873933548		https://sources.openwrt.org/LLVM-21.1.7-Linux-ARM64.tar.xz
404	146	2019078704		https://sources.openwrt.org/LLVM-21.1.7-Linux-X64.tar.xz
404	146	349571057		https://sources.openwrt.org/LLVM-21.1.7-win32.exe
404	146	374149300		https://sources.openwrt.org/LLVM-21.1.7-win64.exe
404	146	371635958		https://sources.openwrt.org/LLVM-21.1.7-woa64.exe
404	146	1873847788		https://sources.openwrt.org/LLVM-21.1.8-Linux-ARM64.tar.xz
404	146	2019005384		https://sources.openwrt.org/LLVM-21.1.8-Linux-X64.tar.xz
404	146	1503047352		https://sources.openwrt.org/LLVM-21.1.8-macOS-ARM64.tar.xz
404	146	349589289		https://sources.openwrt.org/LLVM-21.1.8-win32.exe
404	146	374129373		https://sources.openwrt.org/LLVM-21.1.8-win64.exe
404	146	1770379352		https://sources.openwrt.org/LLVM-22.1.0-Linux-ARM64.tar.xz
404	146	1940274536		https://sources.openwrt.org/LLVM-22.1.0-Linux-X64.tar.xz
404	146	1479868048		https://sources.openwrt.org/LLVM-22.1.0-macOS-ARM64.tar.xz
404	146	455400404		https://sources.openwrt.org/LLVM-22.1.0-win64.exe
404	146	389055345		https://sources.openwrt.org/LLVM-22.1.0-woa64.exe
404	146	1770397820		https://sources.openwrt.org/LLVM-22.1.1-Linux-ARM64.tar.xz
404	146	1939554732		https://sources.openwrt.org/LLVM-22.1.1-Linux-X64.tar.xz
404	146	1479439200		https://sources.openwrt.org/LLVM-22.1.1-macOS-ARM64.tar.xz
404	146	455541574		https://sources.openwrt.org/LLVM-22.1.1-win64.exe
404	146	389101034		https://sources.openwrt.org/LLVM-22.1.1-woa64.exe
404	146	1770442424		https://sources.openwrt.org/LLVM-22.1.2-Linux-ARM64.tar.xz
404	146	1939541864		https://sources.openwrt.org/LLVM-22.1.2-Linux-X64.tar.xz
404	146	1479868856		https://sources.openwrt.org/LLVM-22.1.2-macOS-ARM64.tar.xz
404	146	455386487		https://sources.openwrt.org/LLVM-22.1.2-win64.exe
404	146	389106972		https://sources.openwrt.org/LLVM-22.1.2-woa64.exe
404	146	1770103808		https://sources.openwrt.org/LLVM-22.1.3-Linux-ARM64.tar.xz
404	146	1939973900		https://sources.openwrt.org/LLVM-22.1.3-Linux-X64.tar.xz
404	146	1479770052		https://sources.openwrt.org/LLVM-22.1.3-macOS-ARM64.tar.xz
404	146	455493480		https://sources.openwrt.org/LLVM-22.1.3-win64.exe
404	146	389075425		https://sources.openwrt.org/LLVM-22.1.3-woa64.exe
404	146	1770201968		https://sources.openwrt.org/LLVM-22.1.4-Linux-ARM64.tar.xz
404	146	1940320696		https://sources.openwrt.org/LLVM-22.1.4-Linux-X64.tar.xz
404	146	1479591048		https://sources.openwrt.org/LLVM-22.1.4-macOS-ARM64.tar.xz
404	146	455355618		https://sources.openwrt.org/LLVM-22.1.4-win64.exe
404	146	389104248		https://sources.openwrt.org/LLVM-22.1.4-woa64.exe
404	146	1771090080		https://sources.openwrt.org/LLVM-22.1.5-Linux-ARM64.tar.xz
404	146	1936859520		https://sources.openwrt.org/LLVM-22.1.5-Linux-X64.tar.xz
404	146	1479806544		https://sources.openwrt.org/LLVM-22.1.5-macOS-ARM64.tar.xz
404	146	455552735		https://sources.openwrt.org/LLVM-22.1.5-win64.exe
404	146	389140494		https://sources.openwrt.org/LLVM-22.1.5-woa64.exe
404	146	1770949840		https://sources.openwrt.org/LLVM-22.1.6-Linux-ARM64.tar.xz
404	146	1937446204		https://sources.openwrt.org/LLVM-22.1.6-Linux-X64.tar.xz
404	146	1480006836		https://sources.openwrt.org/LLVM-22.1.6-macOS-ARM64.tar.xz
404	146	455383001		https://sources.openwrt.org/LLVM-22.1.6-win64.exe
404	146	389180067		https://sources.openwrt.org/LLVM-22.1.6-woa64.exe
404	146	1770309908		https://sources.openwrt.org/LLVM-22.1.7-Linux-ARM64.tar.xz
404	146	1938496864		https://sources.openwrt.org/LLVM-22.1.7-Linux-X64.tar.xz
404	146	1479825388		https://sources.openwrt.org/LLVM-22.1.7-macOS-ARM64.tar.xz
404	146	455582838		https://sources.openwrt.org/LLVM-22.1.7-win64.exe
404	146	389160868		https://sources.openwrt.org/LLVM-22.1.7-woa64.exe
404	146	1771004928		https://sources.openwrt.org/LLVM-22.1.8-Linux-ARM64.tar.xz
404	146	1938859476		https://sources.openwrt.org/LLVM-22.1.8-Linux-X64.tar.xz
404	146	1479903744		https://sources.openwrt.org/LLVM-22.1.8-macOS-ARM64.tar.xz
404	146	455545840		https://sources.openwrt.org/LLVM-22.1.8-win64.exe
404	146	389159445		https://sources.openwrt.org/LLVM-22.1.8-woa64.exe
404	146	1828948604		https://sources.openwrt.org/LLVM-23.1.0-Linux-ARM64.tar.xz
404	146	2014511320		https://sources.openwrt.org/LLVM-23.1.0-Linux-X64.tar.xz
404	146	390480336		https://sources.openwrt.org/clang%2Bllvm-10.0.0-aarch64-linux-gnu.tar.xz
404	146	419035120		https://sources.openwrt.org/clang%2Bllvm-10.0.0-armv7a-linux-gnueabihf.tar.xz
404	146	443538244		https://sources.openwrt.org/clang%2Bllvm-10.0.0-powerpc64le-linux-rhel-7.4.tar.xz
404	146	442413316		https://sources.openwrt.org/clang%2Bllvm-10.0.0-powerpc64le-linux-ubuntu-16.04.tar.xz
404	146	444821008		https://sources.openwrt.org/clang%2Bllvm-10.0.0-x86_64-apple-darwin.tar.xz
404	146	433701532		https://sources.openwrt.org/clang%2Bllvm-10.0.0-x86_64-linux-gnu-ubuntu-18.04.tar.xz
404	146	453189004		https://sources.openwrt.org/clang%2Bllvm-10.0.0-x86_64-linux-sles11.3.tar.xz
404	146	390878232		https://sources.openwrt.org/clang%2Bllvm-10.0.1-aarch64-linux-gnu.tar.xz
404	146	420166488		https://sources.openwrt.org/clang%2Bllvm-10.0.1-armv7a-linux-gnueabihf.tar.xz
404	146	444040284		https://sources.openwrt.org/clang%2Bllvm-10.0.1-powerpc64le-linux-rhel-7.4.tar.xz
404	146	380908816		https://sources.openwrt.org/clang%2Bllvm-10.0.1-x86_64-linux-gnu-ubuntu-16.04.tar.xz
404	146	291431288		https://sources.openwrt.org/clang%2Bllvm-10.0.1-x86_64-linux-sles12.4.tar.xz
404	146	335725308		https://sources.openwrt.org/clang%2Bllvm-11.0.0-aarch64-linux-gnu.tar.xz
404	146	321810360		https://sources.openwrt.org/clang%2Bllvm-11.0.0-armv7a-linux-gnueabihf.tar.xz
404	146	331870612		https://sources.openwrt.org/clang%2Bllvm-11.0.0-powerpc64le-linux-rhel-7.4.tar.xz
404	146	385514328		https://sources.openwrt.org/clang%2Bllvm-11.0.0-powerpc64le-linux-ubuntu-16.04.tar.xz
404	146	387917860		https://sources.openwrt.org/clang%2Bllvm-11.0.0-x86_64-linux-gnu-ubuntu-20.04.tar.xz
404	146	335674264		https://sources.openwrt.org/clang%2Bllvm-11.0.0-x86_64-linux-sles12.4.tar.xz
404	146	331696616		https://sources.openwrt.org/clang%2Bllvm-11.0.1-aarch64-linux-gnu.tar.xz
404	146	321793496		https://sources.openwrt.org/clang%2Bllvm-11.0.1-armv7a-linux-gnueabihf.tar.xz
404	146	318769032		https://sources.openwrt.org/clang%2Bllvm-11.0.1-powerpc64le-linux-rhel-7.4.tar.xz
404	146	316673324		https://sources.openwrt.org/clang%2Bllvm-11.0.1-powerpc64le-linux-ubuntu-18.04.tar.xz
404	146	418790120		https://sources.openwrt.org/clang%2Bllvm-11.0.1-x86_64-linux-gnu-ubuntu-16.04.tar.xz
404	146	383253860		https://sources.openwrt.org/clang%2Bllvm-11.0.1-x86_64-linux-gnu-ubuntu-20.10.tar.xz
404	146	335692656		https://sources.openwrt.org/clang%2Bllvm-11.0.1-x86_64-linux-sles12.4.tar.xz
404	146	321820460		https://sources.openwrt.org/clang%2Bllvm-11.1.0-armv7a-linux-gnueabihf.tar.xz
404	146	331941016		https://sources.openwrt.org/clang%2Bllvm-11.1.0-powerpc64le-linux-rhel-7.4.tar.xz
404	146	437241400		https://sources.openwrt.org/clang%2Bllvm-11.1.0-x86_64-linux-gnu-ubuntu-16.04.tar.xz
404	146	383061212		https://sources.openwrt.org/clang%2Bllvm-12.0.0-aarch64-linux-gnu.tar.xz
404	146	353856820		https://sources.openwrt.org/clang%2Bllvm-12.0.0-armv7a-linux-gnueabihf.tar.xz
404	146	399509508		https://sources.openwrt.org/clang%2Bllvm-12.0.0-powerpc64le-linux-rhel-7.9.tar.xz
404	146	382343176		https://sources.openwrt.org/clang%2Bllvm-12.0.0-powerpc64le-linux-ubuntu-18.04.tar.xz
404	146	417112900		https://sources.openwrt.org/clang%2Bllvm-12.0.0-x86_64-apple-darwin.tar.xz
404	146	455960432		https://sources.openwrt.org/clang%2Bllvm-12.0.0-x86_64-linux-gnu-ubuntu-16.04.tar.xz
404	146	453059268		https://sources.openwrt.org/clang%2Bllvm-12.0.0-x86_64-linux-gnu-ubuntu-20.04.tar.xz
404	146	370821408		https://sources.openwrt.org/clang%2Bllvm-12.0.0-x86_64-linux-sles12.4.tar.xz
404	146	559295780		https://sources.openwrt.org/clang%2Bllvm-12.0.1-powerpc64le-linux-rhel-7.9.tar.xz
404	146	382545440		https://sources.openwrt.org/clang%2Bllvm-12.0.1-powerpc64le-linux-ubuntu-18.04.tar.xz
404	146	513688044		https://sources.openwrt.org/clang%2Bllvm-13.0.0-aarch64-linux-gnu.tar.xz
404	146	454666888		https://sources.openwrt.org/clang%2Bllvm-13.0.0-armv7a-linux-gnueabihf.tar.xz
404	146	518010392		https://sources.openwrt.org/clang%2Bllvm-13.0.0-powerpc64le-linux-rhel-7.9.tar.xz
404	146	499547616		https://sources.openwrt.org/clang%2Bllvm-13.0.0-powerpc64le-linux-ubuntu-18.04.tar.xz
404	146	511338052		https://sources.openwrt.org/clang%2Bllvm-13.0.0-x86_64-apple-darwin.tar.xz
404	146	509663904		https://sources.openwrt.org/clang%2Bllvm-13.0.0-x86_64-linux-gnu-ubuntu-16.04.tar.xz
404	146	546018360		https://sources.openwrt.org/clang%2Bllvm-13.0.0-x86_64-linux-gnu-ubuntu-20.04.tar.xz
404	146	513352520		https://sources.openwrt.org/clang%2Bllvm-13.0.1-aarch64-linux-gnu.tar.xz
404	146	470686828		https://sources.openwrt.org/clang%2Bllvm-13.0.1-armv7a-linux-gnueabihf.tar.xz
404	146	518120636		https://sources.openwrt.org/clang%2Bllvm-13.0.1-powerpc64le-linux-rhel-7.9.tar.xz
404	146	499268448		https://sources.openwrt.org/clang%2Bllvm-13.0.1-powerpc64le-linux-ubuntu-18.04.5.tar.xz
404	146	511364108		https://sources.openwrt.org/clang%2Bllvm-13.0.1-x86_64-apple-darwin.tar.xz
404	146	506421856		https://sources.openwrt.org/clang%2Bllvm-13.0.1-x86_64-linux-gnu-ubuntu-18.04.tar.xz
404	146	587617004		https://sources.openwrt.org/clang%2Bllvm-14.0.0-aarch64-linux-gnu.tar.xz
404	146	530704624		https://sources.openwrt.org/clang%2Bllvm-14.0.0-armv7a-linux-gnueabihf.tar.xz
404	146	590595560		https://sources.openwrt.org/clang%2Bllvm-14.0.0-powerpc64le-linux-rhel-7.9.tar.xz
404	146	586478324		https://sources.openwrt.org/clang%2Bllvm-14.0.0-powerpc64le-linux-ubuntu-18.04.tar.xz
404	146	585912216		https://sources.openwrt.org/clang%2Bllvm-14.0.0-x86_64-apple-darwin.tar.xz
404	146	603776352		https://sources.openwrt.org/clang%2Bllvm-14.0.0-x86_64-linux-gnu-ubuntu-18.04.tar.xz
404	146	559938492		https://sources.openwrt.org/clang%2Bllvm-14.0.0-x86_64-linux-sles12.4.tar.xz
404	146	586930664		https://sources.openwrt.org/clang%2Bllvm-14.0.1-aarch64-linux-gnu.tar.xz
404	146	530222904		https://sources.openwrt.org/clang%2Bllvm-14.0.1-armv7a-linux-gnueabihf.tar.xz
404	146	568901648		https://sources.openwrt.org/clang%2Bllvm-14.0.1-powerpc64le-linux-rhel-8.4.tar.xz
404	146	586536072		https://sources.openwrt.org/clang%2Bllvm-14.0.1-powerpc64le-linux-ubuntu-18.04.tar.xz
404	146	585938372		https://sources.openwrt.org/clang%2Bllvm-14.0.1-x86_64-apple-darwin.tar.xz
404	146	587180152		https://sources.openwrt.org/clang%2Bllvm-14.0.2-aarch64-linux-gnu.tar.xz
404	146	585840704		https://sources.openwrt.org/clang%2Bllvm-14.0.2-x86_64-apple-darwin.tar.xz
404	146	587346064		https://sources.openwrt.org/clang%2Bllvm-14.0.3-aarch64-linux-gnu.tar.xz
404	146	528832840		https://sources.openwrt.org/clang%2Bllvm-14.0.3-armv7a-linux-gnueabihf.tar.xz
404	146	569052244		https://sources.openwrt.org/clang%2Bllvm-14.0.3-powerpc64le-linux-rhel-8.4.tar.xz
404	146	586589944		https://sources.openwrt.org/clang%2Bllvm-14.0.3-powerpc64le-linux-ubuntu-18.04.tar.xz
404	146	585864300		https://sources.openwrt.org/clang%2Bllvm-14.0.3-x86_64-apple-darwin.tar.xz
404	146	587298680		https://sources.openwrt.org/clang%2Bllvm-14.0.4-aarch64-linux-gnu.tar.xz
404	146	510879912		https://sources.openwrt.org/clang%2Bllvm-14.0.4-armv7a-linux-gnueabihf.tar.xz
404	146	569158624		https://sources.openwrt.org/clang%2Bllvm-14.0.4-powerpc64le-linux-rhel-8.4.tar.xz
404	146	586789272		https://sources.openwrt.org/clang%2Bllvm-14.0.4-powerpc64le-linux-ubuntu-18.04.5.tar.xz
404	146	586039412		https://sources.openwrt.org/clang%2Bllvm-14.0.4-x86_64-apple-darwin.tar.xz
404	146	586845316		https://sources.openwrt.org/clang%2Bllvm-14.0.5-aarch64-linux-gnu.tar.xz
404	146	511193884		https://sources.openwrt.org/clang%2Bllvm-14.0.5-armv7a-linux-gnueabihf.tar.xz
404	146	569057008		https://sources.openwrt.org/clang%2Bllvm-14.0.5-powerpc64le-linux-rhel-8.4.tar.xz
404	146	586739396		https://sources.openwrt.org/clang%2Bllvm-14.0.5-powerpc64le-linux-ubuntu-18.04.5.tar.xz
404	146	585962164		https://sources.openwrt.org/clang%2Bllvm-14.0.5-x86_64-apple-darwin.tar.xz
404	146	559171976		https://sources.openwrt.org/clang%2Bllvm-14.0.6-arm64-apple-darwin22.3.0.tar.xz
404	146	530914256		https://sources.openwrt.org/clang%2Bllvm-14.0.6-armv7a-linux-gnueabihf.tar.xz
404	146	569091596		https://sources.openwrt.org/clang%2Bllvm-14.0.6-powerpc64le-linux-rhel-8.4.tar.xz
404	146	602076988		https://sources.openwrt.org/clang%2Bllvm-14.0.6-x86_64-linux-gnu-rhel-8.4.tar.xz
404	146	748573260		https://sources.openwrt.org/clang%2Bllvm-15.0.0-aarch64-linux-gnu.tar.xz
404	146	629966472		https://sources.openwrt.org/clang%2Bllvm-15.0.0-arm64-apple-darwin21.0.tar.xz
404	146	595663996		https://sources.openwrt.org/clang%2Bllvm-15.0.0-armv7a-linux-gnueabihf.tar.xz
404	146	687189908		https://sources.openwrt.org/clang%2Bllvm-15.0.0-powerpc64le-linux-rhel-8.4.tar.xz
404	146	708891152		https://sources.openwrt.org/clang%2Bllvm-15.0.0-powerpc64le-linux-ubuntu-18.04.6.tar.xz
404	146	661237988		https://sources.openwrt.org/clang%2Bllvm-15.0.0-x86_64-apple-darwin.tar.xz
404	146	724366380		https://sources.openwrt.org/clang%2Bllvm-15.0.0-x86_64-linux-gnu-rhel-8.4.tar.xz
404	146	748270980		https://sources.openwrt.org/clang%2Bllvm-15.0.1-aarch64-linux-gnu.tar.xz
404	146	630802720		https://sources.openwrt.org/clang%2Bllvm-15.0.1-arm64-apple-darwin21.0.tar.xz
404	146	595593640		https://sources.openwrt.org/clang%2Bllvm-15.0.1-armv7a-linux-gnueabihf.tar.xz
404	146	687326280		https://sources.openwrt.org/clang%2Bllvm-15.0.1-powerpc64le-linux-rhel-8.4.tar.xz
404	146	708868168		https://sources.openwrt.org/clang%2Bllvm-15.0.1-powerpc64le-linux-ubuntu-18.04.5.tar.xz
404	146	661325320		https://sources.openwrt.org/clang%2Bllvm-15.0.1-x86_64-apple-darwin.tar.xz
404	146	748711248		https://sources.openwrt.org/clang%2Bllvm-15.0.2-aarch64-linux-gnu.tar.xz
404	146	632423980		https://sources.openwrt.org/clang%2Bllvm-15.0.2-arm64-apple-darwin21.0.tar.xz
404	146	687196448		https://sources.openwrt.org/clang%2Bllvm-15.0.2-powerpc64le-linux-rhel-8.4.tar.xz
404	146	708932404		https://sources.openwrt.org/clang%2Bllvm-15.0.2-powerpc64le-linux-ubuntu-18.04.5.tar.xz
404	146	709792404		https://sources.openwrt.org/clang%2Bllvm-15.0.2-x86_64-apple-darwin.tar.xz
404	146	724793296		https://sources.openwrt.org/clang%2Bllvm-15.0.2-x86_64-unknown-linux-gnu-rhel86.tar.xz
404	146	724780172		https://sources.openwrt.org/clang%2Bllvm-15.0.2-x86_64-unknown-linux-gnu-sles15.tar.xz
404	146	747761644		https://sources.openwrt.org/clang%2Bllvm-15.0.3-aarch64-linux-gnu.tar.xz
404	146	631945684		https://sources.openwrt.org/clang%2Bllvm-15.0.3-arm64-apple-darwin21.0.tar.xz
404	146	574332240		https://sources.openwrt.org/clang%2Bllvm-15.0.3-armv7a-linux-gnueabihf.tar.xz
404	146	687154796		https://sources.openwrt.org/clang%2Bllvm-15.0.3-powerpc64le-linux-rhel-8.4.tar.xz
404	146	709003684		https://sources.openwrt.org/clang%2Bllvm-15.0.3-powerpc64le-linux-ubuntu-18.04.5.tar.xz
404	146	709200364		https://sources.openwrt.org/clang%2Bllvm-15.0.3-x86_64-apple-darwin.tar.xz
404	146	631478892		https://sources.openwrt.org/clang%2Bllvm-15.0.4-arm64-apple-darwin21.0.tar.xz
404	146	687263212		https://sources.openwrt.org/clang%2Bllvm-15.0.4-powerpc64le-linux-rhel-8.4.tar.xz
404	146	708824932		https://sources.openwrt.org/clang%2Bllvm-15.0.4-powerpc64le-linux-ubuntu-18.04.5.tar.xz
404	146	708956596		https://sources.openwrt.org/clang%2Bllvm-15.0.4-x86_64-apple-darwin.tar.xz
404	146	724464948		https://sources.openwrt.org/clang%2Bllvm-15.0.4-x86_64-linux-gnu-rhel-8.4.tar.xz
404	146	632352196		https://sources.openwrt.org/clang%2Bllvm-15.0.5-arm64-apple-darwin21.0.tar.xz
404	146	687386164		https://sources.openwrt.org/clang%2Bllvm-15.0.5-powerpc64le-linux-rhel-8.4.tar.xz
404	146	709116064		https://sources.openwrt.org/clang%2Bllvm-15.0.5-powerpc64le-linux-ubuntu-18.04.5.tar.xz
404	146	817119512		https://sources.openwrt.org/clang%2Bllvm-15.0.5-x86_64-linux-gnu-ubuntu-18.04.tar.xz
404	146	645608420		https://sources.openwrt.org/clang%2Bllvm-15.0.6-arm64-apple-darwin21.0.tar.xz
404	146	571210760		https://sources.openwrt.org/clang%2Bllvm-15.0.6-armv7a-linux-gnueabihf.tar.xz
404	146	687394356		https://sources.openwrt.org/clang%2Bllvm-15.0.6-powerpc64le-linux-rhel-8.4.tar.xz
404	146	708871672		https://sources.openwrt.org/clang%2Bllvm-15.0.6-powerpc64le-linux-ubuntu-18.04.tar.xz
404	146	644285196		https://sources.openwrt.org/clang%2Bllvm-15.0.7-arm64-apple-darwin22.0.tar.xz
404	146	687350128		https://sources.openwrt.org/clang%2Bllvm-15.0.7-powerpc64le-linux-rhel-8.4.tar.xz
404	146	708861076		https://sources.openwrt.org/clang%2Bllvm-15.0.7-powerpc64le-linux-ubuntu-18.04.tar.xz
404	146	728344840		https://sources.openwrt.org/clang%2Bllvm-15.0.7-x86_64-apple-darwin21.0.tar.xz
404	146	914432580		https://sources.openwrt.org/clang%2Bllvm-16.0.0-aarch64-linux-gnu.tar.xz
404	146	741899384		https://sources.openwrt.org/clang%2Bllvm-16.0.0-arm64-apple-darwin22.0.tar.xz
404	146	784692136		https://sources.openwrt.org/clang%2Bllvm-16.0.0-powerpc64le-linux-rhel-8.4.tar.xz
404	146	822224960		https://sources.openwrt.org/clang%2Bllvm-16.0.0-powerpc64le-linux-ubuntu-18.04.tar.xz
404	146	966785280		https://sources.openwrt.org/clang%2Bllvm-16.0.0-x86_64-linux-gnu-ubuntu-18.04.tar.xz
404	146	913472480		https://sources.openwrt.org/clang%2Bllvm-16.0.1-aarch64-linux-gnu.tar.xz
404	146	741591208		https://sources.openwrt.org/clang%2Bllvm-16.0.1-arm64-apple-darwin22.0.tar.xz
404	146	785232820		https://sources.openwrt.org/clang%2Bllvm-16.0.1-powerpc64le-linux-rhel-8.4.tar.xz
404	146	820809296		https://sources.openwrt.org/clang%2Bllvm-16.0.1-powerpc64le-linux-ubuntu-20.04.tar.xz
404	146	911693584		https://sources.openwrt.org/clang%2Bllvm-16.0.2-aarch64-linux-gnu.tar.xz
404	146	740607792		https://sources.openwrt.org/clang%2Bllvm-16.0.2-arm64-apple-darwin22.0.tar.xz
404	146	785169928		https://sources.openwrt.org/clang%2Bllvm-16.0.2-powerpc64le-linux-rhel-8.4.tar.xz
404	146	964328044		https://sources.openwrt.org/clang%2Bllvm-16.0.2-x86_64-linux-gnu-ubuntu-22.04.tar.xz
404	146	913366348		https://sources.openwrt.org/clang%2Bllvm-16.0.3-aarch64-linux-gnu.tar.xz
404	146	741099100		https://sources.openwrt.org/clang%2Bllvm-16.0.3-arm64-apple-darwin22.0.tar.xz
404	146	823401360		https://sources.openwrt.org/clang%2Bllvm-16.0.3-powerpc64le-linux-rhel-8.4.tar.xz
404	146	961338848		https://sources.openwrt.org/clang%2Bllvm-16.0.3-x86_64-linux-gnu-ubuntu-22.04.tar.xz
404	146	913499848		https://sources.openwrt.org/clang%2Bllvm-16.0.4-aarch64-linux-gnu.tar.xz
404	146	740049796		https://sources.openwrt.org/clang%2Bllvm-16.0.4-arm64-apple-darwin22.0.tar.xz
404	146	823500808		https://sources.openwrt.org/clang%2Bllvm-16.0.4-powerpc64le-linux-rhel-8.4.tar.xz
404	146	913684800		https://sources.openwrt.org/clang%2Bllvm-16.0.5-aarch64-linux-gnu.tar.xz
404	146	740414000		https://sources.openwrt.org/clang%2Bllvm-16.0.5-arm64-apple-darwin22.0.tar.xz
404	146	824157584		https://sources.openwrt.org/clang%2Bllvm-16.0.5-powerpc64le-linux-rhel-8.7.tar.xz
404	146	913706844		https://sources.openwrt.org/clang%2Bllvm-16.0.6-aarch64-linux-gnu.tar.xz
404	146	824145068		https://sources.openwrt.org/clang%2Bllvm-16.0.6-powerpc64le-linux-rhel-8.7.tar.xz
404	146	960688884		https://sources.openwrt.org/clang%2Bllvm-17.0.1-aarch64-linux-gnu.tar.xz
404	146	803708084		https://sources.openwrt.org/clang%2Bllvm-17.0.1-arm64-apple-darwin22.0.tar.xz
404	146	1332302859		https://sources.openwrt.org/clang%2Bllvm-17.0.1-armv7a-linux-gnueabihf.tar.gz
404	146	857002008		https://sources.openwrt.org/clang%2Bllvm-17.0.1-powerpc64le-linux-rhel-8.8.tar.xz
404	146	959910628		https://sources.openwrt.org/clang%2Bllvm-17.0.2-aarch64-linux-gnu.tar.xz
404	146	803457216		https://sources.openwrt.org/clang%2Bllvm-17.0.2-arm64-apple-darwin22.0.tar.xz
404	146	1332322990		https://sources.openwrt.org/clang%2Bllvm-17.0.2-armv7a-linux-gnueabihf.tar.gz
404	146	857014864		https://sources.openwrt.org/clang%2Bllvm-17.0.2-powerpc64le-linux-rhel-8.8.tar.xz
404	146	999075212		https://sources.openwrt.org/clang%2Bllvm-17.0.2-x86_64-linux-gnu-ubuntu-22.04.tar.xz
404	146	960493348		https://sources.openwrt.org/clang%2Bllvm-17.0.3-aarch64-linux-gnu.tar.xz
404	146	803440504		https://sources.openwrt.org/clang%2Bllvm-17.0.3-arm64-apple-darwin22.0.tar.xz
404	146	1332335880		https://sources.openwrt.org/clang%2Bllvm-17.0.3-armv7a-linux-gnueabihf.tar.gz
404	146	856960740		https://sources.openwrt.org/clang%2Bllvm-17.0.3-powerpc64le-linux-rhel-8.8.tar.xz
404	146	961043032		https://sources.openwrt.org/clang%2Bllvm-17.0.4-aarch64-linux-gnu.tar.xz
404	146	804312212		https://sources.openwrt.org/clang%2Bllvm-17.0.4-arm64-apple-darwin22.0.tar.xz
404	146	1332375963		https://sources.openwrt.org/clang%2Bllvm-17.0.4-armv7a-linux-gnueabihf.tar.gz
404	146	856918720		https://sources.openwrt.org/clang%2Bllvm-17.0.4-powerpc64le-linux-rhel-8.8.tar.xz
404	146	1000807336		https://sources.openwrt.org/clang%2Bllvm-17.0.4-x86_64-linux-gnu-ubuntu-22.04.tar.xz
404	146	960782748		https://sources.openwrt.org/clang%2Bllvm-17.0.5-aarch64-linux-gnu.tar.xz
404	146	803546512		https://sources.openwrt.org/clang%2Bllvm-17.0.5-arm64-apple-darwin22.0.tar.xz
404	146	1332410802		https://sources.openwrt.org/clang%2Bllvm-17.0.5-armv7a-linux-gnueabihf.tar.gz
404	146	856823948		https://sources.openwrt.org/clang%2Bllvm-17.0.5-powerpc64le-linux-rhel-8.8.tar.xz
404	146	1005608540		https://sources.openwrt.org/clang%2Bllvm-17.0.5-x86_64-linux-gnu-ubuntu-22.04.tar.xz
404	146	962230808		https://sources.openwrt.org/clang%2Bllvm-17.0.6-aarch64-linux-gnu.tar.xz
404	146	804335844		https://sources.openwrt.org/clang%2Bllvm-17.0.6-arm64-apple-darwin22.0.tar.xz
404	146	1332555760		https://sources.openwrt.org/clang%2Bllvm-17.0.6-armv7a-linux-gnueabihf.tar.gz
404	146	857075508		https://sources.openwrt.org/clang%2Bllvm-17.0.6-powerpc64le-linux-rhel-8.8.tar.xz
404	146	1053289152		https://sources.openwrt.org/clang%2Bllvm-18.1.0-aarch64-linux-gnu.tar.xz
404	146	1412890153		https://sources.openwrt.org/clang%2Bllvm-18.1.0-armv7a-linux-gnueabihf.tar.gz
404	146	949658256		https://sources.openwrt.org/clang%2Bllvm-18.1.0-powerpc64le-linux-rhel-8.8.tar.xz
404	146	981808392		https://sources.openwrt.org/clang%2Bllvm-18.1.0-x86_64-pc-windows-msvc.tar.xz
404	146	1052288948		https://sources.openwrt.org/clang%2Bllvm-18.1.1-aarch64-linux-gnu.tar.xz
404	146	1412928913		https://sources.openwrt.org/clang%2Bllvm-18.1.1-armv7a-linux-gnueabihf.tar.gz
404	146	949695440		https://sources.openwrt.org/clang%2Bllvm-18.1.1-powerpc64le-linux-rhel-8.8.tar.xz
404	146	981874332		https://sources.openwrt.org/clang%2Bllvm-18.1.1-x86_64-pc-windows-msvc.tar.xz
404	146	1051341668		https://sources.openwrt.org/clang%2Bllvm-18.1.2-aarch64-linux-gnu.tar.xz
404	146	1412982422		https://sources.openwrt.org/clang%2Bllvm-18.1.2-armv7a-linux-gnueabihf.tar.gz
404	146	949687000		https://sources.openwrt.org/clang%2Bllvm-18.1.2-powerpc64le-linux-rhel-8.8.tar.xz
404	146	981746032		https://sources.openwrt.org/clang%2Bllvm-18.1.2-x86_64-pc-windows-msvc.tar.xz
404	146	1050772468		https://sources.openwrt.org/clang%2Bllvm-18.1.3-aarch64-linux-gnu.tar.xz
404	146	1413100131		https://sources.openwrt.org/clang%2Bllvm-18.1.3-armv7a-linux-gnueabihf.tar.gz
404	146	949628508		https://sources.openwrt.org/clang%2Bllvm-18.1.3-powerpc64le-linux-rhel-8.8.tar.xz
404	146	1051373564		https://sources.openwrt.org/clang%2Bllvm-18.1.4-aarch64-linux-gnu.tar.xz
404	146	1413058380		https://sources.openwrt.org/clang%2Bllvm-18.1.4-armv7a-linux-gnueabihf.tar.gz
404	146	949551296		https://sources.openwrt.org/clang%2Bllvm-18.1.4-powerpc64le-linux-rhel-8.8.tar.xz
404	146	1119638268		https://sources.openwrt.org/clang%2Bllvm-18.1.4-x86_64-linux-gnu-ubuntu-18.04.tar.xz
404	146	982060244		https://sources.openwrt.org/clang%2Bllvm-18.1.4-x86_64-pc-windows-msvc.tar.xz
404	146	1051352352		https://sources.openwrt.org/clang%2Bllvm-18.1.5-aarch64-linux-gnu.tar.xz
404	146	1413088672		https://sources.openwrt.org/clang%2Bllvm-18.1.5-armv7a-linux-gnueabihf.tar.gz
404	146	949685388		https://sources.openwrt.org/clang%2Bllvm-18.1.5-powerpc64le-linux-rhel-8.8.tar.xz
404	146	981595068		https://sources.openwrt.org/clang%2Bllvm-18.1.5-x86_64-pc-windows-msvc.tar.xz
404	146	1051317828		https://sources.openwrt.org/clang%2Bllvm-18.1.6-aarch64-linux-gnu.tar.xz
404	146	1413094351		https://sources.openwrt.org/clang%2Bllvm-18.1.6-armv7a-linux-gnueabihf.tar.gz
404	146	949526512		https://sources.openwrt.org/clang%2Bllvm-18.1.6-powerpc64le-linux-rhel-8.8.tar.xz
404	146	981522908		https://sources.openwrt.org/clang%2Bllvm-18.1.6-x86_64-pc-windows-msvc.tar.xz
404	146	1052720704		https://sources.openwrt.org/clang%2Bllvm-18.1.7-aarch64-linux-gnu.tar.xz
404	146	1413095090		https://sources.openwrt.org/clang%2Bllvm-18.1.7-armv7a-linux-gnueabihf.tar.gz
404	146	922608196		https://sources.openwrt.org/clang%2Bllvm-18.1.7-powerpc64le-linux-rhel-8.8.tar.xz
404	146	967787124		https://sources.openwrt.org/clang%2Bllvm-18.1.7-x86_64-linux-gnu-ubuntu-18.04.tar.xz
404	146	981675624		https://sources.openwrt.org/clang%2Bllvm-18.1.7-x86_64-pc-windows-msvc.tar.xz
404	146	1051625508		https://sources.openwrt.org/clang%2Bllvm-18.1.8-aarch64-linux-gnu.tar.xz
404	146	1413107159		https://sources.openwrt.org/clang%2Bllvm-18.1.8-armv7a-linux-gnueabihf.tar.gz
404	146	922334644		https://sources.openwrt.org/clang%2Bllvm-18.1.8-powerpc64le-linux-rhel-8.8.tar.xz
404	146	1044930068		https://sources.openwrt.org/clang%2Bllvm-18.1.8-x86_64-linux-gnu-ubuntu-18.04.tar.xz
404	146	981666720		https://sources.openwrt.org/clang%2Bllvm-18.1.8-x86_64-pc-windows-msvc.tar.xz
404	146	1132742916		https://sources.openwrt.org/clang%2Bllvm-19.1.0-aarch64-linux-gnu.tar.xz
404	146	1555836609		https://sources.openwrt.org/clang%2Bllvm-19.1.0-armv7a-linux-gnueabihf.tar.gz
404	146	844572776		https://sources.openwrt.org/clang%2Bllvm-19.1.0-x86_64-pc-windows-msvc.tar.xz
404	146	1132646792		https://sources.openwrt.org/clang%2Bllvm-19.1.1-aarch64-linux-gnu.tar.xz
404	146	1555945144		https://sources.openwrt.org/clang%2Bllvm-19.1.1-armv7a-linux-gnueabihf.tar.gz
404	146	844457100		https://sources.openwrt.org/clang%2Bllvm-19.1.1-x86_64-pc-windows-msvc.tar.xz
404	146	1132364948		https://sources.openwrt.org/clang%2Bllvm-19.1.2-aarch64-linux-gnu.tar.xz
404	146	1555986029		https://sources.openwrt.org/clang%2Bllvm-19.1.2-armv7a-linux-gnueabihf.tar.gz
404	146	844365120		https://sources.openwrt.org/clang%2Bllvm-19.1.2-x86_64-pc-windows-msvc.tar.xz
404	146	1131513536		https://sources.openwrt.org/clang%2Bllvm-19.1.3-aarch64-linux-gnu.tar.xz
404	146	1556112032		https://sources.openwrt.org/clang%2Bllvm-19.1.3-armv7a-linux-gnueabihf.tar.gz
404	146	845352968		https://sources.openwrt.org/clang%2Bllvm-19.1.3-x86_64-pc-windows-msvc.tar.xz
404	146	1132544324		https://sources.openwrt.org/clang%2Bllvm-19.1.4-aarch64-linux-gnu.tar.xz
404	146	1556139317		https://sources.openwrt.org/clang%2Bllvm-19.1.4-armv7a-linux-gnueabihf.tar.gz
404	146	845322620		https://sources.openwrt.org/clang%2Bllvm-19.1.4-x86_64-pc-windows-msvc.tar.xz
404	146	1132333340		https://sources.openwrt.org/clang%2Bllvm-19.1.5-aarch64-linux-gnu.tar.xz
404	146	1556151551		https://sources.openwrt.org/clang%2Bllvm-19.1.5-armv7a-linux-gnueabihf.tar.gz
404	146	845193092		https://sources.openwrt.org/clang%2Bllvm-19.1.5-x86_64-pc-windows-msvc.tar.xz
404	146	1131039752		https://sources.openwrt.org/clang%2Bllvm-19.1.6-aarch64-linux-gnu.tar.xz
404	146	1556096287		https://sources.openwrt.org/clang%2Bllvm-19.1.6-armv7a-linux-gnueabihf.tar.gz
404	146	845263196		https://sources.openwrt.org/clang%2Bllvm-19.1.6-x86_64-pc-windows-msvc.tar.xz
404	146	1131066132		https://sources.openwrt.org/clang%2Bllvm-19.1.7-aarch64-linux-gnu.tar.xz
404	146	1556120340		https://sources.openwrt.org/clang%2Bllvm-19.1.7-armv7a-linux-gnueabihf.tar.gz
404	146	845236708		https://sources.openwrt.org/clang%2Bllvm-19.1.7-x86_64-pc-windows-msvc.tar.xz
404	146	1602482671		https://sources.openwrt.org/clang%2Bllvm-20.1.0-armv7a-linux-gnueabihf.tar.gz
404	146	939145596		https://sources.openwrt.org/clang%2Bllvm-20.1.0-x86_64-pc-windows-msvc.tar.xz
404	146	1602565262		https://sources.openwrt.org/clang%2Bllvm-20.1.1-armv7a-linux-gnueabihf.tar.gz
404	146	939286624		https://sources.openwrt.org/clang%2Bllvm-20.1.1-x86_64-pc-windows-msvc.tar.xz
404	146	1602607917		https://sources.openwrt.org/clang%2Bllvm-20.1.2-armv7a-linux-gnueabihf.tar.gz
404	146	939423020		https://sources.openwrt.org/clang%2Bllvm-20.1.2-x86_64-pc-windows-msvc.tar.xz
404	146	1602643395		https://sources.openwrt.org/clang%2Bllvm-20.1.3-armv7a-linux-gnueabihf.tar.gz
404	146	939371388		https://sources.openwrt.org/clang%2Bllvm-20.1.3-x86_64-pc-windows-msvc.tar.xz
404	146	1602636971		https://sources.openwrt.org/clang%2Bllvm-20.1.4-armv7a-linux-gnueabihf.tar.gz
404	146	939398120		https://sources.openwrt.org/clang%2Bllvm-20.1.4-x86_64-pc-windows-msvc.tar.xz
404	146	1602786867		https://sources.openwrt.org/clang%2Bllvm-20.1.5-armv7a-linux-gnueabihf.tar.gz
404	146	939466752		https://sources.openwrt.org/clang%2Bllvm-20.1.5-x86_64-pc-windows-msvc.tar.xz
404	146	1602762923		https://sources.openwrt.org/clang%2Bllvm-20.1.6-armv7a-linux-gnueabihf.tar.gz
404	146	1602802736		https://sources.openwrt.org/clang%2Bllvm-20.1.7-armv7a-linux-gnueabihf.tar.gz
404	146	939494588		https://sources.openwrt.org/clang%2Bllvm-20.1.7-x86_64-pc-windows-msvc.tar.xz
404	146	1602847748		https://sources.openwrt.org/clang%2Bllvm-20.1.8-armv7a-linux-gnueabihf.tar.gz
404	146	939541912		https://sources.openwrt.org/clang%2Bllvm-20.1.8-x86_64-pc-windows-msvc.tar.xz
404	146	1564868987		https://sources.openwrt.org/clang%2Bllvm-21.1.0-armv7a-linux-gnueabihf.tar.gz
404	146	943723704		https://sources.openwrt.org/clang%2Bllvm-21.1.0-x86_64-pc-windows-msvc.tar.xz
404	146	1564904791		https://sources.openwrt.org/clang%2Bllvm-21.1.1-armv7a-linux-gnueabihf.tar.gz
404	146	943740300		https://sources.openwrt.org/clang%2Bllvm-21.1.1-x86_64-pc-windows-msvc.tar.xz
404	146	1564673956		https://sources.openwrt.org/clang%2Bllvm-21.1.2-armv7a-linux-gnueabihf.tar.gz
404	146	942582048		https://sources.openwrt.org/clang%2Bllvm-21.1.2-x86_64-pc-windows-msvc.tar.xz
404	146	1564677768		https://sources.openwrt.org/clang%2Bllvm-21.1.3-armv7a-linux-gnueabihf.tar.gz
404	146	942593836		https://sources.openwrt.org/clang%2Bllvm-21.1.3-x86_64-pc-windows-msvc.tar.xz
404	146	1564696257		https://sources.openwrt.org/clang%2Bllvm-21.1.4-armv7a-linux-gnueabihf.tar.gz
404	146	942593228		https://sources.openwrt.org/clang%2Bllvm-21.1.4-x86_64-pc-windows-msvc.tar.xz
404	146	1564720675		https://sources.openwrt.org/clang%2Bllvm-21.1.5-armv7a-linux-gnueabihf.tar.gz
404	146	942516620		https://sources.openwrt.org/clang%2Bllvm-21.1.5-x86_64-pc-windows-msvc.tar.xz
404	146	1564736973		https://sources.openwrt.org/clang%2Bllvm-21.1.6-armv7a-linux-gnueabihf.tar.gz
404	146	942540016		https://sources.openwrt.org/clang%2Bllvm-21.1.6-x86_64-pc-windows-msvc.tar.xz
404	146	1564691762		https://sources.openwrt.org/clang%2Bllvm-21.1.7-armv7a-linux-gnueabihf.tar.gz
404	146	942725008		https://sources.openwrt.org/clang%2Bllvm-21.1.7-x86_64-pc-windows-msvc.tar.xz
404	146	1564723738		https://sources.openwrt.org/clang%2Bllvm-21.1.8-armv7a-linux-gnueabihf.tar.gz
404	146	942572476		https://sources.openwrt.org/clang%2Bllvm-21.1.8-x86_64-pc-windows-msvc.tar.xz
404	146	1675709828		https://sources.openwrt.org/clang%2Bllvm-22.1.0-armv7a-linux-gnueabihf.tar.gz
404	146	861897432		https://sources.openwrt.org/clang%2Bllvm-22.1.0-x86_64-pc-windows-msvc.tar.xz
404	146	1675770962		https://sources.openwrt.org/clang%2Bllvm-22.1.1-armv7a-linux-gnueabihf.tar.gz
404	146	861949576		https://sources.openwrt.org/clang%2Bllvm-22.1.1-x86_64-pc-windows-msvc.tar.xz
404	146	1675831229		https://sources.openwrt.org/clang%2Bllvm-22.1.2-armv7a-linux-gnueabihf.tar.gz
404	146	861843672		https://sources.openwrt.org/clang%2Bllvm-22.1.2-x86_64-pc-windows-msvc.tar.xz
404	146	1675838059		https://sources.openwrt.org/clang%2Bllvm-22.1.3-armv7a-linux-gnueabihf.tar.gz
404	146	861872156		https://sources.openwrt.org/clang%2Bllvm-22.1.3-x86_64-pc-windows-msvc.tar.xz
404	146	1675934828		https://sources.openwrt.org/clang%2Bllvm-22.1.4-armv7a-linux-gnueabihf.tar.gz
404	146	861945788		https://sources.openwrt.org/clang%2Bllvm-22.1.4-x86_64-pc-windows-msvc.tar.xz
404	146	1675951185		https://sources.openwrt.org/clang%2Bllvm-22.1.5-armv7a-linux-gnueabihf.tar.gz
404	146	861959516		https://sources.openwrt.org/clang%2Bllvm-22.1.5-x86_64-pc-windows-msvc.tar.xz
404	146	1675975765		https://sources.openwrt.org/clang%2Bllvm-22.1.6-armv7a-linux-gnueabihf.tar.gz
404	146	861999212		https://sources.openwrt.org/clang%2Bllvm-22.1.6-x86_64-pc-windows-msvc.tar.xz
404	146	1675945002		https://sources.openwrt.org/clang%2Bllvm-22.1.7-armv7a-linux-gnueabihf.tar.gz
404	146	862033024		https://sources.openwrt.org/clang%2Bllvm-22.1.7-x86_64-pc-windows-msvc.tar.xz
404	146	1675972670		https://sources.openwrt.org/clang%2Bllvm-22.1.8-armv7a-linux-gnueabihf.tar.gz
404	146	862053924		https://sources.openwrt.org/clang%2Bllvm-22.1.8-x86_64-pc-windows-msvc.tar.xz
404	146	1707093225		https://sources.openwrt.org/clang%2Bllvm-23.1.0-armv7a-linux-gnueabihf.tar.gz
404	146	901268256		https://sources.openwrt.org/clang%2Bllvm-23.1.0-x86_64-pc-windows-msvc.tar.xz
404	146	71834900		https://sources.openwrt.org/clang%2Bllvm-3.6.1-x86_64-linux-gnu-ubuntu-14.04.tar.xz
404	146	299888756		https://sources.openwrt.org/clang%2Bllvm-6.0.0-x86_64-linux-gnu-debian8.tar.xz
404	146	293171708		https://sources.openwrt.org/clang%2Bllvm-6.0.0-x86_64-linux-sles12.2.tar.xz
404	146	319693612		https://sources.openwrt.org/clang%2Bllvm-7.1.0-x86_64-linux-sles11.3.tar.xz
404	146	342087416		https://sources.openwrt.org/clang%2Bllvm-8.0.1-powerpc64le-linux-rhel-7.4.tar.xz
404	146	336492928		https://sources.openwrt.org/clang%2Bllvm-8.0.1-x86_64-linux-sles11.3.tar.xz
404	146	341990632		https://sources.openwrt.org/clang%2Bllvm-9.0.1-aarch64-linux-gnu.tar.xz
404	146	401235332		https://sources.openwrt.org/clang%2Bllvm-9.0.1-powerpc64le-linux-rhel-7.4.tar.xz
404	146	388360756		https://sources.openwrt.org/clang%2Bllvm-9.0.1-x86_64-apple-darwin.tar.xz
404	146	398305228		https://sources.openwrt.org/clang%2Bllvm-9.0.1-x86_64-linux-gnu-ubuntu-16.04.tar.xz
404	146	4478032		https://sources.openwrt.org/vs_BuildTools.exe
404	146	68280656		https://sources.openwrt.org/w64devkit-1.10.0.zip
404	146	68543909		https://sources.openwrt.org/w64devkit-1.11.0.zip
404	146	69045628		https://sources.openwrt.org/w64devkit-1.12.0.zip
404	146	69071725		https://sources.openwrt.org/w64devkit-1.13.0.zip
404	146	72211587		https://sources.openwrt.org/w64devkit-1.14.0.zip
404	146	72133854		https://sources.openwrt.org/w64devkit-1.15.0.zip
404	146	71051123		https://sources.openwrt.org/w64devkit-1.15.1.zip
404	146	73790006		https://sources.openwrt.org/w64devkit-1.16.0.zip
404	146	73808538		https://sources.openwrt.org/w64devkit-1.16.1.zip
404	146	73326403		https://sources.openwrt.org/w64devkit-1.17.0.zip
404	146	73397463		https://sources.openwrt.org/w64devkit-1.18.0.zip
404	146	81844373		https://sources.openwrt.org/w64devkit-1.19.0.zip
404	146	81853395		https://sources.openwrt.org/w64devkit-1.20.0.zip
404	146	81836029		https://sources.openwrt.org/w64devkit-1.21.0.zip
404	146	73564611		https://sources.openwrt.org/w64devkit-1.22.0.zip
404	146	76798128		https://sources.openwrt.org/w64devkit-1.23.0.zip
404	146	82401563		https://sources.openwrt.org/w64devkit-1.3.1.zip
404	146	82424491		https://sources.openwrt.org/w64devkit-1.4.0.zip
404	146	78877311		https://sources.openwrt.org/w64devkit-1.5.0.zip
404	146	79463354		https://sources.openwrt.org/w64devkit-1.6.0.zip
404	146	83441016		https://sources.openwrt.org/w64devkit-1.7.0.zip
404	146	76436228		https://sources.openwrt.org/w64devkit-1.8.0.zip
404	146	76540594		https://sources.openwrt.org/w64devkit-1.9.0.zip
404	146	77549611		https://sources.openwrt.org/w64devkit-fortran-1.10.0.zip
404	146	77813409		https://sources.openwrt.org/w64devkit-fortran-1.11.0.zip
404	146	78312442		https://sources.openwrt.org/w64devkit-fortran-1.12.0.zip
404	146	78345040		https://sources.openwrt.org/w64devkit-fortran-1.13.0.zip
404	146	82466737		https://sources.openwrt.org/w64devkit-fortran-1.14.0.zip
404	146	82372140		https://sources.openwrt.org/w64devkit-fortran-1.15.0.zip
404	146	84028135		https://sources.openwrt.org/w64devkit-fortran-1.16.0.zip
404	146	84048380		https://sources.openwrt.org/w64devkit-fortran-1.16.1.zip
404	146	83565702		https://sources.openwrt.org/w64devkit-fortran-1.17.0.zip
404	146	83634693		https://sources.openwrt.org/w64devkit-fortran-1.18.0.zip
404	146	92783519		https://sources.openwrt.org/w64devkit-fortran-1.19.0.zip
404	146	92797139		https://sources.openwrt.org/w64devkit-fortran-1.20.0.zip
404	146	92779429		https://sources.openwrt.org/w64devkit-fortran-1.21.0.zip
404	146	84508431		https://sources.openwrt.org/w64devkit-fortran-1.22.0.zip
404	146	88827600		https://sources.openwrt.org/w64devkit-fortran-1.23.0.zip
404	146	89683830		https://sources.openwrt.org/w64devkit-fortran-1.5.0.zip
404	146	85807928		https://sources.openwrt.org/w64devkit-fortran-1.9.0.zip
404	146	63691987		https://sources.openwrt.org/w64devkit-i686-1.10.0.zip
404	146	63960673		https://sources.openwrt.org/w64devkit-i686-1.11.0.zip
404	146	64710348		https://sources.openwrt.org/w64devkit-i686-1.12.0.zip
404	146	64729275		https://sources.openwrt.org/w64devkit-i686-1.13.0.zip
404	146	68192739		https://sources.openwrt.org/w64devkit-i686-1.14.0.zip
404	146	68084867		https://sources.openwrt.org/w64devkit-i686-1.15.0.zip
404	146	67046825		https://sources.openwrt.org/w64devkit-i686-1.15.1.zip
404	146	69792027		https://sources.openwrt.org/w64devkit-i686-1.16.0.zip
404	146	69817820		https://sources.openwrt.org/w64devkit-i686-1.16.1.zip
404	146	69380349		https://sources.openwrt.org/w64devkit-i686-1.17.0.zip
404	146	69444573		https://sources.openwrt.org/w64devkit-i686-1.18.0.zip
404	146	77744927		https://sources.openwrt.org/w64devkit-i686-1.19.0.zip
404	146	77751684		https://sources.openwrt.org/w64devkit-i686-1.20.0.zip
404	146	77735979		https://sources.openwrt.org/w64devkit-i686-1.21.0.zip
404	146	69651101		https://sources.openwrt.org/w64devkit-i686-1.22.0.zip
404	146	72803726		https://sources.openwrt.org/w64devkit-i686-1.23.0.zip
404	146	71444968		https://sources.openwrt.org/w64devkit-i686-1.9.0.zip
404	146	72436140		https://sources.openwrt.org/w64devkit-i686-fortran-1.10.0.zip
404	146	72706013		https://sources.openwrt.org/w64devkit-i686-fortran-1.11.0.zip
404	146	73453076		https://sources.openwrt.org/w64devkit-i686-fortran-1.12.0.zip
404	146	73478033		https://sources.openwrt.org/w64devkit-i686-fortran-1.13.0.zip
404	146	77970485		https://sources.openwrt.org/w64devkit-i686-fortran-1.14.0.zip
404	146	77842216		https://sources.openwrt.org/w64devkit-i686-fortran-1.15.0.zip
404	146	79549559		https://sources.openwrt.org/w64devkit-i686-fortran-1.16.0.zip
404	146	79577469		https://sources.openwrt.org/w64devkit-i686-fortran-1.16.1.zip
404	146	79137931		https://sources.openwrt.org/w64devkit-i686-fortran-1.17.0.zip
404	146	79203265		https://sources.openwrt.org/w64devkit-i686-fortran-1.18.0.zip
404	146	88204232		https://sources.openwrt.org/w64devkit-i686-fortran-1.19.0.zip
404	146	88209980		https://sources.openwrt.org/w64devkit-i686-fortran-1.20.0.zip
404	146	88194908		https://sources.openwrt.org/w64devkit-i686-fortran-1.21.0.zip
404	146	80114395		https://sources.openwrt.org/w64devkit-i686-fortran-1.22.0.zip
404	146	84346099		https://sources.openwrt.org/w64devkit-i686-fortran-1.23.0.zip
404	146	67127496		https://sources.openwrt.org/w64devkit-x64-2.10.0.7z.exe
404	146	38171793		https://sources.openwrt.org/w64devkit-x64-2.2.0.7z.exe
404	146	38708498		https://sources.openwrt.org/w64devkit-x64-2.3.0.7z.exe
404	146	38806674		https://sources.openwrt.org/w64devkit-x64-2.4.0.7z.exe
404	146	39253184		https://sources.openwrt.org/w64devkit-x64-2.5.0.7z.exe
404	146	46504339		https://sources.openwrt.org/w64devkit-x64-2.6.0.7z.exe
404	146	58556920		https://sources.openwrt.org/w64devkit-x64-2.7.0.7z.exe
404	146	60043168		https://sources.openwrt.org/w64devkit-x64-2.8.0.7z.exe
404	146	61323088		https://sources.openwrt.org/w64devkit-x64-2.9.0.7z.exe
404	146	61462208		https://sources.openwrt.org/w64devkit-x64-2.9.1.7z.exe
404	146	60988472		https://sources.openwrt.org/w64devkit-x86-2.10.0.7z.exe
404	146	36339490		https://sources.openwrt.org/w64devkit-x86-2.2.0.7z.exe
404	146	36873532		https://sources.openwrt.org/w64devkit-x86-2.3.0.7z.exe
404	146	36988939		https://sources.openwrt.org/w64devkit-x86-2.4.0.7z.exe
404	146	37502825		https://sources.openwrt.org/w64devkit-x86-2.5.0.7z.exe
404	146	45003047		https://sources.openwrt.org/w64devkit-x86-2.6.0.7z.exe
404	146	57031880		https://sources.openwrt.org/w64devkit-x86-2.7.0.7z.exe
404	146	59594808		https://sources.openwrt.org/w64devkit-x86-2.8.0.7z.exe
404	146	60940352		https://sources.openwrt.org/w64devkit-x86-2.9.0.7z.exe
404	146	61220408		https://sources.openwrt.org/w64devkit-x86-2.9.1.7z.exe
404	146	92418591		https://sources.openwrt.org/winlibs-i686-mcf-dwarf-gcc-13.1.0-mingw-w64msvcrt-11.0.0-r1.7z
404	146	211197219		https://sources.openwrt.org/winlibs-i686-mcf-dwarf-gcc-13.1.0-mingw-w64msvcrt-11.0.0-r1.zip
404	146	92408516		https://sources.openwrt.org/winlibs-i686-mcf-dwarf-gcc-13.1.0-mingw-w64msvcrt-11.0.0-r3.7z
404	146	212242747		https://sources.openwrt.org/winlibs-i686-mcf-dwarf-gcc-13.1.0-mingw-w64msvcrt-11.0.0-r3.zip
404	146	97677460		https://sources.openwrt.org/winlibs-i686-mcf-dwarf-gcc-13.1.0-mingw-w64msvcrt-11.0.0-r5.7z
404	146	220978747		https://sources.openwrt.org/winlibs-i686-mcf-dwarf-gcc-13.1.0-mingw-w64msvcrt-11.0.0-r5.zip
404	146	92437484		https://sources.openwrt.org/winlibs-i686-mcf-dwarf-gcc-13.1.0-mingw-w64ucrt-11.0.0-r1.7z
404	146	210555484		https://sources.openwrt.org/winlibs-i686-mcf-dwarf-gcc-13.1.0-mingw-w64ucrt-11.0.0-r1.zip
404	146	92454969		https://sources.openwrt.org/winlibs-i686-mcf-dwarf-gcc-13.1.0-mingw-w64ucrt-11.0.0-r2.7z
404	146	211795886		https://sources.openwrt.org/winlibs-i686-mcf-dwarf-gcc-13.1.0-mingw-w64ucrt-11.0.0-r2.zip
404	146	92402129		https://sources.openwrt.org/winlibs-i686-mcf-dwarf-gcc-13.1.0-mingw-w64ucrt-11.0.0-r3.7z
404	146	211750304		https://sources.openwrt.org/winlibs-i686-mcf-dwarf-gcc-13.1.0-mingw-w64ucrt-11.0.0-r3.zip
404	146	97708170		https://sources.openwrt.org/winlibs-i686-mcf-dwarf-gcc-13.1.0-mingw-w64ucrt-11.0.0-r5.7z
404	146	220697607		https://sources.openwrt.org/winlibs-i686-mcf-dwarf-gcc-13.1.0-mingw-w64ucrt-11.0.0-r5.zip
404	146	98450294		https://sources.openwrt.org/winlibs-i686-mcf-dwarf-gcc-13.2.0-mingw-w64ucrt-11.0.0-r1.7z
404	146	222755566		https://sources.openwrt.org/winlibs-i686-mcf-dwarf-gcc-13.2.0-mingw-w64ucrt-11.0.0-r1.zip
404	146	92770033		https://sources.openwrt.org/winlibs-i686-mcf-dwarf-gcc-13.2.0-mingw-w64ucrt-11.0.1-r2.7z
404	146	218696644		https://sources.openwrt.org/winlibs-i686-mcf-dwarf-gcc-13.2.0-mingw-w64ucrt-11.0.1-r2.zip
404	146	95321769		https://sources.openwrt.org/winlibs-i686-mcf-dwarf-gcc-13.2.0-mingw-w64ucrt-11.0.1-r3.7z
404	146	222234276		https://sources.openwrt.org/winlibs-i686-mcf-dwarf-gcc-13.2.0-mingw-w64ucrt-11.0.1-r3.zip
404	146	108730149		https://sources.openwrt.org/winlibs-i686-mcf-dwarf-gcc-14.1.0-mingw-w64ucrt-11.0.1-r1.7z
404	146	240908661		https://sources.openwrt.org/winlibs-i686-mcf-dwarf-gcc-14.1.0-mingw-w64ucrt-11.0.1-r1.zip
404	146	110148783		https://sources.openwrt.org/winlibs-i686-mcf-dwarf-gcc-14.2.0-mingw-w64ucrt-12.0.0-r1.7z
404	146	245020799		https://sources.openwrt.org/winlibs-i686-mcf-dwarf-gcc-14.2.0-mingw-w64ucrt-12.0.0-r1.zip
404	146	103202898		https://sources.openwrt.org/winlibs-i686-mcf-dwarf-gcc-15.1.0-mingw-w64ucrt-12.0.0-r1.7z
404	146	260088080		https://sources.openwrt.org/winlibs-i686-mcf-dwarf-gcc-15.1.0-mingw-w64ucrt-12.0.0-r1.zip
404	146	104949498		https://sources.openwrt.org/winlibs-i686-mcf-dwarf-gcc-15.2.0-mingw-w64ucrt-13.0.0-r1.7z
404	146	265170737		https://sources.openwrt.org/winlibs-i686-mcf-dwarf-gcc-15.2.0-mingw-w64ucrt-13.0.0-r1.zip
404	146	110330543		https://sources.openwrt.org/winlibs-i686-mcf-dwarf-gcc-16.1.0-mingw-w64ucrt-14.0.0-r1.7z
404	146	278449666		https://sources.openwrt.org/winlibs-i686-mcf-dwarf-gcc-16.1.0-mingw-w64ucrt-14.0.0-r1.zip
404	146	83719559		https://sources.openwrt.org/winlibs-i686-posix-dwarf-gcc-10.4.0-mingw-w64msvcrt-10.0.0-r1.7z
404	146	181918800		https://sources.openwrt.org/winlibs-i686-posix-dwarf-gcc-10.4.0-mingw-w64msvcrt-10.0.0-r1.zip
404	146	89022334		https://sources.openwrt.org/winlibs-i686-posix-dwarf-gcc-10.5.0-mingw-w64msvcrt-11.0.1-r1.7z
404	146	201398252		https://sources.openwrt.org/winlibs-i686-posix-dwarf-gcc-10.5.0-mingw-w64msvcrt-11.0.1-r1.zip
404	146	203117422		https://sources.openwrt.org/winlibs-i686-posix-dwarf-gcc-10.5.0-mingw-w64msvcrt-11.0.1-r2.zip
404	146	79373565		https://sources.openwrt.org/winlibs-i686-posix-dwarf-gcc-11.2.0-mingw-w64msvcrt-10.0.0-r1.7z
404	146	184525644		https://sources.openwrt.org/winlibs-i686-posix-dwarf-gcc-11.2.0-mingw-w64msvcrt-10.0.0-r1.zip
404	146	79233256		https://sources.openwrt.org/winlibs-i686-posix-dwarf-gcc-11.2.0-mingw-w64msvcrt-9.0.0-r7.7z
404	146	184166764		https://sources.openwrt.org/winlibs-i686-posix-dwarf-gcc-11.2.0-mingw-w64msvcrt-9.0.0-r7.zip
404	146	79392778		https://sources.openwrt.org/winlibs-i686-posix-dwarf-gcc-11.2.0-mingw-w64ucrt-10.0.0-r1.7z
404	146	184091506		https://sources.openwrt.org/winlibs-i686-posix-dwarf-gcc-11.2.0-mingw-w64ucrt-10.0.0-r1.zip
404	146	66070434		https://sources.openwrt.org/winlibs-i686-posix-dwarf-gcc-11.2.0-mingw-w64ucrt-9.0.0-r1.7z
404	146	171860189		https://sources.openwrt.org/winlibs-i686-posix-dwarf-gcc-11.2.0-mingw-w64ucrt-9.0.0-r1.zip
404	146	65621904		https://sources.openwrt.org/winlibs-i686-posix-dwarf-gcc-11.2.0-mingw-w64ucrt-9.0.0-r2.7z
404	146	171347944		https://sources.openwrt.org/winlibs-i686-posix-dwarf-gcc-11.2.0-mingw-w64ucrt-9.0.0-r2.zip
404	146	81040365		https://sources.openwrt.org/winlibs-i686-posix-dwarf-gcc-11.2.0-mingw-w64ucrt-9.0.0-r3.7z
404	146	193047793		https://sources.openwrt.org/winlibs-i686-posix-dwarf-gcc-11.2.0-mingw-w64ucrt-9.0.0-r3.zip
404	146	81438955		https://sources.openwrt.org/winlibs-i686-posix-dwarf-gcc-11.2.0-mingw-w64ucrt-9.0.0-r4.7z
404	146	194261210		https://sources.openwrt.org/winlibs-i686-posix-dwarf-gcc-11.2.0-mingw-w64ucrt-9.0.0-r4.zip
404	146	79194941		https://sources.openwrt.org/winlibs-i686-posix-dwarf-gcc-11.2.0-mingw-w64ucrt-9.0.0-r5.7z
404	146	183609723		https://sources.openwrt.org/winlibs-i686-posix-dwarf-gcc-11.2.0-mingw-w64ucrt-9.0.0-r5.zip
404	146	79171239		https://sources.openwrt.org/winlibs-i686-posix-dwarf-gcc-11.2.0-mingw-w64ucrt-9.0.0-r7.7z
404	146	183605824		https://sources.openwrt.org/winlibs-i686-posix-dwarf-gcc-11.2.0-mingw-w64ucrt-9.0.0-r7.zip
404	146	79493405		https://sources.openwrt.org/winlibs-i686-posix-dwarf-gcc-11.3.0-mingw-w64msvcrt-10.0.0-r1.7z
404	146	184610633		https://sources.openwrt.org/winlibs-i686-posix-dwarf-gcc-11.3.0-mingw-w64msvcrt-10.0.0-r1.zip
404	146	79490460		https://sources.openwrt.org/winlibs-i686-posix-dwarf-gcc-11.3.0-mingw-w64msvcrt-10.0.0-r2.7z
404	146	184611861		https://sources.openwrt.org/winlibs-i686-posix-dwarf-gcc-11.3.0-mingw-w64msvcrt-10.0.0-r2.zip
404	146	79506152		https://sources.openwrt.org/winlibs-i686-posix-dwarf-gcc-11.3.0-mingw-w64msvcrt-10.0.0-r3.7z
404	146	184607190		https://sources.openwrt.org/winlibs-i686-posix-dwarf-gcc-11.3.0-mingw-w64msvcrt-10.0.0-r3.zip
404	146	79529090		https://sources.openwrt.org/winlibs-i686-posix-dwarf-gcc-11.3.0-mingw-w64ucrt-10.0.0-r1.7z
404	146	184175734		https://sources.openwrt.org/winlibs-i686-posix-dwarf-gcc-11.3.0-mingw-w64ucrt-10.0.0-r1.zip
404	146	79507014		https://sources.openwrt.org/winlibs-i686-posix-dwarf-gcc-11.3.0-mingw-w64ucrt-10.0.0-r2.7z
404	146	184178105		https://sources.openwrt.org/winlibs-i686-posix-dwarf-gcc-11.3.0-mingw-w64ucrt-10.0.0-r2.zip
404	146	79546722		https://sources.openwrt.org/winlibs-i686-posix-dwarf-gcc-11.3.0-mingw-w64ucrt-10.0.0-r3.7z
404	146	184174087		https://sources.openwrt.org/winlibs-i686-posix-dwarf-gcc-11.3.0-mingw-w64ucrt-10.0.0-r3.zip
404	146	100561790		https://sources.openwrt.org/winlibs-i686-posix-dwarf-gcc-11.4.0-mingw-w64msvcrt-11.0.0-r1.7z
404	146	219743389		https://sources.openwrt.org/winlibs-i686-posix-dwarf-gcc-11.4.0-mingw-w64msvcrt-11.0.0-r1.zip
404	146	100562255		https://sources.openwrt.org/winlibs-i686-posix-dwarf-gcc-11.4.0-mingw-w64ucrt-11.0.0-r1.7z
404	146	219243850		https://sources.openwrt.org/winlibs-i686-posix-dwarf-gcc-11.4.0-mingw-w64ucrt-11.0.0-r1.zip
404	146	103390263		https://sources.openwrt.org/winlibs-i686-posix-dwarf-gcc-11.5.0-mingw-w64msvcrt-12.0.0-r1.7z
404	146	232147399		https://sources.openwrt.org/winlibs-i686-posix-dwarf-gcc-11.5.0-mingw-w64msvcrt-12.0.0-r1.zip
404	146	103099969		https://sources.openwrt.org/winlibs-i686-posix-dwarf-gcc-11.5.0-mingw-w64ucrt-12.0.0-r1.7z
404	146	231692812		https://sources.openwrt.org/winlibs-i686-posix-dwarf-gcc-11.5.0-mingw-w64ucrt-12.0.0-r1.zip
404	146	84383024		https://sources.openwrt.org/winlibs-i686-posix-dwarf-gcc-12.1.0-mingw-w64msvcrt-10.0.0-r1.7z
404	146	196247692		https://sources.openwrt.org/winlibs-i686-posix-dwarf-gcc-12.1.0-mingw-w64msvcrt-10.0.0-r1.zip
404	146	84466963		https://sources.openwrt.org/winlibs-i686-posix-dwarf-gcc-12.1.0-mingw-w64msvcrt-10.0.0-r2.7z
404	146	196320809		https://sources.openwrt.org/winlibs-i686-posix-dwarf-gcc-12.1.0-mingw-w64msvcrt-10.0.0-r2.zip
404	146	84682855		https://sources.openwrt.org/winlibs-i686-posix-dwarf-gcc-12.1.0-mingw-w64msvcrt-10.0.0-r3.7z
404	146	196513293		https://sources.openwrt.org/winlibs-i686-posix-dwarf-gcc-12.1.0-mingw-w64msvcrt-10.0.0-r3.zip
404	146	89972331		https://sources.openwrt.org/winlibs-i686-posix-dwarf-gcc-12.1.0-mingw-w64ucrt-10.0.0-r2.7z
404	146	202935127		https://sources.openwrt.org/winlibs-i686-posix-dwarf-gcc-12.1.0-mingw-w64ucrt-10.0.0-r2.zip
404	146	89522832		https://sources.openwrt.org/winlibs-i686-posix-dwarf-gcc-12.1.0-mingw-w64ucrt-10.0.0-r3.7z
404	146	202465432		https://sources.openwrt.org/winlibs-i686-posix-dwarf-gcc-12.1.0-mingw-w64ucrt-10.0.0-r3.zip
404	146	89204998		https://sources.openwrt.org/winlibs-i686-posix-dwarf-gcc-12.2.0-mingw-w64msvcrt-10.0.0-r1.7z
404	146	199849942		https://sources.openwrt.org/winlibs-i686-posix-dwarf-gcc-12.2.0-mingw-w64msvcrt-10.0.0-r1.zip
404	146	89280319		https://sources.openwrt.org/winlibs-i686-posix-dwarf-gcc-12.2.0-mingw-w64msvcrt-10.0.0-r2.7z
404	146	199938280		https://sources.openwrt.org/winlibs-i686-posix-dwarf-gcc-12.2.0-mingw-w64msvcrt-10.0.0-r2.zip
404	146	105594895		https://sources.openwrt.org/winlibs-i686-posix-dwarf-gcc-12.2.0-mingw-w64msvcrt-10.0.0-r3.7z
404	146	276020586		https://sources.openwrt.org/winlibs-i686-posix-dwarf-gcc-12.2.0-mingw-w64msvcrt-10.0.0-r3.zip
404	146	102252187		https://sources.openwrt.org/winlibs-i686-posix-dwarf-gcc-12.2.0-mingw-w64msvcrt-10.0.0-r4.7z
404	146	231026202		https://sources.openwrt.org/winlibs-i686-posix-dwarf-gcc-12.2.0-mingw-w64msvcrt-10.0.0-r4.zip
404	146	102430528		https://sources.openwrt.org/winlibs-i686-posix-dwarf-gcc-12.2.0-mingw-w64msvcrt-10.0.0-r5.7z
404	146	231211017		https://sources.openwrt.org/winlibs-i686-posix-dwarf-gcc-12.2.0-mingw-w64msvcrt-10.0.0-r5.zip
404	146	89102267		https://sources.openwrt.org/winlibs-i686-posix-dwarf-gcc-12.2.0-mingw-w64ucrt-10.0.0-r1.7z
404	146	199363406		https://sources.openwrt.org/winlibs-i686-posix-dwarf-gcc-12.2.0-mingw-w64ucrt-10.0.0-r1.zip
404	146	89107332		https://sources.openwrt.org/winlibs-i686-posix-dwarf-gcc-12.2.0-mingw-w64ucrt-10.0.0-r2.7z
404	146	199419496		https://sources.openwrt.org/winlibs-i686-posix-dwarf-gcc-12.2.0-mingw-w64ucrt-10.0.0-r2.zip
404	146	105414494		https://sources.openwrt.org/winlibs-i686-posix-dwarf-gcc-12.2.0-mingw-w64ucrt-10.0.0-r3.7z
404	146	275428325		https://sources.openwrt.org/winlibs-i686-posix-dwarf-gcc-12.2.0-mingw-w64ucrt-10.0.0-r3.zip
404	146	101968057		https://sources.openwrt.org/winlibs-i686-posix-dwarf-gcc-12.2.0-mingw-w64ucrt-10.0.0-r4.7z
404	146	230458826		https://sources.openwrt.org/winlibs-i686-posix-dwarf-gcc-12.2.0-mingw-w64ucrt-10.0.0-r4.zip
404	146	102165205		https://sources.openwrt.org/winlibs-i686-posix-dwarf-gcc-12.2.0-mingw-w64ucrt-10.0.0-r5.7z
404	146	230710511		https://sources.openwrt.org/winlibs-i686-posix-dwarf-gcc-12.2.0-mingw-w64ucrt-10.0.0-r5.zip
404	146	96076601		https://sources.openwrt.org/winlibs-i686-posix-dwarf-gcc-12.3.0-mingw-w64msvcrt-11.0.0-r1.7z
404	146	221906615		https://sources.openwrt.org/winlibs-i686-posix-dwarf-gcc-12.3.0-mingw-w64msvcrt-11.0.0-r1.zip
404	146	95896249		https://sources.openwrt.org/winlibs-i686-posix-dwarf-gcc-12.3.0-mingw-w64ucrt-11.0.0-r1.7z
404	146	221559201		https://sources.openwrt.org/winlibs-i686-posix-dwarf-gcc-12.3.0-mingw-w64ucrt-11.0.0-r1.zip
404	146	114716833		https://sources.openwrt.org/winlibs-i686-posix-dwarf-gcc-12.4.0-mingw-w64msvcrt-12.0.0-r1.7z
404	146	248932885		https://sources.openwrt.org/winlibs-i686-posix-dwarf-gcc-12.4.0-mingw-w64msvcrt-12.0.0-r1.zip
404	146	114597217		https://sources.openwrt.org/winlibs-i686-posix-dwarf-gcc-12.4.0-mingw-w64ucrt-12.0.0-r1.7z
404	146	248338112		https://sources.openwrt.org/winlibs-i686-posix-dwarf-gcc-12.4.0-mingw-w64ucrt-12.0.0-r1.zip
404	146	92244042		https://sources.openwrt.org/winlibs-i686-posix-dwarf-gcc-13.1.0-mingw-w64msvcrt-11.0.0-r1.7z
404	146	210840652		https://sources.openwrt.org/winlibs-i686-posix-dwarf-gcc-13.1.0-mingw-w64msvcrt-11.0.0-r1.zip
404	146	92322825		https://sources.openwrt.org/winlibs-i686-posix-dwarf-gcc-13.1.0-mingw-w64msvcrt-11.0.0-r4.7z
404	146	212048547		https://sources.openwrt.org/winlibs-i686-posix-dwarf-gcc-13.1.0-mingw-w64msvcrt-11.0.0-r4.zip
404	146	97764563		https://sources.openwrt.org/winlibs-i686-posix-dwarf-gcc-13.1.0-mingw-w64msvcrt-11.0.0-r5.7z
404	146	221521752		https://sources.openwrt.org/winlibs-i686-posix-dwarf-gcc-13.1.0-mingw-w64msvcrt-11.0.0-r5.zip
404	146	92245685		https://sources.openwrt.org/winlibs-i686-posix-dwarf-gcc-13.1.0-mingw-w64ucrt-11.0.0-r1.7z
404	146	210345045		https://sources.openwrt.org/winlibs-i686-posix-dwarf-gcc-13.1.0-mingw-w64ucrt-11.0.0-r1.zip
404	146	92358692		https://sources.openwrt.org/winlibs-i686-posix-dwarf-gcc-13.1.0-mingw-w64ucrt-11.0.0-r4.7z
404	146	211696875		https://sources.openwrt.org/winlibs-i686-posix-dwarf-gcc-13.1.0-mingw-w64ucrt-11.0.0-r4.zip
404	146	97871037		https://sources.openwrt.org/winlibs-i686-posix-dwarf-gcc-13.1.0-mingw-w64ucrt-11.0.0-r5.7z
404	146	221227354		https://sources.openwrt.org/winlibs-i686-posix-dwarf-gcc-13.1.0-mingw-w64ucrt-11.0.0-r5.zip
404	146	92760420		https://sources.openwrt.org/winlibs-i686-posix-dwarf-gcc-13.2.0-mingw-w64msvcrt-11.0.1-r1.7z
404	146	219088287		https://sources.openwrt.org/winlibs-i686-posix-dwarf-gcc-13.2.0-mingw-w64msvcrt-11.0.1-r1.zip
404	146	95363130		https://sources.openwrt.org/winlibs-i686-posix-dwarf-gcc-13.2.0-mingw-w64msvcrt-11.0.1-r2.7z
404	146	222882590		https://sources.openwrt.org/winlibs-i686-posix-dwarf-gcc-13.2.0-mingw-w64msvcrt-11.0.1-r2.zip
404	146	95332870		https://sources.openwrt.org/winlibs-i686-posix-dwarf-gcc-13.2.0-mingw-w64msvcrt-11.0.1-r3.7z
404	146	222562390		https://sources.openwrt.org/winlibs-i686-posix-dwarf-gcc-13.2.0-mingw-w64msvcrt-11.0.1-r3.zip
404	146	95466461		https://sources.openwrt.org/winlibs-i686-posix-dwarf-gcc-13.2.0-mingw-w64msvcrt-11.0.1-r4.7z
404	146	222750204		https://sources.openwrt.org/winlibs-i686-posix-dwarf-gcc-13.2.0-mingw-w64msvcrt-11.0.1-r4.zip
404	146	95545432		https://sources.openwrt.org/winlibs-i686-posix-dwarf-gcc-13.2.0-mingw-w64msvcrt-11.0.1-r5.7z
404	146	223073443		https://sources.openwrt.org/winlibs-i686-posix-dwarf-gcc-13.2.0-mingw-w64msvcrt-11.0.1-r5.zip
404	146	95480740		https://sources.openwrt.org/winlibs-i686-posix-dwarf-gcc-13.2.0-mingw-w64msvcrt-11.0.1-r6.7z
404	146	222892962		https://sources.openwrt.org/winlibs-i686-posix-dwarf-gcc-13.2.0-mingw-w64msvcrt-11.0.1-r6.zip
404	146	97737690		https://sources.openwrt.org/winlibs-i686-posix-dwarf-gcc-13.2.0-mingw-w64msvcrt-11.0.1-r7.7z
404	146	226201737		https://sources.openwrt.org/winlibs-i686-posix-dwarf-gcc-13.2.0-mingw-w64msvcrt-11.0.1-r7.zip
404	146	97962525		https://sources.openwrt.org/winlibs-i686-posix-dwarf-gcc-13.2.0-mingw-w64msvcrt-11.0.1-r8.7z
404	146	226635532		https://sources.openwrt.org/winlibs-i686-posix-dwarf-gcc-13.2.0-mingw-w64msvcrt-11.0.1-r8.zip
404	146	98353756		https://sources.openwrt.org/winlibs-i686-posix-dwarf-gcc-13.2.0-mingw-w64ucrt-11.0.0-r1.7z
404	146	222685422		https://sources.openwrt.org/winlibs-i686-posix-dwarf-gcc-13.2.0-mingw-w64ucrt-11.0.0-r1.zip
404	146	95309463		https://sources.openwrt.org/winlibs-i686-posix-dwarf-gcc-13.2.0-mingw-w64ucrt-11.0.1-r3.7z
404	146	222467318		https://sources.openwrt.org/winlibs-i686-posix-dwarf-gcc-13.2.0-mingw-w64ucrt-11.0.1-r3.zip
404	146	95324204		https://sources.openwrt.org/winlibs-i686-posix-dwarf-gcc-13.2.0-mingw-w64ucrt-11.0.1-r4.7z
404	146	222263612		https://sources.openwrt.org/winlibs-i686-posix-dwarf-gcc-13.2.0-mingw-w64ucrt-11.0.1-r4.zip
404	146	95511219		https://sources.openwrt.org/winlibs-i686-posix-dwarf-gcc-13.2.0-mingw-w64ucrt-11.0.1-r5.7z
404	146	222653481		https://sources.openwrt.org/winlibs-i686-posix-dwarf-gcc-13.2.0-mingw-w64ucrt-11.0.1-r5.zip
404	146	97854391		https://sources.openwrt.org/winlibs-i686-posix-dwarf-gcc-13.2.0-mingw-w64ucrt-11.0.1-r7.7z
404	146	226141530		https://sources.openwrt.org/winlibs-i686-posix-dwarf-gcc-13.2.0-mingw-w64ucrt-11.0.1-r7.zip
404	146	97879072		https://sources.openwrt.org/winlibs-i686-posix-dwarf-gcc-13.2.0-mingw-w64ucrt-11.0.1-r8.7z
404	146	226174343		https://sources.openwrt.org/winlibs-i686-posix-dwarf-gcc-13.2.0-mingw-w64ucrt-11.0.1-r8.zip
404	146	99051087		https://sources.openwrt.org/winlibs-i686-posix-dwarf-gcc-13.3.0-mingw-w64msvcrt-11.0.1-r1.7z
404	146	228024189		https://sources.openwrt.org/winlibs-i686-posix-dwarf-gcc-13.3.0-mingw-w64msvcrt-11.0.1-r1.zip
404	146	99035543		https://sources.openwrt.org/winlibs-i686-posix-dwarf-gcc-13.3.0-mingw-w64ucrt-11.0.1-r1.7z
404	146	227571916		https://sources.openwrt.org/winlibs-i686-posix-dwarf-gcc-13.3.0-mingw-w64ucrt-11.0.1-r1.zip
404	146	108920668		https://sources.openwrt.org/winlibs-i686-posix-dwarf-gcc-14.1.0-mingw-w64msvcrt-11.0.1-r1.7z
404	146	242338086		https://sources.openwrt.org/winlibs-i686-posix-dwarf-gcc-14.1.0-mingw-w64msvcrt-11.0.1-r1.zip
404	146	109790269		https://sources.openwrt.org/winlibs-i686-posix-dwarf-gcc-14.1.0-mingw-w64msvcrt-12.0.0-r2.7z
404	146	244339438		https://sources.openwrt.org/winlibs-i686-posix-dwarf-gcc-14.1.0-mingw-w64msvcrt-12.0.0-r2.zip
404	146	109957398		https://sources.openwrt.org/winlibs-i686-posix-dwarf-gcc-14.1.0-mingw-w64msvcrt-12.0.0-r3.7z
404	146	244801583		https://sources.openwrt.org/winlibs-i686-posix-dwarf-gcc-14.1.0-mingw-w64msvcrt-12.0.0-r3.zip
404	146	109011087		https://sources.openwrt.org/winlibs-i686-posix-dwarf-gcc-14.1.0-mingw-w64ucrt-11.0.1-r1.7z
404	146	241888081		https://sources.openwrt.org/winlibs-i686-posix-dwarf-gcc-14.1.0-mingw-w64ucrt-11.0.1-r1.zip
404	146	109647282		https://sources.openwrt.org/winlibs-i686-posix-dwarf-gcc-14.1.0-mingw-w64ucrt-12.0.0-r2.7z
404	146	243822573		https://sources.openwrt.org/winlibs-i686-posix-dwarf-gcc-14.1.0-mingw-w64ucrt-12.0.0-r2.zip
404	146	109931786		https://sources.openwrt.org/winlibs-i686-posix-dwarf-gcc-14.1.0-mingw-w64ucrt-12.0.0-r3.7z
404	146	244301345		https://sources.openwrt.org/winlibs-i686-posix-dwarf-gcc-14.1.0-mingw-w64ucrt-12.0.0-r3.zip
404	146	110122578		https://sources.openwrt.org/winlibs-i686-posix-dwarf-gcc-14.2.0-mingw-w64msvcrt-12.0.0-r1.7z
404	146	245487085		https://sources.openwrt.org/winlibs-i686-posix-dwarf-gcc-14.2.0-mingw-w64msvcrt-12.0.0-r1.zip
404	146	110258138		https://sources.openwrt.org/winlibs-i686-posix-dwarf-gcc-14.2.0-mingw-w64msvcrt-12.0.0-r2.7z
404	146	245623744		https://sources.openwrt.org/winlibs-i686-posix-dwarf-gcc-14.2.0-mingw-w64msvcrt-12.0.0-r2.zip
404	146	100486966		https://sources.openwrt.org/winlibs-i686-posix-dwarf-gcc-14.2.0-mingw-w64msvcrt-12.0.0-r3.7z
404	146	247791485		https://sources.openwrt.org/winlibs-i686-posix-dwarf-gcc-14.2.0-mingw-w64msvcrt-12.0.0-r3.zip
404	146	110130017		https://sources.openwrt.org/winlibs-i686-posix-dwarf-gcc-14.2.0-mingw-w64ucrt-12.0.0-r1.7z
404	146	244953384		https://sources.openwrt.org/winlibs-i686-posix-dwarf-gcc-14.2.0-mingw-w64ucrt-12.0.0-r1.zip
404	146	110348217		https://sources.openwrt.org/winlibs-i686-posix-dwarf-gcc-14.2.0-mingw-w64ucrt-12.0.0-r2.7z
404	146	245137846		https://sources.openwrt.org/winlibs-i686-posix-dwarf-gcc-14.2.0-mingw-w64ucrt-12.0.0-r2.zip
404	146	100561919		https://sources.openwrt.org/winlibs-i686-posix-dwarf-gcc-14.2.0-mingw-w64ucrt-12.0.0-r3.7z
404	146	247406807		https://sources.openwrt.org/winlibs-i686-posix-dwarf-gcc-14.2.0-mingw-w64ucrt-12.0.0-r3.zip
404	146	96213345		https://sources.openwrt.org/winlibs-i686-posix-dwarf-gcc-14.3.0-mingw-w64msvcrt-12.0.0-r1.7z
404	146	235143516		https://sources.openwrt.org/winlibs-i686-posix-dwarf-gcc-14.3.0-mingw-w64msvcrt-12.0.0-r1.zip
404	146	96139901		https://sources.openwrt.org/winlibs-i686-posix-dwarf-gcc-14.3.0-mingw-w64ucrt-12.0.0-r1.7z
404	146	234364074		https://sources.openwrt.org/winlibs-i686-posix-dwarf-gcc-14.3.0-mingw-w64ucrt-12.0.0-r1.zip
404	146	103389508		https://sources.openwrt.org/winlibs-i686-posix-dwarf-gcc-15.1.0-mingw-w64msvcrt-12.0.0-r1.7z
404	146	260836590		https://sources.openwrt.org/winlibs-i686-posix-dwarf-gcc-15.1.0-mingw-w64msvcrt-12.0.0-r1.zip
404	146	104121599		https://sources.openwrt.org/winlibs-i686-posix-dwarf-gcc-15.1.0-mingw-w64msvcrt-13.0.0-r2.7z
404	146	262736450		https://sources.openwrt.org/winlibs-i686-posix-dwarf-gcc-15.1.0-mingw-w64msvcrt-13.0.0-r2.zip
404	146	104107423		https://sources.openwrt.org/winlibs-i686-posix-dwarf-gcc-15.1.0-mingw-w64msvcrt-13.0.0-r3.7z
404	146	262739629		https://sources.openwrt.org/winlibs-i686-posix-dwarf-gcc-15.1.0-mingw-w64msvcrt-13.0.0-r3.zip
404	146	104230391		https://sources.openwrt.org/winlibs-i686-posix-dwarf-gcc-15.1.0-mingw-w64msvcrt-13.0.0-r4.7z
404	146	262794390		https://sources.openwrt.org/winlibs-i686-posix-dwarf-gcc-15.1.0-mingw-w64msvcrt-13.0.0-r4.zip
404	146	103322262		https://sources.openwrt.org/winlibs-i686-posix-dwarf-gcc-15.1.0-mingw-w64ucrt-12.0.0-r1.7z
404	146	260472980		https://sources.openwrt.org/winlibs-i686-posix-dwarf-gcc-15.1.0-mingw-w64ucrt-12.0.0-r1.zip
404	146	103991928		https://sources.openwrt.org/winlibs-i686-posix-dwarf-gcc-15.1.0-mingw-w64ucrt-13.0.0-r2.7z
404	146	261966787		https://sources.openwrt.org/winlibs-i686-posix-dwarf-gcc-15.1.0-mingw-w64ucrt-13.0.0-r2.zip
404	146	103995973		https://sources.openwrt.org/winlibs-i686-posix-dwarf-gcc-15.1.0-mingw-w64ucrt-13.0.0-r3.7z
404	146	261967814		https://sources.openwrt.org/winlibs-i686-posix-dwarf-gcc-15.1.0-mingw-w64ucrt-13.0.0-r3.zip
404	146	104099349		https://sources.openwrt.org/winlibs-i686-posix-dwarf-gcc-15.1.0-mingw-w64ucrt-13.0.0-r4.7z
404	146	262047865		https://sources.openwrt.org/winlibs-i686-posix-dwarf-gcc-15.1.0-mingw-w64ucrt-13.0.0-r4.zip
404	146	104351823		https://sources.openwrt.org/winlibs-i686-posix-dwarf-gcc-15.2.0-mingw-w64msvcrt-13.0.0-r1.7z
404	146	263139076		https://sources.openwrt.org/winlibs-i686-posix-dwarf-gcc-15.2.0-mingw-w64msvcrt-13.0.0-r1.zip
404	146	104503724		https://sources.openwrt.org/winlibs-i686-posix-dwarf-gcc-15.2.0-mingw-w64msvcrt-13.0.0-r2.7z
404	146	263995871		https://sources.openwrt.org/winlibs-i686-posix-dwarf-gcc-15.2.0-mingw-w64msvcrt-13.0.0-r2.zip
404	146	104499672		https://sources.openwrt.org/winlibs-i686-posix-dwarf-gcc-15.2.0-mingw-w64msvcrt-13.0.0-r3.7z
404	146	263769120		https://sources.openwrt.org/winlibs-i686-posix-dwarf-gcc-15.2.0-mingw-w64msvcrt-13.0.0-r3.zip
404	146	104826253		https://sources.openwrt.org/winlibs-i686-posix-dwarf-gcc-15.2.0-mingw-w64msvcrt-13.0.0-r4.7z
404	146	264958201		https://sources.openwrt.org/winlibs-i686-posix-dwarf-gcc-15.2.0-mingw-w64msvcrt-13.0.0-r4.zip
404	146	104865919		https://sources.openwrt.org/winlibs-i686-posix-dwarf-gcc-15.2.0-mingw-w64msvcrt-13.0.0-r5.7z
404	146	265017746		https://sources.openwrt.org/winlibs-i686-posix-dwarf-gcc-15.2.0-mingw-w64msvcrt-13.0.0-r5.zip
404	146	105135795		https://sources.openwrt.org/winlibs-i686-posix-dwarf-gcc-15.2.0-mingw-w64msvcrt-13.0.0-r6.7z
404	146	266321411		https://sources.openwrt.org/winlibs-i686-posix-dwarf-gcc-15.2.0-mingw-w64msvcrt-13.0.0-r6.zip
404	146	105383937		https://sources.openwrt.org/winlibs-i686-posix-dwarf-gcc-15.2.0-mingw-w64msvcrt-14.0.0-r7.7z
404	146	267660403		https://sources.openwrt.org/winlibs-i686-posix-dwarf-gcc-15.2.0-mingw-w64msvcrt-14.0.0-r7.zip
404	146	104194029		https://sources.openwrt.org/winlibs-i686-posix-dwarf-gcc-15.2.0-mingw-w64ucrt-13.0.0-r1.7z
404	146	262401117		https://sources.openwrt.org/winlibs-i686-posix-dwarf-gcc-15.2.0-mingw-w64ucrt-13.0.0-r1.zip
404	146	104361712		https://sources.openwrt.org/winlibs-i686-posix-dwarf-gcc-15.2.0-mingw-w64ucrt-13.0.0-r2.7z
404	146	263246098		https://sources.openwrt.org/winlibs-i686-posix-dwarf-gcc-15.2.0-mingw-w64ucrt-13.0.0-r2.zip
404	146	98610776		https://sources.openwrt.org/winlibs-i686-posix-dwarf-gcc-15.2.0-mingw-w64ucrt-13.0.0-r3.7z
404	146	233100683		https://sources.openwrt.org/winlibs-i686-posix-dwarf-gcc-15.2.0-mingw-w64ucrt-13.0.0-r3.zip
404	146	104696075		https://sources.openwrt.org/winlibs-i686-posix-dwarf-gcc-15.2.0-mingw-w64ucrt-13.0.0-r4.7z
404	146	264237183		https://sources.openwrt.org/winlibs-i686-posix-dwarf-gcc-15.2.0-mingw-w64ucrt-13.0.0-r4.zip
404	146	104729157		https://sources.openwrt.org/winlibs-i686-posix-dwarf-gcc-15.2.0-mingw-w64ucrt-13.0.0-r5.7z
404	146	264268716		https://sources.openwrt.org/winlibs-i686-posix-dwarf-gcc-15.2.0-mingw-w64ucrt-13.0.0-r5.zip
404	146	105038722		https://sources.openwrt.org/winlibs-i686-posix-dwarf-gcc-15.2.0-mingw-w64ucrt-13.0.0-r6.7z
404	146	265533145		https://sources.openwrt.org/winlibs-i686-posix-dwarf-gcc-15.2.0-mingw-w64ucrt-13.0.0-r6.zip
404	146	105222103		https://sources.openwrt.org/winlibs-i686-posix-dwarf-gcc-15.2.0-mingw-w64ucrt-14.0.0-r7.7z
404	146	266856266		https://sources.openwrt.org/winlibs-i686-posix-dwarf-gcc-15.2.0-mingw-w64ucrt-14.0.0-r7.zip
404	146	106317316		https://sources.openwrt.org/winlibs-i686-posix-dwarf-gcc-15.3.0-mingw-w64msvcrt-14.0.0-r1.7z
404	146	269072102		https://sources.openwrt.org/winlibs-i686-posix-dwarf-gcc-15.3.0-mingw-w64msvcrt-14.0.0-r1.zip
404	146	105937974		https://sources.openwrt.org/winlibs-i686-posix-dwarf-gcc-15.3.0-mingw-w64ucrt-14.0.0-r1.7z
404	146	267597931		https://sources.openwrt.org/winlibs-i686-posix-dwarf-gcc-15.3.0-mingw-w64ucrt-14.0.0-r1.zip
404	146	110147465		https://sources.openwrt.org/winlibs-i686-posix-dwarf-gcc-16.1.0-mingw-w64msvcrt-14.0.0-r1.7z
404	146	279063904		https://sources.openwrt.org/winlibs-i686-posix-dwarf-gcc-16.1.0-mingw-w64msvcrt-14.0.0-r1.zip
404	146	73943650		https://sources.openwrt.org/winlibs-i686-posix-dwarf-gcc-9.5.0-mingw-w64msvcrt-10.0.0-r1.7z
404	146	164639599		https://sources.openwrt.org/winlibs-i686-posix-dwarf-gcc-9.5.0-mingw-w64msvcrt-10.0.0-r1.zip
404	146	96271506		https://sources.openwrt.org/winlibs-x86_64-mcf-seh-gcc-13.1.0-mingw-w64msvcrt-11.0.0-r1.7z
404	146	219640495		https://sources.openwrt.org/winlibs-x86_64-mcf-seh-gcc-13.1.0-mingw-w64msvcrt-11.0.0-r1.zip
404	146	96610465		https://sources.openwrt.org/winlibs-x86_64-mcf-seh-gcc-13.1.0-mingw-w64msvcrt-11.0.0-r3.7z
404	146	220715782		https://sources.openwrt.org/winlibs-x86_64-mcf-seh-gcc-13.1.0-mingw-w64msvcrt-11.0.0-r3.zip
404	146	93389379		https://sources.openwrt.org/winlibs-x86_64-mcf-seh-gcc-13.1.0-mingw-w64msvcrt-11.0.0-r5.7z
404	146	218445263		https://sources.openwrt.org/winlibs-x86_64-mcf-seh-gcc-13.1.0-mingw-w64msvcrt-11.0.0-r5.zip
404	146	96276144		https://sources.openwrt.org/winlibs-x86_64-mcf-seh-gcc-13.1.0-mingw-w64ucrt-11.0.0-r1.7z
404	146	219180706		https://sources.openwrt.org/winlibs-x86_64-mcf-seh-gcc-13.1.0-mingw-w64ucrt-11.0.0-r1.zip
404	146	96619217		https://sources.openwrt.org/winlibs-x86_64-mcf-seh-gcc-13.1.0-mingw-w64ucrt-11.0.0-r2.7z
404	146	220294953		https://sources.openwrt.org/winlibs-x86_64-mcf-seh-gcc-13.1.0-mingw-w64ucrt-11.0.0-r2.zip
404	146	96580513		https://sources.openwrt.org/winlibs-x86_64-mcf-seh-gcc-13.1.0-mingw-w64ucrt-11.0.0-r3.7z
404	146	220184392		https://sources.openwrt.org/winlibs-x86_64-mcf-seh-gcc-13.1.0-mingw-w64ucrt-11.0.0-r3.zip
404	146	93356792		https://sources.openwrt.org/winlibs-x86_64-mcf-seh-gcc-13.1.0-mingw-w64ucrt-11.0.0-r5.7z
404	146	217980104		https://sources.openwrt.org/winlibs-x86_64-mcf-seh-gcc-13.1.0-mingw-w64ucrt-11.0.0-r5.zip
404	146	93973142		https://sources.openwrt.org/winlibs-x86_64-mcf-seh-gcc-13.2.0-mingw-w64ucrt-11.0.0-r1.7z
404	146	219976940		https://sources.openwrt.org/winlibs-x86_64-mcf-seh-gcc-13.2.0-mingw-w64ucrt-11.0.0-r1.zip
404	146	93540205		https://sources.openwrt.org/winlibs-x86_64-mcf-seh-gcc-13.2.0-mingw-w64ucrt-11.0.1-r2.7z
404	146	218368191		https://sources.openwrt.org/winlibs-x86_64-mcf-seh-gcc-13.2.0-mingw-w64ucrt-11.0.1-r2.zip
404	146	95929716		https://sources.openwrt.org/winlibs-x86_64-mcf-seh-gcc-13.2.0-mingw-w64ucrt-11.0.1-r3.7z
404	146	221973177		https://sources.openwrt.org/winlibs-x86_64-mcf-seh-gcc-13.2.0-mingw-w64ucrt-11.0.1-r3.zip
404	146	102703868		https://sources.openwrt.org/winlibs-x86_64-mcf-seh-gcc-14.1.0-mingw-w64ucrt-11.0.1-r1.7z
404	146	239989678		https://sources.openwrt.org/winlibs-x86_64-mcf-seh-gcc-14.1.0-mingw-w64ucrt-11.0.1-r1.zip
404	146	104748205		https://sources.openwrt.org/winlibs-x86_64-mcf-seh-gcc-14.2.0-mingw-w64ucrt-12.0.0-r1.7z
404	146	245085225		https://sources.openwrt.org/winlibs-x86_64-mcf-seh-gcc-14.2.0-mingw-w64ucrt-12.0.0-r1.zip
404	146	104732646		https://sources.openwrt.org/winlibs-x86_64-mcf-seh-gcc-15.1.0-mingw-w64ucrt-12.0.0-r1.7z
404	146	261309857		https://sources.openwrt.org/winlibs-x86_64-mcf-seh-gcc-15.1.0-mingw-w64ucrt-12.0.0-r1.zip
404	146	106815454		https://sources.openwrt.org/winlibs-x86_64-mcf-seh-gcc-15.2.0-mingw-w64ucrt-13.0.0-r1.7z
404	146	266018287		https://sources.openwrt.org/winlibs-x86_64-mcf-seh-gcc-15.2.0-mingw-w64ucrt-13.0.0-r1.zip
404	146	109280055		https://sources.openwrt.org/winlibs-x86_64-mcf-seh-gcc-16.1.0-mingw-w64ucrt-14.0.0-r1.7z
404	146	272074025		https://sources.openwrt.org/winlibs-x86_64-mcf-seh-gcc-16.1.0-mingw-w64ucrt-14.0.0-r1.zip
404	146	82127668		https://sources.openwrt.org/winlibs-x86_64-posix-seh-gcc-10.4.0-mingw-w64msvcrt-10.0.0-r1.7z
404	146	183623535		https://sources.openwrt.org/winlibs-x86_64-posix-seh-gcc-10.4.0-mingw-w64msvcrt-10.0.0-r1.zip
404	146	88393392		https://sources.openwrt.org/winlibs-x86_64-posix-seh-gcc-10.5.0-mingw-w64msvcrt-11.0.1-r1.7z
404	146	204761998		https://sources.openwrt.org/winlibs-x86_64-posix-seh-gcc-10.5.0-mingw-w64msvcrt-11.0.1-r1.zip
404	146	88431815		https://sources.openwrt.org/winlibs-x86_64-posix-seh-gcc-10.5.0-mingw-w64msvcrt-11.0.1-r2.7z
404	146	204089825		https://sources.openwrt.org/winlibs-x86_64-posix-seh-gcc-10.5.0-mingw-w64msvcrt-11.0.1-r2.zip
404	146	80996621		https://sources.openwrt.org/winlibs-x86_64-posix-seh-gcc-11.2.0-mingw-w64msvcrt-10.0.0-r1.7z
404	146	186686552		https://sources.openwrt.org/winlibs-x86_64-posix-seh-gcc-11.2.0-mingw-w64msvcrt-10.0.0-r1.zip
404	146	80862765		https://sources.openwrt.org/winlibs-x86_64-posix-seh-gcc-11.2.0-mingw-w64msvcrt-9.0.0-r7.7z
404	146	186500522		https://sources.openwrt.org/winlibs-x86_64-posix-seh-gcc-11.2.0-mingw-w64msvcrt-9.0.0-r7.zip
404	146	81015994		https://sources.openwrt.org/winlibs-x86_64-posix-seh-gcc-11.2.0-mingw-w64ucrt-10.0.0-r1.7z
404	146	186491167		https://sources.openwrt.org/winlibs-x86_64-posix-seh-gcc-11.2.0-mingw-w64ucrt-10.0.0-r1.zip
404	146	66906176		https://sources.openwrt.org/winlibs-x86_64-posix-seh-gcc-11.2.0-mingw-w64ucrt-9.0.0-r1.7z
404	146	173316762		https://sources.openwrt.org/winlibs-x86_64-posix-seh-gcc-11.2.0-mingw-w64ucrt-9.0.0-r1.zip
404	146	66452303		https://sources.openwrt.org/winlibs-x86_64-posix-seh-gcc-11.2.0-mingw-w64ucrt-9.0.0-r2.7z
404	146	172849289		https://sources.openwrt.org/winlibs-x86_64-posix-seh-gcc-11.2.0-mingw-w64ucrt-9.0.0-r2.zip
404	146	82541333		https://sources.openwrt.org/winlibs-x86_64-posix-seh-gcc-11.2.0-mingw-w64ucrt-9.0.0-r3.7z
404	146	195363651		https://sources.openwrt.org/winlibs-x86_64-posix-seh-gcc-11.2.0-mingw-w64ucrt-9.0.0-r3.zip
404	146	83001090		https://sources.openwrt.org/winlibs-x86_64-posix-seh-gcc-11.2.0-mingw-w64ucrt-9.0.0-r4.7z
404	146	196616013		https://sources.openwrt.org/winlibs-x86_64-posix-seh-gcc-11.2.0-mingw-w64ucrt-9.0.0-r4.zip
404	146	80933850		https://sources.openwrt.org/winlibs-x86_64-posix-seh-gcc-11.2.0-mingw-w64ucrt-9.0.0-r5.7z
404	146	186299275		https://sources.openwrt.org/winlibs-x86_64-posix-seh-gcc-11.2.0-mingw-w64ucrt-9.0.0-r5.zip
404	146	80924882		https://sources.openwrt.org/winlibs-x86_64-posix-seh-gcc-11.2.0-mingw-w64ucrt-9.0.0-r7.7z
404	146	186312921		https://sources.openwrt.org/winlibs-x86_64-posix-seh-gcc-11.2.0-mingw-w64ucrt-9.0.0-r7.zip
404	146	81022044		https://sources.openwrt.org/winlibs-x86_64-posix-seh-gcc-11.3.0-mingw-w64msvcrt-10.0.0-r1.7z
404	146	186767531		https://sources.openwrt.org/winlibs-x86_64-posix-seh-gcc-11.3.0-mingw-w64msvcrt-10.0.0-r1.zip
404	146	81025393		https://sources.openwrt.org/winlibs-x86_64-posix-seh-gcc-11.3.0-mingw-w64msvcrt-10.0.0-r2.7z
404	146	186767760		https://sources.openwrt.org/winlibs-x86_64-posix-seh-gcc-11.3.0-mingw-w64msvcrt-10.0.0-r2.zip
404	146	81039293		https://sources.openwrt.org/winlibs-x86_64-posix-seh-gcc-11.3.0-mingw-w64msvcrt-10.0.0-r3.7z
404	146	186762772		https://sources.openwrt.org/winlibs-x86_64-posix-seh-gcc-11.3.0-mingw-w64msvcrt-10.0.0-r3.zip
404	146	81062006		https://sources.openwrt.org/winlibs-x86_64-posix-seh-gcc-11.3.0-mingw-w64ucrt-10.0.0-r1.7z
404	146	186570295		https://sources.openwrt.org/winlibs-x86_64-posix-seh-gcc-11.3.0-mingw-w64ucrt-10.0.0-r1.zip
404	146	81050606		https://sources.openwrt.org/winlibs-x86_64-posix-seh-gcc-11.3.0-mingw-w64ucrt-10.0.0-r2.7z
404	146	186568896		https://sources.openwrt.org/winlibs-x86_64-posix-seh-gcc-11.3.0-mingw-w64ucrt-10.0.0-r2.zip
404	146	81060744		https://sources.openwrt.org/winlibs-x86_64-posix-seh-gcc-11.3.0-mingw-w64ucrt-10.0.0-r3.7z
404	146	186567248		https://sources.openwrt.org/winlibs-x86_64-posix-seh-gcc-11.3.0-mingw-w64ucrt-10.0.0-r3.zip
404	146	92564337		https://sources.openwrt.org/winlibs-x86_64-posix-seh-gcc-11.4.0-mingw-w64msvcrt-11.0.0-r1.7z
404	146	218310495		https://sources.openwrt.org/winlibs-x86_64-posix-seh-gcc-11.4.0-mingw-w64msvcrt-11.0.0-r1.zip
404	146	92506216		https://sources.openwrt.org/winlibs-x86_64-posix-seh-gcc-11.4.0-mingw-w64ucrt-11.0.0-r1.7z
404	146	217843057		https://sources.openwrt.org/winlibs-x86_64-posix-seh-gcc-11.4.0-mingw-w64ucrt-11.0.0-r1.zip
404	146	104854313		https://sources.openwrt.org/winlibs-x86_64-posix-seh-gcc-11.5.0-mingw-w64msvcrt-12.0.0-r1.7z
404	146	236028401		https://sources.openwrt.org/winlibs-x86_64-posix-seh-gcc-11.5.0-mingw-w64msvcrt-12.0.0-r1.zip
404	146	104888162		https://sources.openwrt.org/winlibs-x86_64-posix-seh-gcc-11.5.0-mingw-w64ucrt-12.0.0-r1.7z
404	146	235692002		https://sources.openwrt.org/winlibs-x86_64-posix-seh-gcc-11.5.0-mingw-w64ucrt-12.0.0-r1.zip
404	146	84829107		https://sources.openwrt.org/winlibs-x86_64-posix-seh-gcc-12.1.0-mingw-w64msvcrt-10.0.0-r1.7z
404	146	198304249		https://sources.openwrt.org/winlibs-x86_64-posix-seh-gcc-12.1.0-mingw-w64msvcrt-10.0.0-r1.zip
404	146	84836856		https://sources.openwrt.org/winlibs-x86_64-posix-seh-gcc-12.1.0-mingw-w64msvcrt-10.0.0-r2.7z
404	146	198412379		https://sources.openwrt.org/winlibs-x86_64-posix-seh-gcc-12.1.0-mingw-w64msvcrt-10.0.0-r2.zip
404	146	84957080		https://sources.openwrt.org/winlibs-x86_64-posix-seh-gcc-12.1.0-mingw-w64msvcrt-10.0.0-r3.7z
404	146	198549770		https://sources.openwrt.org/winlibs-x86_64-posix-seh-gcc-12.1.0-mingw-w64msvcrt-10.0.0-r3.zip
404	146	93732168		https://sources.openwrt.org/winlibs-x86_64-posix-seh-gcc-12.1.0-mingw-w64ucrt-10.0.0-r2.7z
404	146	209303785		https://sources.openwrt.org/winlibs-x86_64-posix-seh-gcc-12.1.0-mingw-w64ucrt-10.0.0-r2.zip
404	146	93173937		https://sources.openwrt.org/winlibs-x86_64-posix-seh-gcc-12.1.0-mingw-w64ucrt-10.0.0-r3.7z
404	146	208612121		https://sources.openwrt.org/winlibs-x86_64-posix-seh-gcc-12.1.0-mingw-w64ucrt-10.0.0-r3.zip
404	146	93135474		https://sources.openwrt.org/winlibs-x86_64-posix-seh-gcc-12.2.0-mingw-w64msvcrt-10.0.0-r1.7z
404	146	208901506		https://sources.openwrt.org/winlibs-x86_64-posix-seh-gcc-12.2.0-mingw-w64msvcrt-10.0.0-r1.zip
404	146	93262284		https://sources.openwrt.org/winlibs-x86_64-posix-seh-gcc-12.2.0-mingw-w64msvcrt-10.0.0-r2.7z
404	146	209025764		https://sources.openwrt.org/winlibs-x86_64-posix-seh-gcc-12.2.0-mingw-w64msvcrt-10.0.0-r2.zip
404	146	109266761		https://sources.openwrt.org/winlibs-x86_64-posix-seh-gcc-12.2.0-mingw-w64msvcrt-10.0.0-r3.7z
404	146	281517565		https://sources.openwrt.org/winlibs-x86_64-posix-seh-gcc-12.2.0-mingw-w64msvcrt-10.0.0-r3.zip
404	146	106676989		https://sources.openwrt.org/winlibs-x86_64-posix-seh-gcc-12.2.0-mingw-w64msvcrt-10.0.0-r4.7z
404	146	238086426		https://sources.openwrt.org/winlibs-x86_64-posix-seh-gcc-12.2.0-mingw-w64msvcrt-10.0.0-r4.zip
404	146	106443380		https://sources.openwrt.org/winlibs-x86_64-posix-seh-gcc-12.2.0-mingw-w64msvcrt-10.0.0-r5.7z
404	146	238245691		https://sources.openwrt.org/winlibs-x86_64-posix-seh-gcc-12.2.0-mingw-w64msvcrt-10.0.0-r5.zip
404	146	93709543		https://sources.openwrt.org/winlibs-x86_64-posix-seh-gcc-12.2.0-mingw-w64ucrt-10.0.0-r1.7z
404	146	209401682		https://sources.openwrt.org/winlibs-x86_64-posix-seh-gcc-12.2.0-mingw-w64ucrt-10.0.0-r1.zip
404	146	93243505		https://sources.openwrt.org/winlibs-x86_64-posix-seh-gcc-12.2.0-mingw-w64ucrt-10.0.0-r2.7z
404	146	208771755		https://sources.openwrt.org/winlibs-x86_64-posix-seh-gcc-12.2.0-mingw-w64ucrt-10.0.0-r2.zip
404	146	109281897		https://sources.openwrt.org/winlibs-x86_64-posix-seh-gcc-12.2.0-mingw-w64ucrt-10.0.0-r3.7z
404	146	281186694		https://sources.openwrt.org/winlibs-x86_64-posix-seh-gcc-12.2.0-mingw-w64ucrt-10.0.0-r3.zip
404	146	106568701		https://sources.openwrt.org/winlibs-x86_64-posix-seh-gcc-12.2.0-mingw-w64ucrt-10.0.0-r4.7z
404	146	237582335		https://sources.openwrt.org/winlibs-x86_64-posix-seh-gcc-12.2.0-mingw-w64ucrt-10.0.0-r4.zip
404	146	106456846		https://sources.openwrt.org/winlibs-x86_64-posix-seh-gcc-12.2.0-mingw-w64ucrt-10.0.0-r5.7z
404	146	237783800		https://sources.openwrt.org/winlibs-x86_64-posix-seh-gcc-12.2.0-mingw-w64ucrt-10.0.0-r5.zip
404	146	101595962		https://sources.openwrt.org/winlibs-x86_64-posix-seh-gcc-12.3.0-mingw-w64msvcrt-11.0.0-r1.7z
404	146	228886504		https://sources.openwrt.org/winlibs-x86_64-posix-seh-gcc-12.3.0-mingw-w64msvcrt-11.0.0-r1.zip
404	146	101518265		https://sources.openwrt.org/winlibs-x86_64-posix-seh-gcc-12.3.0-mingw-w64ucrt-11.0.0-r1.7z
404	146	228496120		https://sources.openwrt.org/winlibs-x86_64-posix-seh-gcc-12.3.0-mingw-w64ucrt-11.0.0-r1.zip
404	146	105867202		https://sources.openwrt.org/winlibs-x86_64-posix-seh-gcc-12.4.0-mingw-w64msvcrt-12.0.0-r1.7z
404	146	237015459		https://sources.openwrt.org/winlibs-x86_64-posix-seh-gcc-12.4.0-mingw-w64msvcrt-12.0.0-r1.zip
404	146	105814709		https://sources.openwrt.org/winlibs-x86_64-posix-seh-gcc-12.4.0-mingw-w64ucrt-12.0.0-r1.7z
404	146	236557973		https://sources.openwrt.org/winlibs-x86_64-posix-seh-gcc-12.4.0-mingw-w64ucrt-12.0.0-r1.zip
404	146	96032356		https://sources.openwrt.org/winlibs-x86_64-posix-seh-gcc-13.1.0-mingw-w64msvcrt-11.0.0-r1.7z
404	146	219237713		https://sources.openwrt.org/winlibs-x86_64-posix-seh-gcc-13.1.0-mingw-w64msvcrt-11.0.0-r1.zip
404	146	96579106		https://sources.openwrt.org/winlibs-x86_64-posix-seh-gcc-13.1.0-mingw-w64msvcrt-11.0.0-r4.7z
404	146	220662033		https://sources.openwrt.org/winlibs-x86_64-posix-seh-gcc-13.1.0-mingw-w64msvcrt-11.0.0-r4.zip
404	146	93509489		https://sources.openwrt.org/winlibs-x86_64-posix-seh-gcc-13.1.0-mingw-w64msvcrt-11.0.0-r5.7z
404	146	218878679		https://sources.openwrt.org/winlibs-x86_64-posix-seh-gcc-13.1.0-mingw-w64msvcrt-11.0.0-r5.zip
404	146	96061568		https://sources.openwrt.org/winlibs-x86_64-posix-seh-gcc-13.1.0-mingw-w64ucrt-11.0.0-r1.7z
404	146	218787200		https://sources.openwrt.org/winlibs-x86_64-posix-seh-gcc-13.1.0-mingw-w64ucrt-11.0.0-r1.zip
404	146	96574822		https://sources.openwrt.org/winlibs-x86_64-posix-seh-gcc-13.1.0-mingw-w64ucrt-11.0.0-r4.7z
404	146	220206485		https://sources.openwrt.org/winlibs-x86_64-posix-seh-gcc-13.1.0-mingw-w64ucrt-11.0.0-r4.zip
404	146	93362052		https://sources.openwrt.org/winlibs-x86_64-posix-seh-gcc-13.1.0-mingw-w64ucrt-11.0.0-r5.7z
404	146	218276020		https://sources.openwrt.org/winlibs-x86_64-posix-seh-gcc-13.1.0-mingw-w64ucrt-11.0.0-r5.zip
404	146	93545428		https://sources.openwrt.org/winlibs-x86_64-posix-seh-gcc-13.2.0-mingw-w64msvcrt-11.0.1-r1.7z
404	146	218881574		https://sources.openwrt.org/winlibs-x86_64-posix-seh-gcc-13.2.0-mingw-w64msvcrt-11.0.1-r1.zip
404	146	95996917		https://sources.openwrt.org/winlibs-x86_64-posix-seh-gcc-13.2.0-mingw-w64msvcrt-11.0.1-r2.7z
404	146	222567523		https://sources.openwrt.org/winlibs-x86_64-posix-seh-gcc-13.2.0-mingw-w64msvcrt-11.0.1-r2.zip
404	146	96029963		https://sources.openwrt.org/winlibs-x86_64-posix-seh-gcc-13.2.0-mingw-w64msvcrt-11.0.1-r3.7z
404	146	222308030		https://sources.openwrt.org/winlibs-x86_64-posix-seh-gcc-13.2.0-mingw-w64msvcrt-11.0.1-r3.zip
404	146	96108630		https://sources.openwrt.org/winlibs-x86_64-posix-seh-gcc-13.2.0-mingw-w64msvcrt-11.0.1-r4.7z
404	146	222486099		https://sources.openwrt.org/winlibs-x86_64-posix-seh-gcc-13.2.0-mingw-w64msvcrt-11.0.1-r4.zip
404	146	96245652		https://sources.openwrt.org/winlibs-x86_64-posix-seh-gcc-13.2.0-mingw-w64msvcrt-11.0.1-r5.7z
404	146	222828150		https://sources.openwrt.org/winlibs-x86_64-posix-seh-gcc-13.2.0-mingw-w64msvcrt-11.0.1-r5.zip
404	146	96171861		https://sources.openwrt.org/winlibs-x86_64-posix-seh-gcc-13.2.0-mingw-w64msvcrt-11.0.1-r6.7z
404	146	222652409		https://sources.openwrt.org/winlibs-x86_64-posix-seh-gcc-13.2.0-mingw-w64msvcrt-11.0.1-r6.zip
404	146	98359166		https://sources.openwrt.org/winlibs-x86_64-posix-seh-gcc-13.2.0-mingw-w64msvcrt-11.0.1-r7.7z
404	146	226168644		https://sources.openwrt.org/winlibs-x86_64-posix-seh-gcc-13.2.0-mingw-w64msvcrt-11.0.1-r7.zip
404	146	98417643		https://sources.openwrt.org/winlibs-x86_64-posix-seh-gcc-13.2.0-mingw-w64msvcrt-11.0.1-r8.7z
404	146	226337266		https://sources.openwrt.org/winlibs-x86_64-posix-seh-gcc-13.2.0-mingw-w64msvcrt-11.0.1-r8.zip
404	146	93928772		https://sources.openwrt.org/winlibs-x86_64-posix-seh-gcc-13.2.0-mingw-w64ucrt-11.0.0-r1.7z
404	146	219917660		https://sources.openwrt.org/winlibs-x86_64-posix-seh-gcc-13.2.0-mingw-w64ucrt-11.0.0-r1.zip
404	146	95947082		https://sources.openwrt.org/winlibs-x86_64-posix-seh-gcc-13.2.0-mingw-w64ucrt-11.0.1-r3.7z
404	146	222147082		https://sources.openwrt.org/winlibs-x86_64-posix-seh-gcc-13.2.0-mingw-w64ucrt-11.0.1-r3.zip
404	146	96028098		https://sources.openwrt.org/winlibs-x86_64-posix-seh-gcc-13.2.0-mingw-w64ucrt-11.0.1-r4.7z
404	146	222024256		https://sources.openwrt.org/winlibs-x86_64-posix-seh-gcc-13.2.0-mingw-w64ucrt-11.0.1-r4.zip
404	146	96187254		https://sources.openwrt.org/winlibs-x86_64-posix-seh-gcc-13.2.0-mingw-w64ucrt-11.0.1-r5.7z
404	146	222439688		https://sources.openwrt.org/winlibs-x86_64-posix-seh-gcc-13.2.0-mingw-w64ucrt-11.0.1-r5.zip
404	146	98313786		https://sources.openwrt.org/winlibs-x86_64-posix-seh-gcc-13.2.0-mingw-w64ucrt-11.0.1-r7.7z
404	146	225869222		https://sources.openwrt.org/winlibs-x86_64-posix-seh-gcc-13.2.0-mingw-w64ucrt-11.0.1-r7.zip
404	146	98400576		https://sources.openwrt.org/winlibs-x86_64-posix-seh-gcc-13.2.0-mingw-w64ucrt-11.0.1-r8.7z
404	146	225908894		https://sources.openwrt.org/winlibs-x86_64-posix-seh-gcc-13.2.0-mingw-w64ucrt-11.0.1-r8.zip
404	146	99330306		https://sources.openwrt.org/winlibs-x86_64-posix-seh-gcc-13.3.0-mingw-w64msvcrt-11.0.1-r1.7z
404	146	227638510		https://sources.openwrt.org/winlibs-x86_64-posix-seh-gcc-13.3.0-mingw-w64msvcrt-11.0.1-r1.zip
404	146	99383684		https://sources.openwrt.org/winlibs-x86_64-posix-seh-gcc-13.3.0-mingw-w64ucrt-11.0.1-r1.7z
404	146	227250141		https://sources.openwrt.org/winlibs-x86_64-posix-seh-gcc-13.3.0-mingw-w64ucrt-11.0.1-r1.zip
404	146	102857426		https://sources.openwrt.org/winlibs-x86_64-posix-seh-gcc-14.1.0-mingw-w64msvcrt-11.0.1-r1.7z
404	146	241488910		https://sources.openwrt.org/winlibs-x86_64-posix-seh-gcc-14.1.0-mingw-w64msvcrt-11.0.1-r1.zip
404	146	103914941		https://sources.openwrt.org/winlibs-x86_64-posix-seh-gcc-14.1.0-mingw-w64msvcrt-12.0.0-r2.7z
404	146	243748360		https://sources.openwrt.org/winlibs-x86_64-posix-seh-gcc-14.1.0-mingw-w64msvcrt-12.0.0-r2.zip
404	146	104000134		https://sources.openwrt.org/winlibs-x86_64-posix-seh-gcc-14.1.0-mingw-w64msvcrt-12.0.0-r3.7z
404	146	244189198		https://sources.openwrt.org/winlibs-x86_64-posix-seh-gcc-14.1.0-mingw-w64msvcrt-12.0.0-r3.zip
404	146	102883987		https://sources.openwrt.org/winlibs-x86_64-posix-seh-gcc-14.1.0-mingw-w64ucrt-11.0.1-r1.7z
404	146	241042597		https://sources.openwrt.org/winlibs-x86_64-posix-seh-gcc-14.1.0-mingw-w64ucrt-11.0.1-r1.zip
404	146	103728587		https://sources.openwrt.org/winlibs-x86_64-posix-seh-gcc-14.1.0-mingw-w64ucrt-12.0.0-r2.7z
404	146	243179654		https://sources.openwrt.org/winlibs-x86_64-posix-seh-gcc-14.1.0-mingw-w64ucrt-12.0.0-r2.zip
404	146	103942725		https://sources.openwrt.org/winlibs-x86_64-posix-seh-gcc-14.1.0-mingw-w64ucrt-12.0.0-r3.7z
404	146	243717724		https://sources.openwrt.org/winlibs-x86_64-posix-seh-gcc-14.1.0-mingw-w64ucrt-12.0.0-r3.zip
404	146	104215892		https://sources.openwrt.org/winlibs-x86_64-posix-seh-gcc-14.2.0-mingw-w64msvcrt-12.0.0-r1.7z
404	146	244837335		https://sources.openwrt.org/winlibs-x86_64-posix-seh-gcc-14.2.0-mingw-w64msvcrt-12.0.0-r1.zip
404	146	104319329		https://sources.openwrt.org/winlibs-x86_64-posix-seh-gcc-14.2.0-mingw-w64msvcrt-12.0.0-r2.7z
404	146	244969976		https://sources.openwrt.org/winlibs-x86_64-posix-seh-gcc-14.2.0-mingw-w64msvcrt-12.0.0-r2.zip
404	146	101307416		https://sources.openwrt.org/winlibs-x86_64-posix-seh-gcc-14.2.0-mingw-w64msvcrt-12.0.0-r3.7z
404	146	247295063		https://sources.openwrt.org/winlibs-x86_64-posix-seh-gcc-14.2.0-mingw-w64msvcrt-12.0.0-r3.zip
404	146	104126293		https://sources.openwrt.org/winlibs-x86_64-posix-seh-gcc-14.2.0-mingw-w64ucrt-12.0.0-r1.7z
404	146	244360201		https://sources.openwrt.org/winlibs-x86_64-posix-seh-gcc-14.2.0-mingw-w64ucrt-12.0.0-r1.zip
404	146	104255184		https://sources.openwrt.org/winlibs-x86_64-posix-seh-gcc-14.2.0-mingw-w64ucrt-12.0.0-r2.7z
404	146	244502971		https://sources.openwrt.org/winlibs-x86_64-posix-seh-gcc-14.2.0-mingw-w64ucrt-12.0.0-r2.zip
404	146	101317610		https://sources.openwrt.org/winlibs-x86_64-posix-seh-gcc-14.2.0-mingw-w64ucrt-12.0.0-r3.7z
404	146	246962421		https://sources.openwrt.org/winlibs-x86_64-posix-seh-gcc-14.2.0-mingw-w64ucrt-12.0.0-r3.zip
404	146	102358608		https://sources.openwrt.org/winlibs-x86_64-posix-seh-gcc-14.3.0-mingw-w64msvcrt-12.0.0-r1.7z
404	146	244236121		https://sources.openwrt.org/winlibs-x86_64-posix-seh-gcc-14.3.0-mingw-w64msvcrt-12.0.0-r1.zip
404	146	102079676		https://sources.openwrt.org/winlibs-x86_64-posix-seh-gcc-14.3.0-mingw-w64ucrt-12.0.0-r1.7z
404	146	243665819		https://sources.openwrt.org/winlibs-x86_64-posix-seh-gcc-14.3.0-mingw-w64ucrt-12.0.0-r1.zip
404	146	104916329		https://sources.openwrt.org/winlibs-x86_64-posix-seh-gcc-15.1.0-mingw-w64msvcrt-12.0.0-r1.7z
404	146	262224433		https://sources.openwrt.org/winlibs-x86_64-posix-seh-gcc-15.1.0-mingw-w64msvcrt-12.0.0-r1.zip
404	146	105626282		https://sources.openwrt.org/winlibs-x86_64-posix-seh-gcc-15.1.0-mingw-w64msvcrt-13.0.0-r2.7z
404	146	263433183		https://sources.openwrt.org/winlibs-x86_64-posix-seh-gcc-15.1.0-mingw-w64msvcrt-13.0.0-r2.zip
404	146	105627829		https://sources.openwrt.org/winlibs-x86_64-posix-seh-gcc-15.1.0-mingw-w64msvcrt-13.0.0-r3.7z
404	146	263446576		https://sources.openwrt.org/winlibs-x86_64-posix-seh-gcc-15.1.0-mingw-w64msvcrt-13.0.0-r3.zip
404	146	105802887		https://sources.openwrt.org/winlibs-x86_64-posix-seh-gcc-15.1.0-mingw-w64msvcrt-13.0.0-r4.7z
404	146	263607901		https://sources.openwrt.org/winlibs-x86_64-posix-seh-gcc-15.1.0-mingw-w64msvcrt-13.0.0-r4.zip
404	146	104977525		https://sources.openwrt.org/winlibs-x86_64-posix-seh-gcc-15.1.0-mingw-w64ucrt-12.0.0-r1.7z
404	146	261808720		https://sources.openwrt.org/winlibs-x86_64-posix-seh-gcc-15.1.0-mingw-w64ucrt-12.0.0-r1.zip
404	146	105477572		https://sources.openwrt.org/winlibs-x86_64-posix-seh-gcc-15.1.0-mingw-w64ucrt-13.0.0-r2.7z
404	146	262713517		https://sources.openwrt.org/winlibs-x86_64-posix-seh-gcc-15.1.0-mingw-w64ucrt-13.0.0-r2.zip
404	146	105527241		https://sources.openwrt.org/winlibs-x86_64-posix-seh-gcc-15.1.0-mingw-w64ucrt-13.0.0-r3.7z
404	146	262736227		https://sources.openwrt.org/winlibs-x86_64-posix-seh-gcc-15.1.0-mingw-w64ucrt-13.0.0-r3.zip
404	146	105666144		https://sources.openwrt.org/winlibs-x86_64-posix-seh-gcc-15.1.0-mingw-w64ucrt-13.0.0-r4.7z
404	146	262910163		https://sources.openwrt.org/winlibs-x86_64-posix-seh-gcc-15.1.0-mingw-w64ucrt-13.0.0-r4.zip
404	146	105872783		https://sources.openwrt.org/winlibs-x86_64-posix-seh-gcc-15.2.0-mingw-w64msvcrt-13.0.0-r1.7z
404	146	263840967		https://sources.openwrt.org/winlibs-x86_64-posix-seh-gcc-15.2.0-mingw-w64msvcrt-13.0.0-r1.zip
404	146	106011189		https://sources.openwrt.org/winlibs-x86_64-posix-seh-gcc-15.2.0-mingw-w64msvcrt-13.0.0-r2.7z
404	146	264693809		https://sources.openwrt.org/winlibs-x86_64-posix-seh-gcc-15.2.0-mingw-w64msvcrt-13.0.0-r2.zip
404	146	106020386		https://sources.openwrt.org/winlibs-x86_64-posix-seh-gcc-15.2.0-mingw-w64msvcrt-13.0.0-r3.7z
404	146	264529348		https://sources.openwrt.org/winlibs-x86_64-posix-seh-gcc-15.2.0-mingw-w64msvcrt-13.0.0-r3.zip
404	146	106478235		https://sources.openwrt.org/winlibs-x86_64-posix-seh-gcc-15.2.0-mingw-w64msvcrt-13.0.0-r4.7z
404	146	265742681		https://sources.openwrt.org/winlibs-x86_64-posix-seh-gcc-15.2.0-mingw-w64msvcrt-13.0.0-r4.zip
404	146	106587699		https://sources.openwrt.org/winlibs-x86_64-posix-seh-gcc-15.2.0-mingw-w64msvcrt-13.0.0-r5.7z
404	146	265851375		https://sources.openwrt.org/winlibs-x86_64-posix-seh-gcc-15.2.0-mingw-w64msvcrt-13.0.0-r5.zip
404	146	106998682		https://sources.openwrt.org/winlibs-x86_64-posix-seh-gcc-15.2.0-mingw-w64msvcrt-13.0.0-r6.7z
404	146	267135426		https://sources.openwrt.org/winlibs-x86_64-posix-seh-gcc-15.2.0-mingw-w64msvcrt-13.0.0-r6.zip
404	146	107371327		https://sources.openwrt.org/winlibs-x86_64-posix-seh-gcc-15.2.0-mingw-w64msvcrt-14.0.0-r7.7z
404	146	268317266		https://sources.openwrt.org/winlibs-x86_64-posix-seh-gcc-15.2.0-mingw-w64msvcrt-14.0.0-r7.zip
404	146	105792043		https://sources.openwrt.org/winlibs-x86_64-posix-seh-gcc-15.2.0-mingw-w64ucrt-13.0.0-r1.7z
404	146	263160137		https://sources.openwrt.org/winlibs-x86_64-posix-seh-gcc-15.2.0-mingw-w64ucrt-13.0.0-r1.zip
404	146	105929613		https://sources.openwrt.org/winlibs-x86_64-posix-seh-gcc-15.2.0-mingw-w64ucrt-13.0.0-r2.7z
404	146	264007421		https://sources.openwrt.org/winlibs-x86_64-posix-seh-gcc-15.2.0-mingw-w64ucrt-13.0.0-r2.zip
404	146	105961808		https://sources.openwrt.org/winlibs-x86_64-posix-seh-gcc-15.2.0-mingw-w64ucrt-13.0.0-r3.7z
404	146	263835438		https://sources.openwrt.org/winlibs-x86_64-posix-seh-gcc-15.2.0-mingw-w64ucrt-13.0.0-r3.zip
404	146	106395011		https://sources.openwrt.org/winlibs-x86_64-posix-seh-gcc-15.2.0-mingw-w64ucrt-13.0.0-r4.7z
404	146	265050288		https://sources.openwrt.org/winlibs-x86_64-posix-seh-gcc-15.2.0-mingw-w64ucrt-13.0.0-r4.zip
404	146	106344183		https://sources.openwrt.org/winlibs-x86_64-posix-seh-gcc-15.2.0-mingw-w64ucrt-13.0.0-r5.7z
404	146	265160987		https://sources.openwrt.org/winlibs-x86_64-posix-seh-gcc-15.2.0-mingw-w64ucrt-13.0.0-r5.zip
404	146	106817444		https://sources.openwrt.org/winlibs-x86_64-posix-seh-gcc-15.2.0-mingw-w64ucrt-13.0.0-r6.7z
404	146	266321520		https://sources.openwrt.org/winlibs-x86_64-posix-seh-gcc-15.2.0-mingw-w64ucrt-13.0.0-r6.zip
404	146	107333866		https://sources.openwrt.org/winlibs-x86_64-posix-seh-gcc-15.2.0-mingw-w64ucrt-14.0.0-r7.7z
404	146	267593703		https://sources.openwrt.org/winlibs-x86_64-posix-seh-gcc-15.2.0-mingw-w64ucrt-14.0.0-r7.zip
404	146	107615344		https://sources.openwrt.org/winlibs-x86_64-posix-seh-gcc-15.3.0-mingw-w64msvcrt-14.0.0-r1.7z
404	146	268676010		https://sources.openwrt.org/winlibs-x86_64-posix-seh-gcc-15.3.0-mingw-w64msvcrt-14.0.0-r1.zip
404	146	107278369		https://sources.openwrt.org/winlibs-x86_64-posix-seh-gcc-15.3.0-mingw-w64ucrt-14.0.0-r1.7z
404	146	267618143		https://sources.openwrt.org/winlibs-x86_64-posix-seh-gcc-15.3.0-mingw-w64ucrt-14.0.0-r1.zip
404	146	109135227		https://sources.openwrt.org/winlibs-x86_64-posix-seh-gcc-16.1.0-mingw-w64msvcrt-14.0.0-r1.7z
404	146	272575610		https://sources.openwrt.org/winlibs-x86_64-posix-seh-gcc-16.1.0-mingw-w64msvcrt-14.0.0-r1.zip
404	146	76497767		https://sources.openwrt.org/winlibs-x86_64-posix-seh-gcc-9.5.0-mingw-w64msvcrt-10.0.0-r1.7z
404	146	166455131		https://sources.openwrt.org/winlibs-x86_64-posix-seh-gcc-9.5.0-mingw-w64msvcrt-10.0.0-r1.zip
404	146	104639353		https://sources.openwrt.org/winlibs-x86_64-win32-seh-gcc-14.2.0-mingw-w64msvcrt-12.0.0-r1.7z
404	146	245777965		https://sources.openwrt.org/winlibs-x86_64-win32-seh-gcc-14.2.0-mingw-w64msvcrt-12.0.0-r1.zip
404	146	None		https://sources.openwrt.org/bogus-file-xyz123.tar.xz
